condition,seed,rate_ms,zeroed,ep_seed,win,draw,steps,n_messages,window_open_frac
A,2,250,0,5200008,1,0,72,15,1.0
A,2,250,0,5200009,1,0,91,19,0.7368421052631579
A,2,250,0,5200010,1,0,97,20,1.0
A,2,250,0,5200011,1,0,119,24,0.9583333333333334
A,2,250,0,5200012,1,0,74,15,0.9333333333333333
A,2,250,0,5200013,1,0,161,33,0.8484848484848485
A,2,250,0,5200014,1,0,104,21,0.9523809523809523
A,2,250,0,5200015,1,0,79,16,0.75
A,2,250,0,5200024,1,0,129,26,0.6923076923076923
A,2,250,0,5200025,1,0,130,26,0.6923076923076923
A,2,250,0,5200026,1,0,117,24,0.875
A,2,250,0,5200027,1,0,98,20,1.0
A,2,250,0,5200000,1,0,149,30,0.9666666666666667
A,2,250,0,5200001,1,0,118,24,0.9583333333333334
A,2,250,0,5200002,1,0,111,23,0.9130434782608695
A,2,250,0,5200003,1,0,92,19,0.631578947368421
A,2,250,0,5200020,1,0,121,25,1.0
A,2,250,0,5200021,1,0,113,23,0.9565217391304348
A,2,250,0,5200022,1,0,112,23,0.9565217391304348
A,2,250,0,5200023,1,0,112,23,0.8260869565217391
A,2,250,0,5200016,1,0,171,35,0.8
A,2,250,0,5200017,1,0,123,25,0.92
A,2,250,0,5200018,1,0,118,24,0.9166666666666666
A,2,250,0,5200019,1,0,117,24,0.9166666666666666
A,2,250,0,5200004,1,0,127,26,0.8461538461538461
A,2,250,0,5200005,1,0,129,26,0.7692307692307693
A,2,250,0,5200006,1,0,73,15,0.9333333333333333
A,2,250,0,5200007,1,0,215,43,0.8837209302325582
A,2,250,0,5200032,1,0,47,10,1.0
A,2,250,0,5200033,1,0,118,24,0.9166666666666666
A,2,250,0,5200034,1,0,101,21,0.7619047619047619
A,2,250,0,5200035,0,0,76,16,1.0
A,2,250,0,5200036,1,0,106,22,0.9545454545454546
A,2,250,0,5200037,1,0,66,14,0.9285714285714286
A,2,250,0,5200038,1,0,74,15,0.9333333333333333
A,2,250,0,5200039,1,0,108,22,1.0
A,2,250,0,5200048,1,0,119,24,0.9583333333333334
A,2,250,0,5200049,1,0,74,15,0.8
A,2,250,0,5200050,1,0,115,23,1.0
A,2,250,0,5200051,1,0,108,22,1.0
A,2,250,0,5200044,1,0,78,16,1.0
A,2,250,0,5200045,0,0,170,34,0.9705882352941176
A,2,250,0,5200046,1,0,108,22,0.9545454545454546
A,2,250,0,5200047,1,0,110,22,0.8636363636363636
A,2,250,0,5200056,1,0,108,22,0.9545454545454546
A,2,250,0,5200057,1,0,68,14,0.7857142857142857
A,2,250,0,5200058,1,0,86,18,0.8888888888888888
A,2,250,0,5200059,1,0,117,24,0.9583333333333334
A,2,250,0,5200060,1,0,130,26,0.8461538461538461
A,2,250,0,5200061,1,0,62,13,1.0
A,2,250,0,5200062,1,0,66,14,0.9285714285714286
A,2,250,0,5200063,1,0,114,23,1.0
A,2,250,0,5200068,1,0,103,21,1.0
A,2,250,0,5200069,1,0,109,22,0.8636363636363636
A,2,250,0,5200070,1,0,97,20,1.0
A,2,250,0,5200071,1,0,112,23,1.0
A,2,250,0,5200052,1,0,78,16,0.875
A,2,250,0,5200053,1,0,111,23,0.9565217391304348
A,2,250,0,5200054,1,0,105,21,0.9523809523809523
A,2,250,0,5200055,1,0,389,78,0.6025641025641025
A,2,250,0,5200064,0,0,269,54,0.6851851851851852
A,2,250,0,5200065,1,0,119,24,0.8333333333333334
A,2,250,0,5200066,1,0,142,29,0.9655172413793104
A,2,250,0,5200067,1,0,108,22,0.9545454545454546
A,2,250,0,5200072,1,0,127,26,0.9230769230769231
A,2,250,0,5200073,1,0,120,24,0.875
A,2,250,0,5200074,1,0,205,41,0.7804878048780488
A,2,250,0,5200075,1,0,116,24,0.875
A,2,250,0,5200080,1,0,162,33,1.0
A,2,250,0,5200081,1,0,120,24,0.8333333333333334
A,2,250,0,5200082,1,0,103,21,0.7142857142857143
A,2,250,0,5200083,0,0,173,35,0.7428571428571429
A,2,250,0,5200028,1,0,161,33,0.8484848484848485
A,2,250,0,5200029,1,0,126,26,0.8461538461538461
A,2,250,0,5200030,1,0,106,22,1.0
A,2,250,0,5200031,0,1,600,120,0.7166666666666667
A,2,250,0,5200092,1,0,70,14,0.9285714285714286
A,2,250,0,5200093,1,0,79,16,0.875
A,2,250,0,5200094,1,0,129,26,0.8461538461538461
A,2,250,0,5200095,1,0,64,13,0.9230769230769231
A,2,250,0,5200076,1,0,170,34,0.8529411764705882
A,2,250,0,5200077,1,0,121,25,0.92
A,2,250,0,5200078,1,0,282,57,0.8771929824561403
A,2,250,0,5200079,1,0,114,23,0.9130434782608695
A,2,250,0,5200084,1,0,128,26,0.8461538461538461
A,2,250,0,5200085,1,0,114,23,0.8695652173913043
A,2,250,0,5200086,1,0,97,20,0.95
A,2,250,0,5200087,0,0,169,34,0.9705882352941176
A,2,250,0,5200088,1,0,116,24,0.875
A,2,250,0,5200089,1,0,118,24,0.9583333333333334
A,2,250,0,5200090,1,0,126,26,0.8846153846153846
A,2,250,0,5200091,0,0,124,25,0.92
A,2,250,0,5200104,1,0,66,14,0.9285714285714286
A,2,250,0,5200105,1,0,108,22,0.7727272727272727
A,2,250,0,5200106,1,0,98,20,0.8
A,2,250,0,5200107,1,0,73,15,1.0
A,2,250,0,5200100,1,0,82,17,1.0
A,2,250,0,5200101,1,0,59,12,0.9166666666666666
A,2,250,0,5200102,1,0,117,24,0.9583333333333334
A,2,250,0,5200103,1,0,103,21,1.0
A,2,250,0,5200096,1,0,111,23,0.9565217391304348
A,2,250,0,5200097,1,0,111,23,0.9565217391304348
A,2,250,0,5200098,1,0,118,24,0.875
A,2,250,0,5200099,1,0,146,30,0.8333333333333334
A,2,250,0,5200040,1,0,118,24,0.9166666666666666
A,2,250,0,5200041,1,0,99,20,0.85
A,2,250,0,5200042,1,0,117,24,0.875
A,2,250,0,5200043,0,1,600,120,0.9166666666666666
A,2,250,0,5200112,1,0,127,26,1.0
A,2,250,0,5200113,1,0,97,20,1.0
A,2,250,0,5200114,1,0,162,33,0.6363636363636364
A,2,250,0,5200115,1,0,111,23,0.6086956521739131
A,2,250,0,5200124,1,0,63,13,0.6153846153846154
A,2,250,0,5200125,1,0,93,19,0.8947368421052632
A,2,250,0,5200126,1,0,59,12,1.0
A,2,250,0,5200127,1,0,153,31,0.8064516129032258
A,2,250,0,5200120,1,0,114,23,0.9130434782608695
A,2,250,0,5200121,1,0,104,21,0.9523809523809523
A,2,250,0,5200122,1,0,158,32,0.78125
A,2,250,0,5200123,1,0,73,15,1.0
A,2,250,0,5200128,1,0,98,20,0.95
A,2,250,0,5200129,1,0,143,29,0.8620689655172413
A,2,250,0,5200130,1,0,120,24,0.9166666666666666
A,2,250,0,5200131,1,0,104,21,0.9047619047619048
A,2,250,0,5200132,1,0,108,22,0.9545454545454546
A,2,250,0,5200133,1,0,177,36,0.7777777777777778
A,2,250,0,5200134,1,0,114,23,1.0
A,2,250,0,5200135,1,0,88,18,0.7222222222222222
A,2,250,0,5200116,1,0,122,25,0.96
A,2,250,0,5200117,1,0,114,23,0.9565217391304348
A,2,250,0,5200118,1,0,172,35,0.8571428571428571
A,2,250,0,5200119,1,0,162,33,0.9090909090909091
A,2,250,0,5200136,1,0,158,32,0.84375
A,2,250,0,5200137,1,0,135,27,0.7777777777777778
A,2,250,0,5200138,1,0,160,32,0.78125
A,2,250,0,5200139,1,0,119,24,0.8333333333333334
A,2,250,0,5200152,1,0,157,32,0.8125
A,2,250,0,5200153,1,0,104,21,0.8095238095238095
A,2,250,0,5200154,1,0,116,24,1.0
A,2,250,0,5200155,1,0,126,26,0.8461538461538461
A,2,250,0,5200148,1,0,156,32,0.90625
A,2,250,0,5200149,1,0,73,15,1.0
A,2,250,0,5200150,1,0,91,19,0.8947368421052632
A,2,250,0,5200151,0,0,187,38,0.9736842105263158
A,2,250,0,5200156,1,0,144,29,0.7931034482758621
A,2,250,0,5200157,1,0,117,24,0.9583333333333334
A,2,250,0,5200158,1,0,121,25,0.96
A,2,250,0,5200159,1,0,110,22,0.7272727272727273
A,2,250,0,5200140,1,0,250,50,0.78
A,2,250,0,5200141,1,0,69,14,0.6428571428571429
A,2,250,0,5200142,1,0,255,51,0.7058823529411765
A,2,250,0,5200143,1,0,108,22,1.0
A,2,250,0,5200164,1,0,110,22,0.8181818181818182
A,2,250,0,5200165,1,0,101,21,0.9523809523809523
A,2,250,0,5200166,1,0,69,14,0.9285714285714286
A,2,250,0,5200167,1,0,80,16,0.875
A,2,250,0,5200160,1,0,196,40,0.625
A,2,250,0,5200161,1,0,248,50,0.94
A,2,250,0,5200162,1,0,113,23,0.9565217391304348
A,2,250,0,5200163,1,0,73,15,0.9333333333333333
A,2,250,0,5200108,0,1,600,120,0.775
A,2,250,0,5200109,1,0,196,40,0.85
A,2,250,0,5200110,1,0,144,29,0.8275862068965517
A,2,250,0,5200111,1,0,115,23,0.5652173913043478
A,2,250,0,5200144,1,0,239,48,0.8333333333333334
A,2,250,0,5200145,1,0,90,18,0.8888888888888888
A,2,250,0,5200146,1,0,349,70,0.7
A,2,250,0,5200147,1,0,118,24,1.0
A,2,250,0,5200172,1,0,206,42,0.7857142857142857
A,2,250,0,5200173,1,0,77,16,0.625
A,2,250,0,5200174,1,0,65,13,0.9230769230769231
A,2,250,0,5200175,1,0,116,24,0.9166666666666666
A,2,250,0,5200188,1,0,75,15,0.8
A,2,250,0,5200189,1,0,115,23,0.8260869565217391
A,2,250,0,5200190,1,0,91,19,0.631578947368421
A,2,250,0,5200191,1,0,133,27,0.8518518518518519
A,2,250,0,5200184,1,0,130,26,0.9230769230769231
A,2,250,0,5200185,1,0,114,23,1.0
A,2,250,0,5200186,1,0,106,22,1.0
A,2,250,0,5200187,1,0,146,30,0.9666666666666667
A,2,250,0,5200196,1,0,73,15,1.0
A,2,250,0,5200197,1,0,110,22,1.0
A,2,250,0,5200198,1,0,136,28,0.9285714285714286
A,2,250,0,5200199,1,0,217,44,1.0
A,2,250,0,5200168,1,0,444,89,0.7415730337078652
A,2,250,0,5200169,1,0,67,14,0.9285714285714286
A,2,250,0,5200170,1,0,127,26,0.8846153846153846
A,2,250,0,5200171,1,0,107,22,1.0
A,2,250,0,5200180,1,0,114,23,0.9130434782608695
A,2,250,0,5200181,0,0,442,89,0.7640449438202247
A,2,250,0,5200182,1,0,97,20,1.0
A,2,250,0,5200183,1,0,122,25,0.96
A,2,250,0,5200200,1,0,130,26,0.7692307692307693
A,2,250,0,5200201,1,0,136,28,0.8214285714285714
A,2,250,0,5200202,1,0,163,33,0.8484848484848485
A,2,250,0,5200203,1,0,190,38,0.868421052631579
A,2,250,0,5200204,1,0,156,32,0.75
A,2,250,0,5200205,1,0,153,31,0.7096774193548387
A,2,250,0,5200206,1,0,185,37,0.7027027027027027
A,2,250,0,5200207,1,0,108,22,0.9545454545454546
A,2,250,0,5200212,1,0,132,27,0.7037037037037037
A,2,250,0,5200213,1,0,62,13,0.9230769230769231
A,2,250,0,5200214,1,0,121,25,0.96
A,2,250,0,5200215,1,0,117,24,0.9583333333333334
A,2,250,0,5200176,1,0,114,23,1.0
A,2,250,0,5200177,1,0,117,24,1.0
A,2,250,0,5200178,1,0,282,57,0.7894736842105263
A,2,250,0,5200179,1,0,465,93,0.7526881720430108
A,2,250,0,5200208,1,0,182,37,0.8378378378378378
A,2,250,0,5200209,1,0,84,17,0.8235294117647058
A,2,250,0,5200210,1,0,188,38,0.7631578947368421
A,2,250,0,5200211,1,0,169,34,0.5588235294117647
A,2,250,0,5200216,1,0,121,25,1.0
A,2,250,0,5200217,1,0,113,23,1.0
A,2,250,0,5200218,1,0,165,33,0.9393939393939394
A,2,250,0,5200219,1,0,82,17,1.0
A,2,250,0,5200192,1,0,143,29,1.0
A,2,250,0,5200193,0,1,600,120,0.8666666666666667
A,2,250,0,5200194,1,0,154,31,0.7096774193548387
A,2,250,0,5200195,0,0,118,24,0.625
A,2,250,0,5200220,1,0,137,28,0.8571428571428571
A,2,250,0,5200221,1,0,85,17,0.8823529411764706
A,2,250,0,5200222,1,0,103,21,0.8571428571428571
A,2,250,0,5200223,1,0,198,40,0.725
A,2,250,0,5200228,1,0,64,13,0.8461538461538461
A,2,250,0,5200229,1,0,113,23,0.9565217391304348
A,2,250,0,5200230,1,0,108,22,0.8636363636363636
A,2,250,0,5200231,1,0,125,25,0.76
A,2,250,0,5200236,1,0,123,25,0.84
A,2,250,0,5200237,1,0,102,21,0.8571428571428571
A,2,250,0,5200238,1,0,130,26,0.8076923076923077
A,2,250,0,5200239,1,0,75,15,0.8666666666666667
A,2,250,0,5200240,1,0,113,23,0.9130434782608695
A,2,250,0,5200241,1,0,169,34,0.8235294117647058
A,2,250,0,5200242,1,0,145,29,1.0
A,2,250,0,5200243,1,0,64,13,0.8461538461538461
A,2,250,0,5200244,1,0,62,13,0.9230769230769231
A,2,250,0,5200245,1,0,71,15,0.8
A,2,250,0,5200246,1,0,152,31,0.9354838709677419
A,2,250,0,5200247,1,0,114,23,0.6956521739130435
A,2,250,0,5200232,1,0,123,25,0.92
A,2,250,0,5200233,1,0,114,23,0.9565217391304348
A,2,250,0,5200234,1,0,128,26,0.8846153846153846
A,2,250,0,5200235,1,0,179,36,0.9166666666666666
A,2,250,0,5200256,1,0,122,25,0.96
A,2,250,0,5200257,1,0,112,23,0.9130434782608695
A,2,250,0,5200258,1,0,98,20,0.9
A,2,250,0,5200259,1,0,64,13,1.0
A,2,250,0,5200248,1,0,287,58,0.7413793103448276
A,2,250,0,5200249,1,0,147,30,0.8666666666666667
A,2,250,0,5200250,1,0,67,14,0.8571428571428571
A,2,250,0,5200251,1,0,72,15,0.8666666666666667
A,2,250,0,5200252,1,0,103,21,1.0
A,2,250,0,5200253,1,0,114,23,1.0
A,2,250,0,5200254,1,0,64,13,0.9230769230769231
A,2,250,0,5200255,1,0,250,50,0.74
A,2,250,0,5200260,1,0,132,27,0.7037037037037037
A,2,250,0,5200261,1,0,117,24,0.9583333333333334
A,2,250,0,5200262,1,0,127,26,1.0
A,2,250,0,5200263,1,0,64,13,0.8461538461538461
A,2,250,0,5200224,1,0,145,29,0.7586206896551724
A,2,250,0,5200225,1,0,107,22,0.9545454545454546
A,2,250,0,5200226,1,0,123,25,0.92
A,2,250,0,5200227,1,0,481,97,0.845360824742268
A,2,250,0,5200264,1,0,99,20,0.85
A,2,250,0,5200265,1,0,111,23,1.0
A,2,250,0,5200266,1,0,124,25,0.8
A,2,250,0,5200267,1,0,65,13,0.7692307692307693
A,2,250,0,5200272,1,0,128,26,0.8846153846153846
A,2,250,0,5200273,1,0,117,24,0.9166666666666666
A,2,250,0,5200274,1,0,167,34,0.7941176470588235
A,2,250,0,5200275,1,0,66,14,1.0
A,2,250,0,5200280,1,0,86,18,0.7777777777777778
A,2,250,0,5200281,1,0,121,25,0.92
A,2,250,0,5200282,1,0,117,24,0.9166666666666666
A,2,250,0,5200283,1,0,68,14,0.8571428571428571
A,2,250,0,5200276,1,0,120,24,1.0
A,2,250,0,5200277,1,0,126,26,0.8461538461538461
A,2,250,0,5200278,1,0,132,27,0.8888888888888888
A,2,250,0,5200279,1,0,204,41,0.8780487804878049
A,2,250,0,5200292,1,0,86,18,0.9444444444444444
A,2,250,0,5200293,0,0,188,38,0.9210526315789473
A,2,250,0,5200294,1,0,104,21,0.9523809523809523
A,2,250,0,5200295,1,0,116,24,1.0
A,2,250,0,5200288,1,0,156,32,0.75
A,2,250,0,5200289,1,0,94,19,0.9473684210526315
A,2,250,0,5200290,1,0,111,23,1.0
A,2,250,0,5200291,1,0,120,24,0.9166666666666666
A,2,250,0,5200300,1,0,138,28,1.0
A,2,250,0,5200301,1,0,124,25,0.8
A,2,250,0,5200302,1,0,109,22,0.9545454545454546
A,2,250,0,5200303,1,0,97,20,1.0
A,2,250,0,5200268,1,0,127,26,0.8076923076923077
A,2,250,0,5200269,1,0,145,29,0.7931034482758621
A,2,250,0,5200270,1,0,296,60,0.7666666666666667
A,2,250,0,5200271,1,0,94,19,0.8421052631578947
A,2,250,0,5200296,1,0,165,33,0.8484848484848485
A,2,250,0,5200297,1,0,158,32,0.78125
A,2,250,0,5200298,0,0,182,37,0.8918918918918919
A,2,250,0,5200299,1,0,156,32,0.6875
A,2,250,0,5200304,1,0,92,19,0.8947368421052632
A,2,250,0,5200305,1,0,123,25,0.88
A,2,250,0,5200306,1,0,119,24,0.9166666666666666
A,2,250,0,5200307,1,0,117,24,0.9583333333333334
A,2,250,0,5200312,1,0,115,23,1.0
A,2,250,0,5200313,1,0,125,25,0.96
A,2,250,0,5200314,1,0,70,14,0.7857142857142857
A,2,250,0,5200315,1,0,89,18,1.0
A,2,250,0,5200320,1,0,123,25,0.88
A,2,250,0,5200321,1,0,69,14,0.7142857142857143
A,2,250,0,5200322,1,0,122,25,0.96
A,2,250,0,5200323,1,0,60,12,0.75
A,2,250,0,5200316,1,0,116,24,0.9166666666666666
A,2,250,0,5200317,1,0,167,34,0.6764705882352942
A,2,250,0,5200318,1,0,118,24,0.75
A,2,250,0,5200319,1,0,111,23,0.7391304347826086
A,2,250,0,5200328,1,0,138,28,0.75
A,2,250,0,5200329,1,0,65,13,0.8461538461538461
A,2,250,0,5200330,1,0,117,24,0.9583333333333334
A,2,250,0,5200331,1,0,69,14,0.9285714285714286
A,2,250,0,5200308,1,0,166,34,0.9117647058823529
A,2,250,0,5200309,1,0,116,24,0.8333333333333334
A,2,250,0,5200310,1,0,323,65,0.8923076923076924
A,2,250,0,5200311,1,0,109,22,0.9545454545454546
A,2,250,0,5200332,0,0,226,46,1.0
A,2,250,0,5200333,1,0,63,13,0.8461538461538461
A,2,250,0,5200334,1,0,73,15,1.0
A,2,250,0,5200335,1,0,103,21,0.8571428571428571
A,2,250,0,5200324,1,0,113,23,0.8695652173913043
A,2,250,0,5200325,1,0,118,24,0.9583333333333334
A,2,250,0,5200326,0,0,138,28,0.8571428571428571
A,2,250,0,5200327,1,0,226,46,0.9565217391304348
A,2,250,0,5200336,1,0,108,22,0.9545454545454546
A,2,250,0,5200337,1,0,73,15,1.0
A,2,250,0,5200338,1,0,192,39,0.8717948717948718
A,2,250,0,5200339,1,0,108,22,1.0
A,2,250,0,5200344,1,0,86,18,1.0
A,2,250,0,5200345,1,0,78,16,0.6875
A,2,250,0,5200346,1,0,111,23,0.9565217391304348
A,2,250,0,5200347,1,0,146,30,0.9
A,2,250,0,5200340,1,0,79,16,0.9375
A,2,250,0,5200341,1,0,212,43,0.8372093023255814
A,2,250,0,5200342,1,0,97,20,1.0
A,2,250,0,5200343,1,0,124,25,0.84
A,2,250,0,5200284,0,1,600,120,0.9166666666666666
A,2,250,0,5200285,1,0,103,21,1.0
A,2,250,0,5200286,1,0,51,11,1.0
A,2,250,0,5200287,1,0,160,32,0.84375
A,2,250,0,5200352,1,0,112,23,0.8695652173913043
A,2,250,0,5200353,1,0,145,29,0.7586206896551724
A,2,250,0,5200354,1,0,66,14,0.9285714285714286
A,2,250,0,5200355,1,0,122,25,1.0
A,2,250,0,5200360,1,0,100,20,0.8
A,2,250,0,5200361,1,0,108,22,1.0
A,2,250,0,5200362,1,0,126,26,0.8846153846153846
A,2,250,0,5200363,1,0,100,20,0.95
A,2,250,0,5200356,1,0,131,27,1.0
A,2,250,0,5200357,1,0,124,25,0.92
A,2,250,0,5200358,1,0,182,37,0.7297297297297297
A,2,250,0,5200359,1,0,104,21,1.0
A,2,250,0,5200368,1,0,77,16,0.875
A,2,250,0,5200369,1,0,134,27,0.6296296296296297
A,2,250,0,5200370,1,0,64,13,0.9230769230769231
A,2,250,0,5200371,1,0,125,25,0.92
A,2,250,0,5200376,1,0,117,24,0.875
A,2,250,0,5200377,1,0,64,13,0.9230769230769231
A,2,250,0,5200378,1,0,106,22,1.0
A,2,250,0,5200379,1,0,84,17,0.8823529411764706
A,2,250,0,5200348,1,0,64,13,0.8461538461538461
A,2,250,0,5200349,1,0,423,85,0.6705882352941176
A,2,250,0,5200350,1,0,131,27,0.9629629629629629
A,2,250,0,5200351,1,0,155,31,0.967741935483871
A,2,250,0,5200380,1,0,125,25,0.84
A,2,250,0,5200381,1,0,185,37,0.918918918918919
A,2,250,0,5200382,1,0,123,25,0.84
A,2,250,0,5200383,1,0,61,13,0.8461538461538461
A,2,250,0,5200364,1,0,104,21,1.0
A,2,250,0,5200365,1,0,104,21,0.9523809523809523
A,2,250,0,5200366,1,0,140,28,1.0
A,2,250,0,5200367,1,0,318,64,0.828125
A,2,250,0,5200372,1,0,293,59,0.8135593220338984
A,2,250,0,5200373,1,0,114,23,0.9130434782608695
A,2,250,0,5200374,1,0,123,25,0.92
A,2,250,0,5200375,1,0,116,24,0.9166666666666666
A,2,250,0,5200388,1,0,112,23,0.8260869565217391
A,2,250,0,5200389,1,0,201,41,0.8292682926829268
A,2,250,0,5200390,1,0,145,29,0.9310344827586207
A,2,250,0,5200391,1,0,107,22,1.0
A,2,250,0,5200400,1,0,113,23,0.9130434782608695
A,2,250,0,5200401,1,0,152,31,0.8709677419354839
A,2,250,0,5200402,1,0,122,25,0.96
A,2,250,0,5200403,1,0,62,13,0.8461538461538461
A,2,250,0,5200404,1,0,100,20,0.9
A,2,250,0,5200405,1,0,89,18,1.0
A,2,250,0,5200406,1,0,65,13,1.0
A,2,250,0,5200407,1,0,89,18,0.9444444444444444
A,2,250,0,5200408,1,0,123,25,0.76
A,2,250,0,5200409,1,0,144,29,0.9655172413793104
A,2,250,0,5200410,1,0,145,29,0.6896551724137931
A,2,250,0,5200411,1,0,126,26,0.8461538461538461
A,2,250,0,5200412,1,0,174,35,0.7714285714285715
A,2,250,0,5200413,1,0,127,26,0.8846153846153846
A,2,250,0,5200414,1,0,138,28,0.9642857142857143
A,2,250,0,5200415,1,0,111,23,0.782608695652174
A,2,250,0,5200416,1,0,152,31,0.8387096774193549
A,2,250,0,5200417,1,0,62,13,0.8461538461538461
A,2,250,0,5200418,1,0,168,34,0.8529411764705882
A,2,250,0,5200419,1,0,121,25,0.92
A,2,250,0,5200424,1,0,97,20,0.95
A,2,250,0,5200425,1,0,79,16,0.875
A,2,250,0,5200426,1,0,120,24,0.9583333333333334
A,2,250,0,5200427,1,0,98,20,0.95
A,2,250,0,5200392,0,1,600,120,0.7916666666666666
A,2,250,0,5200393,1,0,62,13,1.0
A,2,250,0,5200394,1,0,119,24,0.9583333333333334
A,2,250,0,5200395,1,0,124,25,0.96
A,2,250,0,5200384,1,0,127,26,0.9230769230769231
A,2,250,0,5200385,1,0,107,22,0.7727272727272727
A,2,250,0,5200386,1,0,135,27,0.7777777777777778
A,2,250,0,5200387,1,0,461,93,0.7419354838709677
A,2,250,0,5200396,1,0,119,24,0.9583333333333334
A,2,250,0,5200397,1,0,186,38,0.868421052631579
A,2,250,0,5200398,1,0,90,18,0.8888888888888888
A,2,250,0,5200399,0,1,600,120,1.0
A,2,250,0,5200428,1,0,132,27,1.0
A,2,250,0,5200429,1,0,56,12,1.0
A,2,250,0,5200430,1,0,97,20,0.95
A,2,250,0,5200431,1,0,103,21,1.0
A,2,250,0,5200436,1,0,66,14,0.9285714285714286
A,2,250,0,5200437,1,0,89,18,0.8888888888888888
A,2,250,0,5200438,1,0,71,15,0.9333333333333333
A,2,250,0,5200439,1,0,162,33,0.9696969696969697
A,2,250,0,5200432,1,0,86,18,0.9444444444444444
A,2,250,0,5200433,1,0,124,25,0.88
A,2,250,0,5200434,1,0,125,25,0.92
A,2,250,0,5200435,1,0,65,13,0.9230769230769231
A,2,250,0,5200420,1,0,64,13,1.0
A,2,250,0,5200421,1,0,107,22,0.9545454545454546
A,2,250,0,5200422,1,0,342,69,0.8695652173913043
A,2,250,0,5200423,1,0,112,23,0.9565217391304348
A,2,250,0,5200440,1,0,123,25,0.96
A,2,250,0,5200441,1,0,64,13,0.9230769230769231
A,2,250,0,5200442,1,0,115,23,1.0
A,2,250,0,5200443,1,0,80,16,0.8125
A,2,250,0,5200444,1,0,103,21,0.8095238095238095
A,2,250,0,5200445,0,0,110,22,0.7727272727272727
A,2,250,0,5200446,1,0,129,26,0.9615384615384616
A,2,250,0,5200447,1,0,121,25,0.96
A,2,250,0,5200448,1,0,106,22,1.0
A,2,250,0,5200449,1,0,106,22,1.0
A,2,250,0,5200450,0,0,276,56,0.8392857142857143
A,2,250,0,5200451,1,0,124,25,1.0
A,2,250,0,5200456,1,0,118,24,0.9583333333333334
A,2,250,0,5200457,1,0,117,24,0.9583333333333334
A,2,250,0,5200458,1,0,65,13,0.9230769230769231
A,2,250,0,5200459,1,0,106,22,0.9545454545454546
A,2,250,0,5200460,1,0,66,14,0.9285714285714286
A,2,250,0,5200461,1,0,81,17,0.7647058823529411
A,2,250,0,5200462,1,0,165,33,0.9090909090909091
A,2,250,0,5200463,1,0,106,22,0.8636363636363636
A,2,250,0,5200464,1,0,110,22,0.9545454545454546
A,2,250,0,5200465,1,0,107,22,1.0
A,2,250,0,5200466,1,0,125,25,0.96
A,2,250,0,5200467,1,0,107,22,1.0
A,2,250,0,5200452,1,0,136,28,0.9285714285714286
A,2,250,0,5200453,1,0,181,37,0.8108108108108109
A,2,250,0,5200454,1,0,65,13,1.0
A,2,250,0,5200455,1,0,134,27,0.9259259259259259
A,2,250,0,5200476,1,0,113,23,0.9130434782608695
A,2,250,0,5200477,1,0,167,34,0.7352941176470589
A,2,250,0,5200478,1,0,135,27,0.8518518518518519
A,2,250,0,5200479,1,0,146,30,0.8666666666666667
A,2,250,0,5200488,1,0,111,23,0.9130434782608695
A,2,250,0,5200489,1,0,101,21,0.9523809523809523
A,2,250,0,5200490,1,0,115,23,0.9565217391304348
A,2,250,0,5200491,1,0,118,24,0.875
A,2,250,0,5200468,1,0,115,23,0.5652173913043478
A,2,250,0,5200469,1,0,90,18,0.9444444444444444
A,2,250,0,5200470,1,0,109,22,1.0
A,2,250,0,5200471,1,0,321,65,0.8
A,2,250,0,5200480,1,0,116,24,0.875
A,2,250,0,5200481,1,0,115,23,0.9565217391304348
A,2,250,0,5200482,1,0,123,25,0.88
A,2,250,0,5200483,0,0,145,29,0.9655172413793104
A,2,250,0,5200484,1,0,103,21,1.0
A,2,250,0,5200485,1,0,135,27,0.9259259259259259
A,2,250,0,5200486,1,0,74,15,0.9333333333333333
A,2,250,0,5200487,1,0,175,35,0.8285714285714286
A,2,250,0,5200492,1,0,117,24,0.875
A,2,250,0,5200493,1,0,144,29,0.7241379310344828
A,2,250,0,5200494,1,0,75,15,0.8666666666666667
A,2,250,0,5200495,1,0,121,25,0.92
A,2,250,0,5200472,0,1,600,120,0.8583333333333333
A,2,250,0,5200473,1,0,101,21,0.9523809523809523
A,2,250,0,5200474,1,0,119,24,0.9583333333333334
A,2,250,0,5200475,1,0,98,20,0.95
A,2,250,0,5200496,1,0,367,74,0.918918918918919
A,2,250,0,5200497,1,0,177,36,0.8055555555555556
A,2,250,0,5200498,1,0,113,23,0.9565217391304348
A,2,250,0,5200499,1,0,69,14,1.0
A,2,250,1,5250000,1,0,112,0,0.9130434782608695
A,2,250,1,5250001,0,0,86,0,0.8888888888888888
A,2,250,1,5250002,0,0,76,0,0.75
A,2,250,1,5250003,1,0,69,0,1.0
A,2,250,1,5250012,1,0,75,0,0.8666666666666667
A,2,250,1,5250013,1,0,86,0,0.8888888888888888
A,2,250,1,5250014,0,0,187,0,0.9210526315789473
A,2,250,1,5250015,1,0,105,0,0.8095238095238095
A,2,250,1,5250016,1,0,149,0,0.8333333333333334
A,2,250,1,5250017,1,0,111,0,0.8260869565217391
A,2,250,1,5250018,1,0,108,0,0.8636363636363636
A,2,250,1,5250019,0,0,101,0,0.7142857142857143
A,2,250,1,5250008,1,0,124,0,0.88
A,2,250,1,5250009,1,0,130,0,0.7307692307692307
A,2,250,1,5250010,0,0,141,0,0.896551724137931
A,2,250,1,5250011,1,0,76,0,0.75
A,2,250,1,5250028,1,0,150,0,0.7666666666666667
A,2,250,1,5250029,1,0,263,0,0.7924528301886793
A,2,250,1,5250030,1,0,136,0,0.7857142857142857
A,2,250,1,5250031,0,0,142,0,0.9310344827586207
A,2,250,1,5250032,1,0,133,0,0.8148148148148148
A,2,250,1,5250033,1,0,118,0,0.75
A,2,250,1,5250034,1,0,201,0,0.9512195121951219
A,2,250,1,5250035,1,0,72,0,1.0
A,2,250,1,5250004,1,0,442,0,0.7640449438202247
A,2,250,1,5250005,1,0,165,0,0.8787878787878788
A,2,250,1,5250006,0,0,81,0,1.0
A,2,250,1,5250007,1,0,170,0,0.6764705882352942
A,2,250,1,5250020,1,0,71,0,0.9333333333333333
A,2,250,1,5250021,0,1,600,0,0.6666666666666666
A,2,250,1,5250022,1,0,83,0,0.7058823529411765
A,2,250,1,5250023,1,0,70,0,0.8571428571428571
A,2,250,1,5250040,1,0,98,0,0.9
A,2,250,1,5250041,1,0,80,0,0.8125
A,2,250,1,5250042,1,0,75,0,0.8666666666666667
A,2,250,1,5250043,1,0,306,0,0.7096774193548387
A,2,250,1,5250036,0,0,192,0,0.5897435897435898
A,2,250,1,5250037,0,0,76,0,1.0
A,2,250,1,5250038,0,0,290,0,0.8620689655172413
A,2,250,1,5250039,1,0,166,0,0.7941176470588235
A,2,250,1,5250056,0,0,144,0,0.8620689655172413
A,2,250,1,5250057,1,0,95,0,0.8947368421052632
A,2,250,1,5250058,0,0,76,0,0.875
A,2,250,1,5250059,1,0,95,0,0.7368421052631579
A,2,250,1,5250048,1,0,56,0,0.75
A,2,250,1,5250049,1,0,220,0,0.8181818181818182
A,2,250,1,5250050,0,0,124,0,0.92
A,2,250,1,5250051,1,0,293,0,0.7796610169491526
A,2,250,1,5250024,1,0,105,0,0.8095238095238095
A,2,250,1,5250025,0,0,212,0,0.9534883720930233
A,2,250,1,5250026,0,1,600,0,0.9916666666666667
A,2,250,1,5250027,1,0,315,0,0.6031746031746031
A,2,250,1,5250060,1,0,216,0,0.8636363636363636
A,2,250,1,5250061,1,0,70,0,0.7857142857142857
A,2,250,1,5250062,0,0,121,0,0.8
A,2,250,1,5250063,1,0,170,0,0.8235294117647058
A,2,250,1,5250064,1,0,133,0,0.8518518518518519
A,2,250,1,5250065,1,0,80,0,0.9375
A,2,250,1,5250066,1,0,307,0,0.7741935483870968
A,2,250,1,5250067,1,0,74,0,0.9333333333333333
A,2,250,1,5250068,1,0,286,0,0.7586206896551724
A,2,250,1,5250069,1,0,73,0,0.7333333333333333
A,2,250,1,5250070,1,0,195,0,0.9487179487179487
A,2,250,1,5250071,1,0,119,0,0.7916666666666666
A,2,250,1,5250080,1,0,189,0,0.7105263157894737
A,2,250,1,5250081,1,0,149,0,1.0
A,2,250,1,5250082,1,0,131,0,0.48148148148148145
A,2,250,1,5250083,1,0,108,0,0.7727272727272727
A,2,250,1,5250044,1,0,132,0,0.8148148148148148
A,2,250,1,5250045,0,1,600,0,0.975
A,2,250,1,5250046,1,0,166,0,0.7941176470588235
A,2,250,1,5250047,0,1,600,0,0.9916666666666667
A,2,250,1,5250092,1,0,104,0,0.6666666666666666
A,2,250,1,5250093,0,0,69,0,0.7142857142857143
A,2,250,1,5250094,0,0,98,0,0.5
A,2,250,1,5250095,1,0,151,0,0.8709677419354839
A,2,250,1,5250076,1,0,147,0,0.8666666666666667
A,2,250,1,5250077,1,0,107,0,0.8636363636363636
A,2,250,1,5250078,0,0,110,0,0.8636363636363636
A,2,250,1,5250079,0,1,600,0,0.9833333333333333
A,2,250,1,5250052,0,1,600,0,0.975
A,2,250,1,5250053,0,0,147,0,0.9333333333333333
A,2,250,1,5250054,1,0,201,0,0.8536585365853658
A,2,250,1,5250055,1,0,76,0,1.0
A,2,250,1,5250072,1,0,111,0,0.8695652173913043
A,2,250,1,5250073,1,0,152,0,0.7096774193548387
A,2,250,1,5250074,0,1,600,0,0.9833333333333333
A,2,250,1,5250075,1,0,106,0,0.7727272727272727
A,2,250,1,5250084,1,0,128,0,0.7307692307692307
A,2,250,1,5250085,1,0,80,0,0.8125
A,2,250,1,5250086,0,1,600,0,0.9666666666666667
A,2,250,1,5250087,1,0,208,0,0.9285714285714286
A,2,250,1,5250096,1,0,119,0,1.0
A,2,250,1,5250097,0,1,600,0,0.975
A,2,250,1,5250098,0,0,116,0,0.9583333333333334
A,2,250,1,5250099,1,0,109,0,0.9090909090909091
A,2,250,1,5250104,1,0,121,0,0.84
A,2,250,1,5250105,1,0,94,0,0.9473684210526315
A,2,250,1,5250106,1,0,334,0,0.6716417910447762
A,2,250,1,5250107,1,0,76,0,0.6875
A,2,250,1,5250108,0,0,162,0,0.8787878787878788
A,2,250,1,5250109,1,0,121,0,0.72
A,2,250,1,5250110,0,0,126,0,0.6923076923076923
A,2,250,1,5250111,1,0,227,0,0.9347826086956522
A,2,250,1,5250112,1,0,108,0,0.5454545454545454
A,2,250,1,5250113,1,0,180,0,0.5833333333333334
A,2,250,1,5250114,0,0,279,0,0.5714285714285714
A,2,250,1,5250115,1,0,151,0,0.5483870967741935
A,2,250,1,5250088,0,1,600,0,0.9833333333333333
A,2,250,1,5250089,1,0,111,0,0.8260869565217391
A,2,250,1,5250090,0,0,277,0,0.6428571428571429
A,2,250,1,5250091,1,0,59,0,0.6666666666666666
A,2,250,1,5250116,0,1,600,0,0.8333333333333334
A,2,250,1,5250117,1,0,98,0,0.85
A,2,250,1,5250118,1,0,95,0,0.8421052631578947
A,2,250,1,5250119,1,0,77,0,0.8125
A,2,250,1,5250136,1,0,137,0,0.8571428571428571
A,2,250,1,5250137,0,0,89,0,0.8888888888888888
A,2,250,1,5250138,0,0,109,0,0.6818181818181818
A,2,250,1,5250139,1,0,103,0,0.9047619047619048
A,2,250,1,5250132,0,0,86,0,0.9444444444444444
A,2,250,1,5250133,0,0,167,0,0.9411764705882353
A,2,250,1,5250134,0,0,99,0,0.75
A,2,250,1,5250135,0,0,215,0,0.8837209302325582
A,2,250,1,5250124,1,0,133,0,0.9629629629629629
A,2,250,1,5250125,1,0,216,0,0.8863636363636364
A,2,250,1,5250126,0,0,201,0,0.7804878048780488
A,2,250,1,5250127,1,0,311,0,0.6825396825396826
A,2,250,1,5250100,1,0,123,0,0.84
A,2,250,1,5250101,1,0,127,0,0.9615384615384616
A,2,250,1,5250102,0,1,600,0,0.9833333333333333
A,2,250,1,5250103,0,1,600,0,0.9916666666666667
A,2,250,1,5250120,1,0,388,0,0.6666666666666666
A,2,250,1,5250121,1,0,151,0,0.9354838709677419
A,2,250,1,5250122,0,0,174,0,0.9428571428571428
A,2,250,1,5250123,0,0,172,0,0.8285714285714286
A,2,250,1,5250148,1,0,195,0,0.8717948717948718
A,2,250,1,5250149,0,0,91,0,0.7894736842105263
A,2,250,1,5250150,1,0,69,0,0.9285714285714286
A,2,250,1,5250151,1,0,126,0,0.6923076923076923
A,2,250,1,5250128,0,0,226,0,0.9782608695652174
A,2,250,1,5250129,0,0,353,0,0.9859154929577465
A,2,250,1,5250130,1,0,159,0,0.90625
A,2,250,1,5250131,1,0,96,0,0.95
A,2,250,1,5250160,1,0,164,0,0.5757575757575758
A,2,250,1,5250161,0,0,72,0,0.6
A,2,250,1,5250162,0,0,101,0,0.9047619047619048
A,2,250,1,5250163,1,0,125,0,0.88
A,2,250,1,5250140,1,0,150,0,0.9
A,2,250,1,5250141,0,1,600,0,0.9833333333333333
A,2,250,1,5250142,1,0,196,0,0.925
A,2,250,1,5250143,1,0,87,0,0.9444444444444444
A,2,250,1,5250152,1,0,96,0,0.7
A,2,250,1,5250153,0,1,197,0,0.875
A,2,250,1,5250154,0,1,600,0,0.9916666666666667
A,2,250,1,5250155,1,0,66,0,0.9285714285714286
A,2,250,1,5250180,1,0,122,0,0.96
A,2,250,1,5250181,1,0,126,0,0.9615384615384616
A,2,250,1,5250182,0,0,101,0,0.8571428571428571
A,2,250,1,5250183,1,0,129,0,0.8076923076923077
A,2,250,1,5250144,1,0,101,0,0.9523809523809523
A,2,250,1,5250145,0,0,284,0,0.8947368421052632
A,2,250,1,5250146,1,0,104,0,0.8095238095238095
A,2,250,1,5250147,0,1,600,0,0.6333333333333333
A,2,250,1,5250156,1,0,205,0,0.6585365853658537
A,2,250,1,5250157,0,0,558,0,0.9553571428571429
A,2,250,1,5250158,0,0,98,0,0.6
A,2,250,1,5250159,1,0,119,0,0.9583333333333334
A,2,250,1,5250168,0,1,600,0,0.85
A,2,250,1,5250169,0,0,126,0,0.5
A,2,250,1,5250170,1,0,70,0,0.7142857142857143
A,2,250,1,5250171,1,0,142,0,0.8620689655172413
A,2,250,1,5250172,0,1,600,0,0.9916666666666667
A,2,250,1,5250173,1,0,193,0,0.6923076923076923
A,2,250,1,5250174,1,0,128,0,0.8076923076923077
A,2,250,1,5250175,1,0,101,0,0.8571428571428571
A,2,250,1,5250188,1,0,121,0,0.84
A,2,250,1,5250189,0,0,172,0,0.7428571428571429
A,2,250,1,5250190,1,0,119,0,0.6666666666666666
A,2,250,1,5250191,1,0,109,0,0.9545454545454546
A,2,250,1,5250176,1,0,521,0,0.7047619047619048
A,2,250,1,5250177,1,0,102,0,0.8571428571428571
A,2,250,1,5250178,1,0,92,0,0.7368421052631579
A,2,250,1,5250179,1,0,73,0,0.7333333333333333
A,2,250,1,5250192,1,0,75,0,0.9333333333333333
A,2,250,1,5250193,1,0,90,0,0.7777777777777778
A,2,250,1,5250194,1,0,120,0,0.9583333333333334
A,2,250,1,5250195,1,0,166,0,0.9117647058823529
A,2,250,1,5250164,1,0,105,0,0.8571428571428571
A,2,250,1,5250165,0,1,600,0,0.975
A,2,250,1,5250166,1,0,95,0,1.0
A,2,250,1,5250167,1,0,167,0,0.8823529411764706
A,2,250,1,5250196,1,0,98,0,0.75
A,2,250,1,5250197,1,0,135,0,0.9629629629629629
A,2,250,1,5250198,0,0,117,0,0.8333333333333334
A,2,250,1,5250199,1,0,80,0,0.9375
A,2,250,1,5250204,1,0,109,0,0.9090909090909091
A,2,250,1,5250205,1,0,81,0,1.0
A,2,250,1,5250206,1,0,99,0,0.9
A,2,250,1,5250207,1,0,72,0,0.8666666666666667
A,2,250,1,5250212,1,0,101,0,0.7619047619047619
A,2,250,1,5250213,1,0,51,0,0.8181818181818182
A,2,250,1,5250214,1,0,115,0,1.0
A,2,250,1,5250215,0,0,238,0,0.8333333333333334
A,2,250,1,5250208,0,0,51,0,0.8181818181818182
A,2,250,1,5250209,1,0,211,0,0.7906976744186046
A,2,250,1,5250210,1,0,162,0,0.7272727272727273
A,2,250,1,5250211,1,0,97,0,0.9
A,2,250,1,5250220,1,0,106,0,0.9090909090909091
A,2,250,1,5250221,0,0,148,0,0.7666666666666667
A,2,250,1,5250222,0,0,218,0,0.7272727272727273
A,2,250,1,5250223,0,0,76,0,0.625
A,2,250,1,5250184,1,0,69,0,0.9285714285714286
A,2,250,1,5250185,1,0,275,0,0.8181818181818182
A,2,250,1,5250186,1,0,132,0,0.8888888888888888
A,2,250,1,5250187,0,1,600,0,0.9583333333333334
A,2,250,1,5250200,0,1,600,0,0.975
A,2,250,1,5250201,0,0,253,0,0.8627450980392157
A,2,250,1,5250202,1,0,76,0,0.6875
A,2,250,1,5250203,1,0,62,0,0.9230769230769231
A,2,250,1,5250236,1,0,160,0,0.9375
A,2,250,1,5250237,0,0,96,0,0.95
A,2,250,1,5250238,1,0,201,0,0.7804878048780488
A,2,250,1,5250239,1,0,75,0,0.8
A,2,250,1,5250224,0,1,600,0,0.9666666666666667
A,2,250,1,5250225,1,0,56,0,0.75
A,2,250,1,5250226,0,0,172,0,0.9428571428571428
A,2,250,1,5250227,1,0,115,0,0.8695652173913043
A,2,250,1,5250216,1,0,117,0,0.9583333333333334
A,2,250,1,5250217,0,0,90,0,0.8888888888888888
A,2,250,1,5250218,1,0,335,0,0.7014925373134329
A,2,250,1,5250219,0,1,600,0,0.9916666666666667
A,2,250,1,5250240,1,0,97,0,0.9
A,2,250,1,5250241,1,0,70,0,0.8571428571428571
A,2,250,1,5250242,0,1,600,0,0.9833333333333333
A,2,250,1,5250243,0,0,116,0,0.9166666666666666
A,2,250,1,5250244,1,0,130,0,0.8846153846153846
A,2,250,1,5250245,1,0,121,0,0.88
A,2,250,1,5250246,0,1,600,0,0.9833333333333333
A,2,250,1,5250247,1,0,141,0,0.7931034482758621
A,2,250,1,5250228,1,0,371,0,0.7866666666666666
A,2,250,1,5250229,0,1,600,0,0.875
A,2,250,1,5250230,0,0,260,0,0.7884615384615384
A,2,250,1,5250231,1,0,97,0,0.85
A,2,250,1,5250232,1,0,354,0,0.9154929577464789
A,2,250,1,5250233,0,1,600,0,0.9833333333333333
A,2,250,1,5250234,0,0,141,0,0.9310344827586207
A,2,250,1,5250235,1,0,78,0,0.8125
A,2,250,1,5250248,0,0,102,0,0.6190476190476191
A,2,250,1,5250249,1,0,132,0,0.5185185185185185
A,2,250,1,5250250,0,0,123,0,0.96
A,2,250,1,5250251,0,1,600,0,0.9916666666666667
A,2,250,1,5250256,1,0,139,0,0.8571428571428571
A,2,250,1,5250257,1,0,143,0,0.7931034482758621
A,2,250,1,5250258,1,0,178,0,0.9166666666666666
A,2,250,1,5250259,1,0,581,0,0.9914529914529915
A,2,250,1,5250252,1,0,52,0,0.8181818181818182
A,2,250,1,5250253,1,0,473,0,0.6526315789473685
A,2,250,1,5250254,1,0,232,0,0.6595744680851063
A,2,250,1,5250255,1,0,69,0,0.8571428571428571
A,2,250,1,5250264,1,0,135,0,0.8148148148148148
A,2,250,1,5250265,0,0,148,0,0.6
A,2,250,1,5250266,0,0,142,0,0.896551724137931
A,2,250,1,5250267,1,0,266,0,0.7222222222222222
A,2,250,1,5250292,1,0,187,0,0.7105263157894737
A,2,250,1,5250293,1,0,88,0,0.7777777777777778
A,2,250,1,5250294,1,0,97,0,0.85
A,2,250,1,5250295,1,0,101,0,0.8095238095238095
A,2,250,1,5250268,1,0,79,0,1.0
A,2,250,1,5250269,0,1,600,0,0.975
A,2,250,1,5250270,1,0,295,0,0.6779661016949152
A,2,250,1,5250271,1,0,70,0,0.7857142857142857
A,2,250,1,5250284,1,0,118,0,0.9583333333333334
A,2,250,1,5250285,1,0,336,0,0.9117647058823529
A,2,250,1,5250286,1,0,124,0,0.8
A,2,250,1,5250287,1,0,164,0,0.8787878787878788
A,2,250,1,5250276,1,0,245,0,0.9591836734693877
A,2,250,1,5250277,1,0,70,0,0.9285714285714286
A,2,250,1,5250278,0,1,600,0,0.8333333333333334
A,2,250,1,5250279,1,0,116,0,1.0
A,2,250,1,5250280,1,0,96,0,0.9
A,2,250,1,5250281,1,0,130,0,0.6923076923076923
A,2,250,1,5250282,0,1,600,0,0.675
A,2,250,1,5250283,1,0,205,0,0.8292682926829268
A,2,250,1,5250272,1,0,84,0,0.7647058823529411
A,2,250,1,5250273,0,1,600,0,0.8666666666666667
A,2,250,1,5250274,0,0,120,0,0.7083333333333334
A,2,250,1,5250275,0,0,395,0,0.9620253164556962
A,2,250,1,5250288,0,1,600,0,0.6166666666666667
A,2,250,1,5250289,1,0,174,0,0.8571428571428571
A,2,250,1,5250290,1,0,81,0,0.8823529411764706
A,2,250,1,5250291,1,0,177,0,0.8888888888888888
A,2,250,1,5250304,1,0,114,0,0.7391304347826086
A,2,250,1,5250305,0,0,204,0,0.9024390243902439
A,2,250,1,5250306,0,0,96,0,0.85
A,2,250,1,5250307,1,0,309,0,0.8870967741935484
A,2,250,1,5250324,1,0,105,0,0.7619047619047619
A,2,250,1,5250325,1,0,145,0,0.8620689655172413
A,2,250,1,5250326,1,0,94,0,0.8947368421052632
A,2,250,1,5250327,1,0,98,0,0.8
A,2,250,1,5250320,1,0,138,0,0.7857142857142857
A,2,250,1,5250321,1,0,110,0,0.9090909090909091
A,2,250,1,5250322,0,0,148,0,0.9
A,2,250,1,5250323,1,0,205,0,0.9512195121951219
A,2,250,1,5250260,0,1,600,0,0.9916666666666667
A,2,250,1,5250261,1,0,425,0,0.9529411764705882
A,2,250,1,5250262,0,1,600,0,0.9833333333333333
A,2,250,1,5250263,0,0,116,0,0.7916666666666666
A,2,250,1,5250308,1,0,106,0,0.8181818181818182
A,2,250,1,5250309,1,0,155,0,0.8709677419354839
A,2,250,1,5250310,1,0,458,0,0.9347826086956522
A,2,250,1,5250311,0,0,213,0,0.7906976744186046
A,2,250,1,5250300,1,0,105,0,0.8571428571428571
A,2,250,1,5250301,0,1,600,0,0.9916666666666667
A,2,250,1,5250302,1,0,74,0,0.8666666666666667
A,2,250,1,5250303,1,0,375,0,0.84
A,2,250,1,5250340,1,0,104,0,0.8571428571428571
A,2,250,1,5250341,1,0,104,0,0.8571428571428571
A,2,250,1,5250342,0,0,76,0,0.8125
A,2,250,1,5250343,1,0,115,0,0.8695652173913043
A,2,250,1,5250312,1,0,127,0,0.7307692307692307
A,2,250,1,5250313,1,0,114,0,0.9565217391304348
A,2,250,1,5250314,1,0,206,0,0.7619047619047619
A,2,250,1,5250315,0,1,600,0,0.9833333333333333
A,2,250,1,5250296,0,1,600,0,0.9916666666666667
A,2,250,1,5250297,1,0,171,0,0.8857142857142857
A,2,250,1,5250298,1,0,396,0,0.975
A,2,250,1,5250299,1,0,112,0,0.7391304347826086
A,2,250,1,5250336,1,0,141,0,0.8620689655172413
A,2,250,1,5250337,0,0,131,0,0.5925925925925926
A,2,250,1,5250338,1,0,110,0,1.0
A,2,250,1,5250339,0,0,153,0,0.9032258064516129
A,2,250,1,5250328,1,0,216,0,0.8181818181818182
A,2,250,1,5250329,1,0,89,0,1.0
A,2,250,1,5250330,1,0,121,0,0.92
A,2,250,1,5250331,0,0,163,0,0.9090909090909091
A,2,250,1,5250360,1,0,82,0,0.8823529411764706
A,2,250,1,5250361,0,0,173,0,0.8857142857142857
A,2,250,1,5250362,1,0,87,0,1.0
A,2,250,1,5250363,1,0,128,0,0.8076923076923077
A,2,250,1,5250332,1,0,158,0,0.9375
A,2,250,1,5250333,0,0,151,0,0.5161290322580645
A,2,250,1,5250334,0,1,600,0,0.9833333333333333
A,2,250,1,5250335,1,0,84,0,0.7647058823529411
A,2,250,1,5250364,1,0,220,0,0.7727272727272727
A,2,250,1,5250365,0,0,81,0,0.6470588235294118
A,2,250,1,5250366,0,0,101,0,0.9523809523809523
A,2,250,1,5250367,1,0,133,0,0.7407407407407407
A,2,250,1,5250356,0,0,119,0,0.9583333333333334
A,2,250,1,5250357,1,0,107,0,0.8636363636363636
A,2,250,1,5250358,1,0,352,0,0.5915492957746479
A,2,250,1,5250359,1,0,97,0,0.8
A,2,250,1,5250316,0,0,385,0,0.7402597402597403
A,2,250,1,5250317,0,1,600,0,0.9083333333333333
A,2,250,1,5250318,1,0,119,0,0.8333333333333334
A,2,250,1,5250319,0,1,600,0,0.6833333333333333
A,2,250,1,5250348,0,0,141,0,0.8275862068965517
A,2,250,1,5250349,1,0,110,0,0.8636363636363636
A,2,250,1,5250350,1,0,86,0,0.8333333333333334
A,2,250,1,5250351,0,1,600,0,0.9833333333333333
A,2,250,1,5250344,0,0,342,0,0.8260869565217391
A,2,250,1,5250345,0,1,600,0,0.9
A,2,250,1,5250346,0,0,221,0,1.0
A,2,250,1,5250347,1,0,121,0,0.8
A,2,250,1,5250376,0,0,115,0,0.9130434782608695
A,2,250,1,5250377,1,0,156,0,0.75
A,2,250,1,5250378,1,0,128,0,0.8846153846153846
A,2,250,1,5250379,1,0,166,0,0.7647058823529411
A,2,250,1,5250384,0,0,134,0,0.9259259259259259
A,2,250,1,5250385,0,0,151,0,0.5161290322580645
A,2,250,1,5250386,0,0,76,0,0.8125
A,2,250,1,5250387,1,0,93,0,0.9473684210526315
A,2,250,1,5250372,0,0,135,0,0.9259259259259259
A,2,250,1,5250373,0,0,351,0,0.9577464788732394
A,2,250,1,5250374,1,0,91,0,0.8947368421052632
A,2,250,1,5250375,0,0,150,0,0.9
A,2,250,1,5250352,1,0,126,0,0.9230769230769231
A,2,250,1,5250353,0,1,600,0,0.8083333333333333
A,2,250,1,5250354,1,0,99,0,0.85
A,2,250,1,5250355,0,0,316,0,0.734375
A,2,250,1,5250392,1,0,136,0,1.0
A,2,250,1,5250393,1,0,170,0,0.6764705882352942
A,2,250,1,5250394,1,0,81,0,0.8235294117647058
A,2,250,1,5250395,1,0,120,0,0.875
A,2,250,1,5250368,1,0,156,0,1.0
A,2,250,1,5250369,1,0,99,0,0.95
A,2,250,1,5250370,0,1,600,0,0.8833333333333333
A,2,250,1,5250371,1,0,196,0,0.8
A,2,250,1,5250388,1,0,127,0,0.8846153846153846
A,2,250,1,5250389,0,0,144,0,0.9310344827586207
A,2,250,1,5250390,0,0,191,0,0.9743589743589743
A,2,250,1,5250391,1,0,222,0,0.7777777777777778
A,2,250,1,5250400,1,0,113,0,0.6956521739130435
A,2,250,1,5250401,0,0,91,0,0.7894736842105263
A,2,250,1,5250402,0,0,206,0,0.9285714285714286
A,2,250,1,5250403,1,0,107,0,0.7727272727272727
A,2,250,1,5250408,0,0,101,0,0.9523809523809523
A,2,250,1,5250409,1,0,97,0,0.8
A,2,250,1,5250410,1,0,108,0,0.8636363636363636
A,2,250,1,5250411,1,0,115,0,0.8695652173913043
A,2,250,1,5250404,1,0,103,0,0.9047619047619048
A,2,250,1,5250405,1,0,114,0,0.9565217391304348
A,2,250,1,5250406,1,0,94,0,0.8947368421052632
A,2,250,1,5250407,0,0,250,0,0.62
A,2,250,1,5250416,1,0,265,0,0.6981132075471698
A,2,250,1,5250417,1,0,73,0,1.0
A,2,250,1,5250418,1,0,149,0,0.9333333333333333
A,2,250,1,5250419,1,0,101,0,0.8571428571428571
A,2,250,1,5250380,0,0,176,0,0.9722222222222222
A,2,250,1,5250381,0,1,600,0,0.9916666666666667
A,2,250,1,5250382,1,0,127,0,0.7692307692307693
A,2,250,1,5250383,1,0,285,0,0.9473684210526315
A,2,250,1,5250396,1,0,132,0,0.7407407407407407
A,2,250,1,5250397,0,0,94,0,0.8947368421052632
A,2,250,1,5250398,1,0,147,0,0.7666666666666667
A,2,250,1,5250399,0,1,600,0,0.975
A,2,250,1,5250428,1,0,107,0,0.9545454545454546
A,2,250,1,5250429,1,0,162,0,0.7878787878787878
A,2,250,1,5250430,1,0,129,0,1.0
A,2,250,1,5250431,1,0,123,0,0.68
A,2,250,1,5250432,1,0,208,0,0.9523809523809523
A,2,250,1,5250433,1,0,137,0,0.7142857142857143
A,2,250,1,5250434,1,0,270,0,0.8148148148148148
A,2,250,1,5250435,1,0,51,0,0.8181818181818182
A,2,250,1,5250424,0,0,351,0,0.9859154929577465
A,2,250,1,5250425,1,0,165,0,0.8181818181818182
A,2,250,1,5250426,1,0,124,0,0.84
A,2,250,1,5250427,1,0,128,0,0.8076923076923077
A,2,250,1,5250420,1,0,211,0,0.813953488372093
A,2,250,1,5250421,0,1,600,0,0.8916666666666667
A,2,250,1,5250422,1,0,91,0,0.9473684210526315
A,2,250,1,5250423,1,0,109,0,0.9545454545454546
A,2,250,1,5250448,1,0,119,0,0.9583333333333334
A,2,250,1,5250449,1,0,196,0,0.7
A,2,250,1,5250450,1,0,97,0,0.85
A,2,250,1,5250451,0,0,154,0,0.7096774193548387
A,2,250,1,5250412,1,0,141,0,0.7931034482758621
A,2,250,1,5250413,1,0,146,0,0.9666666666666667
A,2,250,1,5250414,0,0,203,0,0.8292682926829268
A,2,250,1,5250415,0,1,600,0,0.95
A,2,250,1,5250456,1,0,160,0,0.78125
A,2,250,1,5250457,1,0,103,0,0.9047619047619048
A,2,250,1,5250458,1,0,116,0,1.0
A,2,250,1,5250459,1,0,69,0,0.9285714285714286
A,2,250,1,5250436,0,1,600,0,1.0
A,2,250,1,5250437,0,0,153,0,0.9032258064516129
A,2,250,1,5250438,0,0,98,0,0.6
A,2,250,1,5250439,0,0,156,0,0.84375
A,2,250,1,5250452,1,0,169,0,0.9411764705882353
A,2,250,1,5250453,1,0,78,0,0.75
A,2,250,1,5250454,1,0,179,0,1.0
A,2,250,1,5250455,1,0,181,0,0.7297297297297297
A,2,250,1,5250468,0,0,210,0,0.7857142857142857
A,2,250,1,5250469,1,0,127,0,0.8076923076923077
A,2,250,1,5250470,1,0,153,0,0.8064516129032258
A,2,250,1,5250471,1,0,187,0,0.7631578947368421
A,2,250,1,5250472,1,0,157,0,0.8125
A,2,250,1,5250473,1,0,148,0,0.5333333333333333
A,2,250,1,5250474,0,0,176,0,0.7777777777777778
A,2,250,1,5250475,1,0,101,0,0.8571428571428571
A,2,250,1,5250464,0,0,220,0,0.9090909090909091
A,2,250,1,5250465,1,0,70,0,0.7857142857142857
A,2,250,1,5250466,0,1,600,0,0.9833333333333333
A,2,250,1,5250467,1,0,106,0,0.9090909090909091
A,2,250,1,5250476,0,0,71,0,0.8
A,2,250,1,5250477,1,0,166,0,0.7647058823529411
A,2,250,1,5250478,1,0,335,0,0.9552238805970149
A,2,250,1,5250479,1,0,69,0,0.8571428571428571
A,2,250,1,5250444,1,0,137,0,0.5714285714285714
A,2,250,1,5250445,0,1,600,0,0.9833333333333333
A,2,250,1,5250446,1,0,109,0,0.8181818181818182
A,2,250,1,5250447,1,0,141,0,0.8275862068965517
A,2,250,1,5250488,1,0,117,0,1.0
A,2,250,1,5250489,0,0,101,0,0.8095238095238095
A,2,250,1,5250490,1,0,113,0,0.8695652173913043
A,2,250,1,5250491,0,0,110,0,0.8636363636363636
A,2,250,1,5250496,1,0,147,0,0.8333333333333334
A,2,250,1,5250497,1,0,64,0,0.9230769230769231
A,2,250,1,5250498,1,0,105,0,0.7142857142857143
A,2,250,1,5250499,0,0,96,0,0.8
A,2,250,1,5250460,1,0,122,0,0.88
A,2,250,1,5250461,1,0,97,0,0.85
A,2,250,1,5250462,1,0,70,0,0.8571428571428571
A,2,250,1,5250463,0,1,600,0,0.9916666666666667
A,2,250,1,5250492,0,0,141,0,0.896551724137931
A,2,250,1,5250493,1,0,145,0,0.9655172413793104
A,2,250,1,5250494,1,0,168,0,0.8823529411764706
A,2,250,1,5250495,1,0,109,0,0.8181818181818182
A,2,250,1,5250484,0,0,122,0,0.84
A,2,250,1,5250485,0,0,147,0,0.9666666666666667
A,2,250,1,5250486,1,0,101,0,0.7619047619047619
A,2,250,1,5250487,0,1,600,0,0.8833333333333333
A,2,250,1,5250480,0,1,600,0,0.9916666666666667
A,2,250,1,5250481,1,0,77,0,0.875
A,2,250,1,5250482,1,0,156,0,0.71875
A,2,250,1,5250483,0,1,600,0,0.875
A,2,250,1,5250440,1,0,152,0,0.7096774193548387
A,2,250,1,5250441,0,1,600,0,0.975
A,2,250,1,5250442,0,0,288,0,0.5862068965517241
A,2,250,1,5250443,0,1,600,0,0.9666666666666667
A,3,250,0,5300012,0,0,104,21,0.6666666666666666
A,3,250,0,5300013,1,0,69,14,0.9285714285714286
A,3,250,0,5300014,0,0,126,26,0.9230769230769231
A,3,250,0,5300015,1,0,75,15,0.7333333333333333
A,3,250,0,5300008,1,0,99,20,0.9
A,3,250,0,5300009,1,0,69,14,0.7857142857142857
A,3,250,0,5300010,1,0,100,20,0.9
A,3,250,0,5300011,1,0,133,27,0.7037037037037037
A,3,250,0,5300028,1,0,94,19,0.8421052631578947
A,3,250,0,5300029,1,0,133,27,0.8148148148148148
A,3,250,0,5300030,1,0,154,31,0.6129032258064516
A,3,250,0,5300031,1,0,73,15,0.9333333333333333
A,3,250,0,5300024,0,0,152,31,0.8064516129032258
A,3,250,0,5300025,1,0,143,29,0.7241379310344828
A,3,250,0,5300026,1,0,76,16,0.6875
A,3,250,0,5300027,1,0,74,15,0.8666666666666667
A,3,250,0,5300016,1,0,74,15,0.9333333333333333
A,3,250,0,5300017,0,0,228,46,0.8913043478260869
A,3,250,0,5300018,1,0,118,24,0.875
A,3,250,0,5300019,1,0,103,21,0.8095238095238095
A,3,250,0,5300020,1,0,173,35,0.6857142857142857
A,3,250,0,5300021,1,0,74,15,0.9333333333333333
A,3,250,0,5300022,1,0,65,13,0.7692307692307693
A,3,250,0,5300023,0,0,201,41,0.8780487804878049
A,3,250,0,5300004,1,0,125,25,0.88
A,3,250,0,5300005,1,0,236,48,0.8541666666666666
A,3,250,0,5300006,1,0,98,20,0.7
A,3,250,0,5300007,1,0,234,47,0.574468085106383
A,3,250,0,5300044,1,0,51,11,0.6363636363636364
A,3,250,0,5300045,1,0,73,15,0.8666666666666667
A,3,250,0,5300046,0,0,99,20,0.75
A,3,250,0,5300047,1,0,75,15,0.8666666666666667
A,3,250,0,5300032,1,0,130,26,0.5769230769230769
A,3,250,0,5300033,1,0,107,22,0.6363636363636364
A,3,250,0,5300034,1,0,156,32,0.71875
A,3,250,0,5300035,1,0,81,17,0.47058823529411764
A,3,250,0,5300000,1,0,109,22,0.6818181818181818
A,3,250,0,5300001,1,0,104,21,0.47619047619047616
A,3,250,0,5300002,1,0,73,15,0.8666666666666667
A,3,250,0,5300003,0,0,447,90,0.8444444444444444
A,3,250,0,5300040,1,0,76,16,0.875
A,3,250,0,5300041,1,0,133,27,0.7777777777777778
A,3,250,0,5300042,0,0,177,36,0.5833333333333334
A,3,250,0,5300043,1,0,74,15,0.8666666666666667
A,3,250,0,5300052,1,0,65,13,0.8461538461538461
A,3,250,0,5300053,1,0,77,16,0.5
A,3,250,0,5300054,1,0,102,21,0.6666666666666666
A,3,250,0,5300055,1,0,148,30,0.8666666666666667
A,3,250,0,5300036,1,0,72,15,0.6666666666666666
A,3,250,0,5300037,1,0,171,35,0.7714285714285715
A,3,250,0,5300038,1,0,168,34,0.8235294117647058
A,3,250,0,5300039,1,0,162,33,0.6666666666666666
A,3,250,0,5300048,1,0,85,17,0.4117647058823529
A,3,250,0,5300049,0,0,283,57,0.8070175438596491
A,3,250,0,5300050,1,0,131,27,0.8148148148148148
A,3,250,0,5300051,1,0,72,15,0.8666666666666667
A,3,250,0,5300060,0,0,152,31,0.7419354838709677
A,3,250,0,5300061,1,0,119,24,0.7916666666666666
A,3,250,0,5300062,1,0,130,26,0.5384615384615384
A,3,250,0,5300063,1,0,116,24,0.7916666666666666
A,3,250,0,5300056,1,0,124,25,0.72
A,3,250,0,5300057,1,0,143,29,0.6896551724137931
A,3,250,0,5300058,1,0,140,28,0.7857142857142857
A,3,250,0,5300059,1,0,125,25,0.76
A,3,250,0,5300068,1,0,162,33,0.7575757575757576
A,3,250,0,5300069,1,0,73,15,0.8
A,3,250,0,5300070,1,0,164,33,0.7575757575757576
A,3,250,0,5300071,1,0,77,16,0.75
A,3,250,0,5300064,1,0,121,25,0.8
A,3,250,0,5300065,1,0,69,14,0.7857142857142857
A,3,250,0,5300066,1,0,98,20,0.85
A,3,250,0,5300067,0,0,282,57,0.7192982456140351
A,3,250,0,5300084,1,0,76,16,0.9375
A,3,250,0,5300085,0,0,173,35,0.7142857142857143
A,3,250,0,5300086,1,0,96,20,0.6
A,3,250,0,5300087,1,0,129,26,0.7692307692307693
A,3,250,0,5300088,1,0,104,21,0.5714285714285714
A,3,250,0,5300089,1,0,73,15,0.9333333333333333
A,3,250,0,5300090,1,0,122,25,0.88
A,3,250,0,5300091,1,0,127,26,0.8076923076923077
A,3,250,0,5300076,1,0,379,76,0.4605263157894737
A,3,250,0,5300077,1,0,94,19,0.7894736842105263
A,3,250,0,5300078,1,0,113,23,0.6956521739130435
A,3,250,0,5300079,1,0,147,30,0.8666666666666667
A,3,250,0,5300092,1,0,133,27,0.48148148148148145
A,3,250,0,5300093,1,0,125,25,0.68
A,3,250,0,5300094,1,0,120,24,0.7916666666666666
A,3,250,0,5300095,1,0,101,21,0.6666666666666666
A,3,250,0,5300096,1,0,73,15,1.0
A,3,250,0,5300097,1,0,196,40,0.75
A,3,250,0,5300098,1,0,50,10,0.7
A,3,250,0,5300099,1,0,130,26,0.6923076923076923
A,3,250,0,5300100,1,0,76,16,0.75
A,3,250,0,5300101,1,0,147,30,0.8333333333333334
A,3,250,0,5300102,1,0,65,13,0.6923076923076923
A,3,250,0,5300103,1,0,105,21,0.8095238095238095
A,3,250,0,5300080,1,0,101,21,0.6666666666666666
A,3,250,0,5300081,1,0,97,20,0.9
A,3,250,0,5300082,1,0,455,91,0.7032967032967034
A,3,250,0,5300083,1,0,132,27,0.9629629629629629
A,3,250,0,5300108,1,0,146,30,0.8333333333333334
A,3,250,0,5300109,1,0,70,14,0.9285714285714286
A,3,250,0,5300110,1,0,129,26,0.7692307692307693
A,3,250,0,5300111,1,0,120,24,0.75
A,3,250,0,5300120,1,0,120,24,0.9166666666666666
A,3,250,0,5300121,1,0,98,20,0.75
A,3,250,0,5300122,1,0,122,25,0.88
A,3,250,0,5300123,1,0,97,20,0.95
A,3,250,0,5300112,1,0,169,34,0.8235294117647058
A,3,250,0,5300113,1,0,119,24,0.7916666666666666
A,3,250,0,5300114,1,0,125,25,0.84
A,3,250,0,5300115,1,0,94,19,0.7368421052631579
A,3,250,0,5300128,1,0,90,18,0.4444444444444444
A,3,250,0,5300129,1,0,91,19,0.5263157894736842
A,3,250,0,5300130,1,0,130,26,0.8461538461538461
A,3,250,0,5300131,1,0,119,24,0.8333333333333334
A,3,250,0,5300116,1,0,123,25,0.76
A,3,250,0,5300117,1,0,202,41,0.7317073170731707
A,3,250,0,5300118,1,0,115,23,0.8260869565217391
A,3,250,0,5300119,1,0,127,26,0.7307692307692307
A,3,250,0,5300072,1,0,106,22,0.8181818181818182
A,3,250,0,5300073,0,1,600,120,0.9333333333333333
A,3,250,0,5300074,1,0,207,42,0.6190476190476191
A,3,250,0,5300075,1,0,172,35,0.7714285714285715
A,3,250,0,5300124,1,0,131,27,0.6296296296296297
A,3,250,0,5300125,1,0,67,14,0.6428571428571429
A,3,250,0,5300126,0,0,126,26,0.8076923076923077
A,3,250,0,5300127,1,0,275,55,0.7454545454545455
A,3,250,0,5300104,1,0,175,35,0.7142857142857143
A,3,250,0,5300105,1,0,74,15,0.8666666666666667
A,3,250,0,5300106,1,0,343,69,0.5217391304347826
A,3,250,0,5300107,1,0,74,15,0.9333333333333333
A,3,250,0,5300132,1,0,107,22,0.8181818181818182
A,3,250,0,5300133,1,0,113,23,0.9130434782608695
A,3,250,0,5300134,1,0,124,25,0.64
A,3,250,0,5300135,1,0,122,25,0.88
A,3,250,0,5300144,1,0,83,17,0.6470588235294118
A,3,250,0,5300145,1,0,124,25,0.76
A,3,250,0,5300146,1,0,101,21,0.7142857142857143
A,3,250,0,5300147,1,0,73,15,0.8666666666666667
A,3,250,0,5300136,1,0,102,21,0.7619047619047619
A,3,250,0,5300137,1,0,129,26,0.8076923076923077
A,3,250,0,5300138,1,0,118,24,0.75
A,3,250,0,5300139,1,0,122,25,0.72
A,3,250,0,5300140,0,0,101,21,0.8571428571428571
A,3,250,0,5300141,1,0,99,20,0.9
A,3,250,0,5300142,1,0,161,33,0.5151515151515151
A,3,250,0,5300143,0,0,101,21,0.8571428571428571
A,3,250,0,5300148,1,0,121,25,0.84
A,3,250,0,5300149,1,0,93,19,0.631578947368421
A,3,250,0,5300150,1,0,197,40,0.7
A,3,250,0,5300151,1,0,134,27,0.8148148148148148
A,3,250,0,5300152,1,0,156,32,0.75
A,3,250,0,5300153,1,0,84,17,0.7647058823529411
A,3,250,0,5300154,1,0,111,23,0.6956521739130435
A,3,250,0,5300155,1,0,180,36,0.8055555555555556
A,3,250,0,5300160,1,0,126,26,0.8461538461538461
A,3,250,0,5300161,1,0,81,17,0.5882352941176471
A,3,250,0,5300162,1,0,83,17,0.5294117647058824
A,3,250,0,5300163,1,0,141,29,0.896551724137931
A,3,250,0,5300172,1,0,118,24,0.875
A,3,250,0,5300173,1,0,123,25,0.72
A,3,250,0,5300174,1,0,73,15,0.8
A,3,250,0,5300175,0,0,95,19,0.6842105263157895
A,3,250,0,5300156,1,0,101,21,0.8571428571428571
A,3,250,0,5300157,1,0,138,28,0.7142857142857143
A,3,250,0,5300158,1,0,147,30,0.8666666666666667
A,3,250,0,5300159,1,0,200,40,0.925
A,3,250,0,5300168,0,0,102,21,0.7142857142857143
A,3,250,0,5300169,0,0,196,40,0.7
A,3,250,0,5300170,1,0,89,18,0.8888888888888888
A,3,250,0,5300171,1,0,136,28,0.9642857142857143
A,3,250,0,5300176,1,0,162,33,0.696969696969697
A,3,250,0,5300177,1,0,178,36,0.7777777777777778
A,3,250,0,5300178,1,0,95,19,0.7368421052631579
A,3,250,0,5300179,1,0,73,15,0.8666666666666667
A,3,250,0,5300184,1,0,124,25,0.88
A,3,250,0,5300185,1,0,136,28,0.8928571428571429
A,3,250,0,5300186,1,0,121,25,0.64
A,3,250,0,5300187,1,0,118,24,0.7916666666666666
A,3,250,0,5300192,1,0,163,33,0.8787878787878788
A,3,250,0,5300193,0,0,118,24,0.9166666666666666
A,3,250,0,5300194,1,0,80,16,0.75
A,3,250,0,5300195,1,0,69,14,0.6428571428571429
A,3,250,0,5300200,1,0,100,20,0.8
A,3,250,0,5300201,1,0,152,31,0.5483870967741935
A,3,250,0,5300202,1,0,74,15,0.8
A,3,250,0,5300203,1,0,77,16,0.6875
A,3,250,0,5300204,1,0,102,21,0.9047619047619048
A,3,250,0,5300205,0,0,101,21,0.6190476190476191
A,3,250,0,5300206,1,0,74,15,0.9333333333333333
A,3,250,0,5300207,1,0,138,28,0.8571428571428571
A,3,250,0,5300164,1,0,125,25,0.52
A,3,250,0,5300165,1,0,113,23,0.9565217391304348
A,3,250,0,5300166,1,0,81,17,0.6470588235294118
A,3,250,0,5300167,0,1,600,120,0.95
A,3,250,0,5300216,1,0,71,15,0.6666666666666666
A,3,250,0,5300217,1,0,133,27,0.7777777777777778
A,3,250,0,5300218,1,0,124,25,0.64
A,3,250,0,5300219,1,0,122,25,0.76
A,3,250,0,5300212,1,0,115,23,0.8695652173913043
A,3,250,0,5300213,1,0,188,38,0.868421052631579
A,3,250,0,5300214,1,0,129,26,0.8076923076923077
A,3,250,0,5300215,1,0,74,15,0.6666666666666666
A,3,250,0,5300208,1,0,73,15,0.8
A,3,250,0,5300209,1,0,86,18,0.6111111111111112
A,3,250,0,5300210,1,0,292,59,0.6949152542372882
A,3,250,0,5300211,1,0,79,16,0.75
A,3,250,0,5300220,1,0,135,27,0.8888888888888888
A,3,250,0,5300221,0,0,112,23,0.6956521739130435
A,3,250,0,5300222,0,0,161,33,0.6666666666666666
A,3,250,0,5300223,0,0,66,14,0.42857142857142855
A,3,250,0,5300180,1,0,121,25,0.92
A,3,250,0,5300181,1,0,78,16,0.6875
A,3,250,0,5300182,0,0,280,56,0.8035714285714286
A,3,250,0,5300183,0,1,600,120,0.9583333333333334
A,3,250,0,5300228,1,0,102,21,0.8571428571428571
A,3,250,0,5300229,1,0,76,16,0.75
A,3,250,0,5300230,1,0,69,14,0.9285714285714286
A,3,250,0,5300231,1,0,144,29,0.7241379310344828
A,3,250,0,5300240,1,0,98,20,0.85
A,3,250,0,5300241,1,0,158,32,0.53125
A,3,250,0,5300242,0,0,180,36,0.8611111111111112
A,3,250,0,5300243,1,0,101,21,0.7619047619047619
A,3,250,0,5300188,1,0,146,30,0.9
A,3,250,0,5300189,0,1,600,120,0.925
A,3,250,0,5300190,1,0,90,18,0.6666666666666666
A,3,250,0,5300191,0,0,226,46,0.5652173913043478
A,3,250,0,5300224,1,0,74,15,1.0
A,3,250,0,5300225,1,0,119,24,0.875
A,3,250,0,5300226,0,0,213,43,0.8604651162790697
A,3,250,0,5300227,1,0,236,48,0.625
A,3,250,0,5300244,1,0,114,23,0.8695652173913043
A,3,250,0,5300245,1,0,137,28,0.8571428571428571
A,3,250,0,5300246,1,0,115,23,0.8695652173913043
A,3,250,0,5300247,0,0,241,49,0.5102040816326531
A,3,250,0,5300248,1,0,149,30,0.6333333333333333
A,3,250,0,5300249,1,0,123,25,0.84
A,3,250,0,5300250,1,0,121,25,0.92
A,3,250,0,5300251,1,0,97,20,0.95
A,3,250,0,5300236,1,0,128,26,0.8461538461538461
A,3,250,0,5300237,1,0,219,44,0.8636363636363636
A,3,250,0,5300238,1,0,203,41,0.6341463414634146
A,3,250,0,5300239,1,0,123,25,0.8
A,3,250,0,5300232,1,0,76,16,0.875
A,3,250,0,5300233,0,1,600,120,0.6666666666666666
A,3,250,0,5300234,1,0,94,19,0.7894736842105263
A,3,250,0,5300235,0,0,150,30,0.6666666666666666
A,3,250,0,5300256,1,0,127,26,0.6538461538461539
A,3,250,0,5300257,0,0,183,37,0.8108108108108109
A,3,250,0,5300258,1,0,80,16,0.4375
A,3,250,0,5300259,1,0,116,24,0.875
A,3,250,0,5300260,1,0,93,19,0.9473684210526315
A,3,250,0,5300261,1,0,114,23,0.7391304347826086
A,3,250,0,5300262,1,0,148,30,0.7
A,3,250,0,5300263,1,0,158,32,0.75
A,3,250,0,5300268,1,0,201,41,0.8536585365853658
A,3,250,0,5300269,1,0,95,19,0.6842105263157895
A,3,250,0,5300270,1,0,97,20,0.9
A,3,250,0,5300271,1,0,72,15,0.8666666666666667
A,3,250,0,5300252,1,0,116,24,0.7083333333333334
A,3,250,0,5300253,1,0,125,25,0.76
A,3,250,0,5300254,1,0,142,29,0.7586206896551724
A,3,250,0,5300255,0,0,275,55,0.9090909090909091
A,3,250,0,5300264,1,0,159,32,0.625
A,3,250,0,5300265,1,0,112,23,0.5652173913043478
A,3,250,0,5300266,1,0,233,47,0.5957446808510638
A,3,250,0,5300267,1,0,84,17,0.7058823529411765
A,3,250,0,5300196,0,1,600,120,0.5916666666666667
A,3,250,0,5300197,0,1,600,120,0.6916666666666667
A,3,250,0,5300198,1,0,117,24,0.9166666666666666
A,3,250,0,5300199,1,0,123,25,0.68
A,3,250,0,5300272,1,0,56,12,0.8333333333333334
A,3,250,0,5300273,1,0,156,32,0.6875
A,3,250,0,5300274,1,0,73,15,0.8
A,3,250,0,5300275,1,0,224,45,0.7555555555555555
A,3,250,0,5300276,0,0,188,38,0.5526315789473685
A,3,250,0,5300277,1,0,122,25,0.84
A,3,250,0,5300278,1,0,86,18,0.7777777777777778
A,3,250,0,5300279,1,0,117,24,0.8333333333333334
A,3,250,0,5300280,1,0,157,32,0.53125
A,3,250,0,5300281,1,0,103,21,0.6190476190476191
A,3,250,0,5300282,1,0,68,14,0.6428571428571429
A,3,250,0,5300283,1,0,145,29,0.8275862068965517
A,3,250,0,5300292,1,0,117,24,0.7916666666666666
A,3,250,0,5300293,1,0,111,23,0.8260869565217391
A,3,250,0,5300294,1,0,124,25,0.8
A,3,250,0,5300295,0,0,98,20,0.85
A,3,250,0,5300288,1,0,150,30,0.7
A,3,250,0,5300289,1,0,155,31,0.3225806451612903
A,3,250,0,5300290,1,0,74,15,0.8
A,3,250,0,5300291,1,0,102,21,0.8095238095238095
A,3,250,0,5300300,1,0,147,30,0.8
A,3,250,0,5300301,0,0,74,15,0.4666666666666667
A,3,250,0,5300302,1,0,98,20,0.95
A,3,250,0,5300303,1,0,74,15,0.5333333333333333
A,3,250,0,5300284,1,0,169,34,0.7941176470588235
A,3,250,0,5300285,1,0,115,23,0.7391304347826086
A,3,250,0,5300286,1,0,187,38,0.7631578947368421
A,3,250,0,5300287,1,0,152,31,0.9032258064516129
A,3,250,0,5300308,1,0,118,24,0.875
A,3,250,0,5300309,1,0,115,23,0.9130434782608695
A,3,250,0,5300310,1,0,73,15,0.6666666666666666
A,3,250,0,5300311,1,0,73,15,0.8666666666666667
A,3,250,0,5300304,1,0,143,29,0.8620689655172413
A,3,250,0,5300305,0,0,129,26,0.5769230769230769
A,3,250,0,5300306,1,0,120,24,0.8333333333333334
A,3,250,0,5300307,1,0,92,19,0.7894736842105263
A,3,250,0,5300312,0,0,167,34,0.8529411764705882
A,3,250,0,5300313,1,0,77,16,0.75
A,3,250,0,5300314,1,0,76,16,0.6875
A,3,250,0,5300315,1,0,196,40,0.85
A,3,250,0,5300320,1,0,76,16,0.5
A,3,250,0,5300321,1,0,121,25,0.76
A,3,250,0,5300322,0,0,103,21,0.6666666666666666
A,3,250,0,5300323,1,0,157,32,0.84375
A,3,250,0,5300332,0,0,158,32,0.65625
A,3,250,0,5300333,1,0,73,15,0.8666666666666667
A,3,250,0,5300334,1,0,81,17,0.5882352941176471
A,3,250,0,5300335,1,0,74,15,0.8
A,3,250,0,5300328,1,0,90,18,0.6111111111111112
A,3,250,0,5300329,1,0,73,15,0.8666666666666667
A,3,250,0,5300330,0,0,102,21,0.5714285714285714
A,3,250,0,5300331,1,0,141,29,0.8275862068965517
A,3,250,0,5300324,1,0,73,15,0.8666666666666667
A,3,250,0,5300325,1,0,98,20,0.7
A,3,250,0,5300326,1,0,182,37,0.7297297297297297
A,3,250,0,5300327,1,0,80,16,0.8125
A,3,250,0,5300316,1,0,213,43,0.8372093023255814
A,3,250,0,5300317,0,0,114,23,0.6521739130434783
A,3,250,0,5300318,1,0,148,30,0.6333333333333333
A,3,250,0,5300319,1,0,150,30,0.8666666666666667
A,3,250,0,5300336,1,0,121,25,0.8
A,3,250,0,5300337,1,0,66,14,1.0
A,3,250,0,5300338,1,0,134,27,0.7037037037037037
A,3,250,0,5300339,0,0,221,45,0.7777777777777778
A,3,250,0,5300340,1,0,102,21,0.8571428571428571
A,3,250,0,5300341,1,0,101,21,0.7142857142857143
A,3,250,0,5300342,1,0,108,22,0.7272727272727273
A,3,250,0,5300343,1,0,90,18,0.7222222222222222
A,3,250,0,5300352,1,0,77,16,0.8125
A,3,250,0,5300353,0,0,153,31,0.5806451612903226
A,3,250,0,5300354,1,0,121,25,0.8
A,3,250,0,5300355,1,0,116,24,0.7916666666666666
A,3,250,0,5300348,1,0,178,36,0.8611111111111112
A,3,250,0,5300349,1,0,148,30,0.9
A,3,250,0,5300350,1,0,66,14,0.5
A,3,250,0,5300351,0,0,96,20,0.3
A,3,250,0,5300360,1,0,79,16,0.625
A,3,250,0,5300361,1,0,79,16,0.9375
A,3,250,0,5300362,1,0,73,15,0.8666666666666667
A,3,250,0,5300363,0,0,145,29,0.7586206896551724
A,3,250,0,5300344,1,0,204,41,0.6829268292682927
A,3,250,0,5300345,1,0,73,15,1.0
A,3,250,0,5300346,1,0,107,22,0.6818181818181818
A,3,250,0,5300347,1,0,227,46,0.5869565217391305
A,3,250,0,5300368,1,0,49,10,0.9
A,3,250,0,5300369,1,0,71,15,0.6666666666666666
A,3,250,0,5300370,1,0,124,25,0.88
A,3,250,0,5300371,1,0,73,15,0.9333333333333333
A,3,250,0,5300296,1,0,123,25,0.84
A,3,250,0,5300297,0,1,600,120,0.975
A,3,250,0,5300298,1,0,73,15,1.0
A,3,250,0,5300299,1,0,70,14,0.7857142857142857
A,3,250,0,5300364,1,0,101,21,0.5238095238095238
A,3,250,0,5300365,0,0,204,41,0.6341463414634146
A,3,250,0,5300366,1,0,173,35,0.8285714285714286
A,3,250,0,5300367,1,0,133,27,0.8888888888888888
A,3,250,0,5300372,1,0,115,23,0.8695652173913043
A,3,250,0,5300373,1,0,165,33,0.6363636363636364
A,3,250,0,5300374,1,0,80,16,0.875
A,3,250,0,5300375,1,0,74,15,0.8666666666666667
A,3,250,0,5300384,1,0,75,15,0.8
A,3,250,0,5300385,1,0,145,29,0.7586206896551724
A,3,250,0,5300386,1,0,152,31,0.8064516129032258
A,3,250,0,5300387,1,0,73,15,0.8666666666666667
A,3,250,0,5300376,1,0,136,28,0.8214285714285714
A,3,250,0,5300377,1,0,121,25,0.88
A,3,250,0,5300378,0,0,151,31,0.7741935483870968
A,3,250,0,5300379,1,0,179,36,0.9166666666666666
A,3,250,0,5300380,1,0,96,20,0.6
A,3,250,0,5300381,1,0,161,33,0.7272727272727273
A,3,250,0,5300382,1,0,122,25,0.72
A,3,250,0,5300383,1,0,202,41,0.8780487804878049
A,3,250,0,5300388,1,0,129,26,0.8846153846153846
A,3,250,0,5300389,1,0,182,37,0.7837837837837838
A,3,250,0,5300390,0,0,126,26,0.7692307692307693
A,3,250,0,5300391,1,0,126,26,0.7692307692307693
A,3,250,0,5300392,1,0,149,30,0.6666666666666666
A,3,250,0,5300393,1,0,93,19,0.3684210526315789
A,3,250,0,5300394,1,0,150,30,0.4666666666666667
A,3,250,0,5300395,1,0,89,18,0.7777777777777778
A,3,250,0,5300400,1,0,104,21,0.8095238095238095
A,3,250,0,5300401,1,0,226,46,0.8913043478260869
A,3,250,0,5300402,1,0,73,15,0.7333333333333333
A,3,250,0,5300403,1,0,107,22,0.6818181818181818
A,3,250,0,5300412,1,0,89,18,0.6666666666666666
A,3,250,0,5300413,1,0,74,15,1.0
A,3,250,0,5300414,1,0,115,23,0.782608695652174
A,3,250,0,5300415,1,0,153,31,0.7741935483870968
A,3,250,0,5300408,1,0,77,16,0.6875
A,3,250,0,5300409,1,0,124,25,0.64
A,3,250,0,5300410,0,0,103,21,0.8095238095238095
A,3,250,0,5300411,1,0,207,42,0.7142857142857143
A,3,250,0,5300404,0,0,256,52,0.8653846153846154
A,3,250,0,5300405,0,0,105,21,0.47619047619047616
A,3,250,0,5300406,1,0,158,32,0.625
A,3,250,0,5300407,1,0,74,15,0.9333333333333333
A,3,250,0,5300416,1,0,125,25,0.8
A,3,250,0,5300417,1,0,126,26,0.7692307692307693
A,3,250,0,5300418,1,0,103,21,0.8571428571428571
A,3,250,0,5300419,1,0,125,25,0.88
A,3,250,0,5300420,1,0,123,25,0.76
A,3,250,0,5300421,1,0,148,30,0.6333333333333333
A,3,250,0,5300422,1,0,75,15,0.9333333333333333
A,3,250,0,5300423,1,0,81,17,0.6470588235294118
A,3,250,0,5300424,1,0,138,28,0.6785714285714286
A,3,250,0,5300425,1,0,102,21,0.6666666666666666
A,3,250,0,5300426,1,0,82,17,0.7647058823529411
A,3,250,0,5300427,1,0,71,15,0.6
A,3,250,0,5300356,0,1,600,120,0.95
A,3,250,0,5300357,0,1,600,120,0.6083333333333333
A,3,250,0,5300358,1,0,118,24,0.875
A,3,250,0,5300359,1,0,76,16,0.8125
A,3,250,0,5300440,1,0,76,16,0.75
A,3,250,0,5300441,1,0,66,14,0.9285714285714286
A,3,250,0,5300442,1,0,116,24,0.9583333333333334
A,3,250,0,5300443,1,0,73,15,0.9333333333333333
A,3,250,0,5300396,1,0,86,18,0.9444444444444444
A,3,250,0,5300397,0,0,76,16,0.8125
A,3,250,0,5300398,1,0,98,20,0.95
A,3,250,0,5300399,0,1,600,120,0.7833333333333333
A,3,250,0,5300432,1,0,56,12,0.6666666666666666
A,3,250,0,5300433,1,0,69,14,0.9285714285714286
A,3,250,0,5300434,0,0,110,22,0.7272727272727273
A,3,250,0,5300435,1,0,156,32,0.875
A,3,250,0,5300428,1,0,146,30,0.8
A,3,250,0,5300429,1,0,152,31,0.8387096774193549
A,3,250,0,5300430,1,0,76,16,0.625
A,3,250,0,5300431,1,0,95,19,0.8947368421052632
A,3,250,0,5300448,1,0,94,19,0.7368421052631579
A,3,250,0,5300449,1,0,75,15,0.8
A,3,250,0,5300450,1,0,84,17,0.6470588235294118
A,3,250,0,5300451,1,0,99,20,0.6
A,3,250,0,5300436,1,0,76,16,0.6875
A,3,250,0,5300437,1,0,73,15,0.9333333333333333
A,3,250,0,5300438,0,0,270,54,0.6666666666666666
A,3,250,0,5300439,1,0,72,15,0.7333333333333333
A,3,250,0,5300452,1,0,136,28,0.7857142857142857
A,3,250,0,5300453,1,0,121,25,0.88
A,3,250,0,5300454,1,0,115,23,0.782608695652174
A,3,250,0,5300455,1,0,103,21,0.8571428571428571
A,3,250,0,5300464,1,0,126,26,0.7692307692307693
A,3,250,0,5300465,1,0,141,29,0.7241379310344828
A,3,250,0,5300466,1,0,106,22,0.6363636363636364
A,3,250,0,5300467,1,0,113,23,0.8695652173913043
A,3,250,0,5300476,1,0,69,14,0.8571428571428571
A,3,250,0,5300477,1,0,51,11,0.7272727272727273
A,3,250,0,5300478,1,0,86,18,0.8888888888888888
A,3,250,0,5300479,1,0,143,29,0.896551724137931
A,3,250,0,5300460,1,0,158,32,0.71875
A,3,250,0,5300461,1,0,135,27,0.5185185185185185
A,3,250,0,5300462,1,0,118,24,0.875
A,3,250,0,5300463,1,0,74,15,0.9333333333333333
A,3,250,0,5300472,0,0,85,17,0.7058823529411765
A,3,250,0,5300473,1,0,90,18,0.7222222222222222
A,3,250,0,5300474,1,0,114,23,0.782608695652174
A,3,250,0,5300475,1,0,132,27,0.6666666666666666
A,3,250,0,5300456,1,0,121,25,1.0
A,3,250,0,5300457,1,0,121,25,0.84
A,3,250,0,5300458,0,0,226,46,0.8695652173913043
A,3,250,0,5300459,1,0,124,25,0.52
A,3,250,0,5300444,1,0,68,14,1.0
A,3,250,0,5300445,0,0,471,95,0.968421052631579
A,3,250,0,5300446,0,0,122,25,0.96
A,3,250,0,5300447,1,0,128,26,0.7307692307692307
A,3,250,0,5300488,1,0,133,27,0.7777777777777778
A,3,250,0,5300489,1,0,94,19,0.47368421052631576
A,3,250,0,5300490,1,0,102,21,0.7619047619047619
A,3,250,0,5300491,1,0,126,26,0.6923076923076923
A,3,250,0,5300484,0,0,125,25,0.96
A,3,250,0,5300485,1,0,206,42,0.7142857142857143
A,3,250,0,5300486,1,0,122,25,0.84
A,3,250,0,5300487,1,0,98,20,0.55
A,3,250,0,5300492,1,0,125,25,0.72
A,3,250,0,5300493,1,0,126,26,0.8461538461538461
A,3,250,0,5300494,0,0,159,32,0.75
A,3,250,0,5300495,1,0,120,24,0.7916666666666666
A,3,250,0,5300480,1,0,121,25,0.76
A,3,250,0,5300481,1,0,371,75,0.9733333333333334
A,3,250,0,5300482,1,0,132,27,0.8148148148148148
A,3,250,0,5300483,1,0,77,16,0.5
A,3,250,0,5300468,1,0,84,17,0.6470588235294118
A,3,250,0,5300469,0,0,562,113,0.9557522123893806
A,3,250,0,5300470,1,0,77,16,0.4375
A,3,250,0,5300471,1,0,140,28,0.7142857142857143
A,3,250,0,5300496,1,0,148,30,0.9
A,3,250,0,5300497,0,1,600,120,0.9083333333333333
A,3,250,0,5300498,0,0,136,28,0.7142857142857143
A,3,250,0,5300499,1,0,138,28,0.6428571428571429
A,3,250,1,5350028,1,0,98,0,0.95
A,3,250,1,5350029,1,0,101,0,0.7142857142857143
A,3,250,1,5350030,0,0,110,0,0.8181818181818182
A,3,250,1,5350031,0,0,88,0,0.7777777777777778
A,3,250,1,5350020,1,0,99,0,0.85
A,3,250,1,5350021,1,0,125,0,0.8
A,3,250,1,5350022,1,0,105,0,0.6666666666666666
A,3,250,1,5350023,1,0,127,0,0.8076923076923077
A,3,250,1,5350016,1,0,150,0,0.7
A,3,250,1,5350017,1,0,128,0,0.6923076923076923
A,3,250,1,5350018,1,0,108,0,0.6818181818181818
A,3,250,1,5350019,1,0,76,0,0.625
A,3,250,1,5350024,1,0,167,0,0.8823529411764706
A,3,250,1,5350025,1,0,101,0,0.9523809523809523
A,3,250,1,5350026,1,0,113,0,0.8260869565217391
A,3,250,1,5350027,0,0,107,0,0.6363636363636364
A,3,250,1,5350000,0,0,181,0,0.8918918918918919
A,3,250,1,5350001,1,0,173,0,0.8
A,3,250,1,5350002,1,0,75,0,0.8
A,3,250,1,5350003,1,0,104,0,0.8095238095238095
A,3,250,1,5350032,1,0,93,0,0.6842105263157895
A,3,250,1,5350033,1,0,137,0,0.7857142857142857
A,3,250,1,5350034,1,0,155,0,0.8387096774193549
A,3,250,1,5350035,1,0,89,0,0.7222222222222222
A,3,250,1,5350040,1,0,71,0,0.9333333333333333
A,3,250,1,5350041,1,0,149,0,0.5666666666666667
A,3,250,1,5350042,1,0,147,0,0.8333333333333334
A,3,250,1,5350043,1,0,92,0,0.631578947368421
A,3,250,1,5350036,1,0,97,0,0.6
A,3,250,1,5350037,1,0,152,0,0.7419354838709677
A,3,250,1,5350038,1,0,255,0,0.7058823529411765
A,3,250,1,5350039,0,0,170,0,0.6470588235294118
A,3,250,1,5350044,1,0,263,0,0.6226415094339622
A,3,250,1,5350045,1,0,231,0,0.7872340425531915
A,3,250,1,5350046,1,0,129,0,0.9230769230769231
A,3,250,1,5350047,1,0,77,0,0.9375
A,3,250,1,5350008,1,0,103,0,0.7142857142857143
A,3,250,1,5350009,1,0,120,0,0.75
A,3,250,1,5350010,1,0,131,0,0.8888888888888888
A,3,250,1,5350011,0,1,600,0,1.0
A,3,250,1,5350048,1,0,75,0,0.8
A,3,250,1,5350049,1,0,258,0,0.8269230769230769
A,3,250,1,5350050,1,0,112,0,0.6956521739130435
A,3,250,1,5350051,0,0,351,0,0.8169014084507042
A,3,250,1,5350004,1,0,85,0,0.8823529411764706
A,3,250,1,5350005,1,0,111,0,0.8695652173913043
A,3,250,1,5350006,0,1,600,0,0.95
A,3,250,1,5350007,1,0,185,0,0.8378378378378378
A,3,250,1,5350060,1,0,133,0,0.6666666666666666
A,3,250,1,5350061,1,0,66,0,0.7857142857142857
A,3,250,1,5350062,1,0,134,0,0.8888888888888888
A,3,250,1,5350063,1,0,75,0,0.9333333333333333
A,3,250,1,5350012,0,0,68,0,0.7857142857142857
A,3,250,1,5350013,1,0,271,0,0.7818181818181819
A,3,250,1,5350014,0,1,600,0,0.9666666666666667
A,3,250,1,5350015,1,0,254,0,0.7254901960784313
A,3,250,1,5350052,0,0,218,0,0.8863636363636364
A,3,250,1,5350053,1,0,216,0,0.7954545454545454
A,3,250,1,5350054,1,0,126,0,0.8461538461538461
A,3,250,1,5350055,1,0,93,0,0.7894736842105263
A,3,250,1,5350076,0,0,100,0,0.65
A,3,250,1,5350077,1,0,125,0,0.88
A,3,250,1,5350078,1,0,117,0,0.7916666666666666
A,3,250,1,5350079,0,0,107,0,0.8636363636363636
A,3,250,1,5350064,1,0,231,0,0.6595744680851063
A,3,250,1,5350065,1,0,160,0,0.78125
A,3,250,1,5350066,1,0,148,0,0.9666666666666667
A,3,250,1,5350067,1,0,205,0,0.7560975609756098
A,3,250,1,5350056,1,0,180,0,0.9444444444444444
A,3,250,1,5350057,0,0,140,0,0.8571428571428571
A,3,250,1,5350058,1,0,102,0,0.9047619047619048
A,3,250,1,5350059,1,0,477,0,0.9583333333333334
A,3,250,1,5350080,1,0,88,0,0.5555555555555556
A,3,250,1,5350081,1,0,127,0,0.7692307692307693
A,3,250,1,5350082,1,0,221,0,0.8666666666666667
A,3,250,1,5350083,1,0,151,0,0.8387096774193549
A,3,250,1,5350092,1,0,51,0,0.6363636363636364
A,3,250,1,5350093,1,0,97,0,0.85
A,3,250,1,5350094,1,0,88,0,0.7222222222222222
A,3,250,1,5350095,1,0,75,0,0.9333333333333333
A,3,250,1,5350072,1,0,99,0,0.8
A,3,250,1,5350073,1,0,80,0,0.75
A,3,250,1,5350074,1,0,71,0,0.8
A,3,250,1,5350075,0,1,600,0,0.9666666666666667
A,3,250,1,5350068,1,0,96,0,0.75
A,3,250,1,5350069,0,0,74,0,0.7333333333333333
A,3,250,1,5350070,0,1,600,0,0.9916666666666667
A,3,250,1,5350071,1,0,83,0,0.7647058823529411
A,3,250,1,5350088,0,0,454,0,0.7912087912087912
A,3,250,1,5350089,1,0,111,0,0.9130434782608695
A,3,250,1,5350090,1,0,147,0,0.5333333333333333
A,3,250,1,5350091,0,0,105,0,0.9523809523809523
A,3,250,1,5350100,1,0,172,0,0.8285714285714286
A,3,250,1,5350101,1,0,133,0,0.9259259259259259
A,3,250,1,5350102,1,0,141,0,0.8275862068965517
A,3,250,1,5350103,1,0,161,0,0.8484848484848485
A,3,250,1,5350104,1,0,277,0,0.8571428571428571
A,3,250,1,5350105,1,0,144,0,0.9310344827586207
A,3,250,1,5350106,1,0,104,0,0.5238095238095238
A,3,250,1,5350107,1,0,136,0,0.8928571428571429
A,3,250,1,5350108,1,0,150,0,0.6333333333333333
A,3,250,1,5350109,1,0,94,0,0.9473684210526315
A,3,250,1,5350110,1,0,286,0,0.603448275862069
A,3,250,1,5350111,1,0,98,0,0.8
A,3,250,1,5350112,1,0,134,0,0.8518518518518519
A,3,250,1,5350113,1,0,208,0,0.8809523809523809
A,3,250,1,5350114,0,0,103,0,0.7619047619047619
A,3,250,1,5350115,1,0,163,0,0.696969696969697
A,3,250,1,5350084,0,1,600,0,0.9583333333333334
A,3,250,1,5350085,1,0,86,0,0.8888888888888888
A,3,250,1,5350086,0,0,127,0,0.8461538461538461
A,3,250,1,5350087,0,1,600,0,0.9583333333333334
A,3,250,1,5350124,1,0,108,0,0.7727272727272727
A,3,250,1,5350125,0,0,240,0,0.9583333333333334
A,3,250,1,5350126,1,0,122,0,0.84
A,3,250,1,5350127,1,0,96,0,0.75
A,3,250,1,5350140,1,0,103,0,0.7142857142857143
A,3,250,1,5350141,0,0,76,0,0.875
A,3,250,1,5350142,1,0,141,0,0.7241379310344828
A,3,250,1,5350143,0,0,108,0,0.9090909090909091
A,3,250,1,5350116,0,0,104,0,0.6666666666666666
A,3,250,1,5350117,1,0,513,0,0.6504854368932039
A,3,250,1,5350118,1,0,151,0,0.5806451612903226
A,3,250,1,5350119,0,0,116,0,0.7916666666666666
A,3,250,1,5350136,1,0,326,0,0.7878787878787878
A,3,250,1,5350137,1,0,67,0,0.7857142857142857
A,3,250,1,5350138,1,0,105,0,0.8571428571428571
A,3,250,1,5350139,1,0,77,0,0.9375
A,3,250,1,5350120,1,0,74,0,0.8666666666666667
A,3,250,1,5350121,0,1,600,0,0.9666666666666667
A,3,250,1,5350122,1,0,154,0,0.8064516129032258
A,3,250,1,5350123,1,0,237,0,0.75
A,3,250,1,5350128,0,0,173,0,0.9428571428571428
A,3,250,1,5350129,1,0,92,0,0.8421052631578947
A,3,250,1,5350130,0,1,600,0,0.9583333333333334
A,3,250,1,5350131,1,0,98,0,0.95
A,3,250,1,5350096,0,1,600,0,0.9916666666666667
A,3,250,1,5350097,1,0,72,0,0.7333333333333333
A,3,250,1,5350098,1,0,383,0,0.8571428571428571
A,3,250,1,5350099,1,0,105,0,0.8095238095238095
A,3,250,1,5350160,1,0,122,0,0.84
A,3,250,1,5350161,1,0,167,0,0.6764705882352942
A,3,250,1,5350162,0,0,136,0,0.9642857142857143
A,3,250,1,5350163,1,0,132,0,0.7777777777777778
A,3,250,1,5350156,1,0,110,0,0.6818181818181818
A,3,250,1,5350157,0,0,156,0,0.8125
A,3,250,1,5350158,0,0,235,0,0.8723404255319149
A,3,250,1,5350159,1,0,114,0,0.782608695652174
A,3,250,1,5350168,1,0,122,0,0.96
A,3,250,1,5350169,1,0,87,0,0.8888888888888888
A,3,250,1,5350170,1,0,105,0,0.8095238095238095
A,3,250,1,5350171,1,0,74,0,1.0
A,3,250,1,5350164,0,0,173,0,0.7428571428571429
A,3,250,1,5350165,1,0,149,0,0.7333333333333333
A,3,250,1,5350166,1,0,193,0,0.8717948717948718
A,3,250,1,5350167,1,0,78,0,0.9375
A,3,250,1,5350152,1,0,115,0,0.6956521739130435
A,3,250,1,5350153,0,1,600,0,0.9416666666666667
A,3,250,1,5350154,1,0,120,0,0.7083333333333334
A,3,250,1,5350155,1,0,101,0,0.9047619047619048
A,3,250,1,5350132,1,0,172,0,0.6285714285714286
A,3,250,1,5350133,1,0,81,0,0.7647058823529411
A,3,250,1,5350134,1,0,203,0,0.8048780487804879
A,3,250,1,5350135,0,1,600,0,0.975
A,3,250,1,5350148,0,1,600,0,0.6416666666666667
A,3,250,1,5350149,1,0,105,0,0.7142857142857143
A,3,250,1,5350150,0,0,129,0,0.8846153846153846
A,3,250,1,5350151,1,0,210,0,0.8571428571428571
A,3,250,1,5350196,0,0,68,0,0.6428571428571429
A,3,250,1,5350197,1,0,105,0,0.9047619047619048
A,3,250,1,5350198,0,0,83,0,0.5294117647058824
A,3,250,1,5350199,1,0,94,0,0.5789473684210527
A,3,250,1,5350188,1,0,207,0,0.8333333333333334
A,3,250,1,5350189,1,0,74,0,0.8
A,3,250,1,5350190,0,0,116,0,0.9166666666666666
A,3,250,1,5350191,0,0,124,0,0.88
A,3,250,1,5350192,1,0,169,0,0.7352941176470589
A,3,250,1,5350193,0,0,128,0,0.7692307692307693
A,3,250,1,5350194,1,0,99,0,0.75
A,3,250,1,5350195,0,0,202,0,0.7317073170731707
A,3,250,1,5350144,1,0,150,0,0.7666666666666667
A,3,250,1,5350145,0,1,600,0,0.7833333333333333
A,3,250,1,5350146,0,1,600,0,0.9916666666666667
A,3,250,1,5350147,1,0,83,0,0.6470588235294118
A,3,250,1,5350184,1,0,116,0,0.75
A,3,250,1,5350185,1,0,186,0,0.6842105263157895
A,3,250,1,5350186,1,0,297,0,0.7833333333333333
A,3,250,1,5350187,1,0,115,0,0.9565217391304348
A,3,250,1,5350172,0,0,176,0,0.6944444444444444
A,3,250,1,5350173,1,0,168,0,0.8529411764705882
A,3,250,1,5350174,1,0,157,0,0.78125
A,3,250,1,5350175,1,0,467,0,0.9680851063829787
A,3,250,1,5350200,1,0,75,0,0.9333333333333333
A,3,250,1,5350201,1,0,75,0,0.8666666666666667
A,3,250,1,5350202,1,0,116,0,0.7083333333333334
A,3,250,1,5350203,1,0,179,0,0.7777777777777778
A,3,250,1,5350204,1,0,119,0,0.7916666666666666
A,3,250,1,5350205,0,0,100,0,0.85
A,3,250,1,5350206,1,0,122,0,0.8
A,3,250,1,5350207,1,0,88,0,0.7777777777777778
A,3,250,1,5350212,1,0,75,0,0.8666666666666667
A,3,250,1,5350213,1,0,139,0,0.7857142857142857
A,3,250,1,5350214,1,0,118,0,0.75
A,3,250,1,5350215,1,0,88,0,0.7222222222222222
A,3,250,1,5350220,1,0,175,0,0.7714285714285715
A,3,250,1,5350221,1,0,144,0,0.8620689655172413
A,3,250,1,5350222,1,0,90,0,0.7777777777777778
A,3,250,1,5350223,1,0,106,0,0.7727272727272727
A,3,250,1,5350180,0,1,600,0,0.9166666666666666
A,3,250,1,5350181,1,0,87,0,0.8888888888888888
A,3,250,1,5350182,0,0,222,0,0.8
A,3,250,1,5350183,1,0,142,0,0.7586206896551724
A,3,250,1,5350216,0,0,249,0,0.94
A,3,250,1,5350217,1,0,170,0,0.7941176470588235
A,3,250,1,5350218,1,0,90,0,0.9444444444444444
A,3,250,1,5350219,1,0,122,0,0.92
A,3,250,1,5350176,1,0,135,0,0.6666666666666666
A,3,250,1,5350177,1,0,73,0,0.9333333333333333
A,3,250,1,5350178,0,1,600,0,0.9583333333333334
A,3,250,1,5350179,1,0,133,0,0.7037037037037037
A,3,250,1,5350232,1,0,79,0,0.875
A,3,250,1,5350233,1,0,112,0,0.8260869565217391
A,3,250,1,5350234,1,0,148,0,0.6333333333333333
A,3,250,1,5350235,1,0,122,0,0.92
A,3,250,1,5350208,1,0,83,0,0.9411764705882353
A,3,250,1,5350209,1,0,188,0,0.7631578947368421
A,3,250,1,5350210,1,0,112,0,0.782608695652174
A,3,250,1,5350211,0,0,515,0,0.9514563106796117
A,3,250,1,5350224,0,0,253,0,0.8823529411764706
A,3,250,1,5350225,1,0,128,0,0.7307692307692307
A,3,250,1,5350226,1,0,108,0,0.7272727272727273
A,3,250,1,5350227,1,0,166,0,0.6764705882352942
A,3,250,1,5350228,1,0,334,0,0.9552238805970149
A,3,250,1,5350229,1,0,107,0,0.8181818181818182
A,3,250,1,5350230,1,0,139,0,0.7857142857142857
A,3,250,1,5350231,1,0,109,0,0.8181818181818182
A,3,250,1,5350236,1,0,172,0,0.8
A,3,250,1,5350237,0,0,149,0,1.0
A,3,250,1,5350238,1,0,107,0,0.6818181818181818
A,3,250,1,5350239,1,0,97,0,0.85
A,3,250,1,5350248,1,0,198,0,0.775
A,3,250,1,5350249,1,0,56,0,0.9166666666666666
A,3,250,1,5350250,1,0,103,0,0.9047619047619048
A,3,250,1,5350251,1,0,75,0,0.8666666666666667
A,3,250,1,5350240,1,0,196,0,0.6
A,3,250,1,5350241,1,0,195,0,0.9487179487179487
A,3,250,1,5350242,1,0,121,0,0.72
A,3,250,1,5350243,1,0,144,0,0.6896551724137931
A,3,250,1,5350260,0,0,109,0,0.6363636363636364
A,3,250,1,5350261,1,0,105,0,0.7619047619047619
A,3,250,1,5350262,1,0,102,0,0.7142857142857143
A,3,250,1,5350263,1,0,129,0,0.9230769230769231
A,3,250,1,5350264,0,0,127,0,0.7307692307692307
A,3,250,1,5350265,0,0,148,0,0.6666666666666666
A,3,250,1,5350266,1,0,123,0,0.8
A,3,250,1,5350267,0,0,130,0,0.7692307692307693
A,3,250,1,5350268,1,0,119,0,0.9583333333333334
A,3,250,1,5350269,1,0,206,0,0.8333333333333334
A,3,250,1,5350270,0,0,152,0,0.8387096774193549
A,3,250,1,5350271,1,0,190,0,0.8947368421052632
A,3,250,1,5350244,1,0,102,0,0.7142857142857143
A,3,250,1,5350245,1,0,128,0,0.8461538461538461
A,3,250,1,5350246,0,1,600,0,0.975
A,3,250,1,5350247,1,0,160,0,0.75
A,3,250,1,5350272,1,0,120,0,0.6666666666666666
A,3,250,1,5350273,1,0,115,0,0.5652173913043478
A,3,250,1,5350274,1,0,115,0,0.6956521739130435
A,3,250,1,5350275,1,0,333,0,0.8955223880597015
A,3,250,1,5350256,0,0,136,0,0.8571428571428571
A,3,250,1,5350257,0,0,154,0,0.9032258064516129
A,3,250,1,5350258,0,1,600,0,0.9333333333333333
A,3,250,1,5350259,0,0,242,0,0.9387755102040817
A,3,250,1,5350280,1,0,191,0,0.8461538461538461
A,3,250,1,5350281,1,0,326,0,0.696969696969697
A,3,250,1,5350282,1,0,112,0,0.782608695652174
A,3,250,1,5350283,0,0,213,0,0.9767441860465116
A,3,250,1,5350252,0,0,151,0,0.5161290322580645
A,3,250,1,5350253,0,1,600,0,0.575
A,3,250,1,5350254,0,0,128,0,0.5384615384615384
A,3,250,1,5350255,1,0,133,0,0.7407407407407407
A,3,250,1,5350288,1,0,203,0,0.6585365853658537
A,3,250,1,5350289,1,0,77,0,0.9375
A,3,250,1,5350290,1,0,141,0,0.7931034482758621
A,3,250,1,5350291,0,0,270,0,0.8148148148148148
A,3,250,1,5350304,1,0,87,0,0.8333333333333334
A,3,250,1,5350305,1,0,106,0,0.8636363636363636
A,3,250,1,5350306,1,0,96,0,0.8
A,3,250,1,5350307,1,0,75,0,0.8666666666666667
A,3,250,1,5350300,1,0,182,0,0.7837837837837838
A,3,250,1,5350301,1,0,128,0,0.8461538461538461
A,3,250,1,5350302,1,0,154,0,0.6774193548387096
A,3,250,1,5350303,1,0,123,0,0.88
A,3,250,1,5350292,1,0,74,0,0.7333333333333333
A,3,250,1,5350293,0,1,600,0,0.575
A,3,250,1,5350294,1,0,91,0,0.8947368421052632
A,3,250,1,5350295,0,0,93,0,1.0
A,3,250,1,5350308,1,0,128,0,0.8076923076923077
A,3,250,1,5350309,1,0,122,0,0.8
A,3,250,1,5350310,1,0,117,0,0.9166666666666666
A,3,250,1,5350311,1,0,203,0,0.8048780487804879
A,3,250,1,5350284,0,0,143,0,0.8620689655172413
A,3,250,1,5350285,0,1,600,0,0.95
A,3,250,1,5350286,1,0,65,0,0.6923076923076923
A,3,250,1,5350287,1,0,147,0,0.8666666666666667
A,3,250,1,5350276,0,1,600,0,0.975
A,3,250,1,5350277,1,0,64,0,0.7692307692307693
A,3,250,1,5350278,1,0,98,0,0.75
A,3,250,1,5350279,1,0,131,0,0.7407407407407407
A,3,250,1,5350296,1,0,158,0,0.8125
A,3,250,1,5350297,0,1,600,0,0.9583333333333334
A,3,250,1,5350298,0,0,219,0,0.7954545454545454
A,3,250,1,5350299,0,0,169,0,0.6764705882352942
A,3,250,1,5350320,1,0,125,0,0.8
A,3,250,1,5350321,1,0,137,0,0.8928571428571429
A,3,250,1,5350322,0,0,174,0,0.8571428571428571
A,3,250,1,5350323,1,0,114,0,0.8260869565217391
A,3,250,1,5350316,1,0,117,0,0.875
A,3,250,1,5350317,1,0,139,0,0.7857142857142857
A,3,250,1,5350318,0,0,131,0,0.7037037037037037
A,3,250,1,5350319,1,0,265,0,0.8867924528301887
A,3,250,1,5350324,1,0,105,0,0.8095238095238095
A,3,250,1,5350325,1,0,91,0,0.8947368421052632
A,3,250,1,5350326,1,0,173,0,0.8285714285714286
A,3,250,1,5350327,1,0,110,0,0.7272727272727273
A,3,250,1,5350336,1,0,81,0,0.5882352941176471
A,3,250,1,5350337,1,0,263,0,0.7169811320754716
A,3,250,1,5350338,1,0,113,0,0.782608695652174
A,3,250,1,5350339,1,0,151,0,0.7419354838709677
A,3,250,1,5350312,1,0,197,0,0.95
A,3,250,1,5350313,1,0,175,0,0.6285714285714286
A,3,250,1,5350314,0,1,600,0,0.9916666666666667
A,3,250,1,5350315,1,0,109,0,0.9090909090909091
A,3,250,1,5350328,0,1,600,0,0.9833333333333333
A,3,250,1,5350329,1,0,127,0,1.0
A,3,250,1,5350330,0,0,84,0,0.5294117647058824
A,3,250,1,5350331,1,0,76,0,0.875
A,3,250,1,5350348,1,0,99,0,0.7
A,3,250,1,5350349,1,0,187,0,0.7105263157894737
A,3,250,1,5350350,0,0,80,0,0.75
A,3,250,1,5350351,1,0,211,0,0.7906976744186046
A,3,250,1,5350340,1,0,118,0,0.8333333333333334
A,3,250,1,5350341,1,0,124,0,0.76
A,3,250,1,5350342,1,0,253,0,0.7254901960784313
A,3,250,1,5350343,1,0,273,0,0.6909090909090909
A,3,250,1,5350332,0,1,600,0,0.9583333333333334
A,3,250,1,5350333,1,0,125,0,0.96
A,3,250,1,5350334,1,0,126,0,0.9230769230769231
A,3,250,1,5350335,1,0,168,0,0.9411764705882353
A,3,250,1,5350364,1,0,130,0,0.7692307692307693
A,3,250,1,5350365,1,0,144,0,0.896551724137931
A,3,250,1,5350366,1,0,158,0,0.6875
A,3,250,1,5350367,1,0,123,0,0.76
A,3,250,1,5350372,1,0,120,0,0.7916666666666666
A,3,250,1,5350373,1,0,84,0,0.8823529411764706
A,3,250,1,5350374,1,0,129,0,0.7307692307692307
A,3,250,1,5350375,1,0,140,0,0.75
A,3,250,1,5350352,1,0,107,0,0.8181818181818182
A,3,250,1,5350353,1,0,459,0,0.9239130434782609
A,3,250,1,5350354,1,0,90,0,0.5555555555555556
A,3,250,1,5350355,0,0,326,0,0.9545454545454546
A,3,250,1,5350368,1,0,146,0,0.6333333333333333
A,3,250,1,5350369,1,0,157,0,0.53125
A,3,250,1,5350370,0,0,177,0,0.6388888888888888
A,3,250,1,5350371,1,0,200,0,0.675
A,3,250,1,5350380,1,0,74,0,0.8666666666666667
A,3,250,1,5350381,1,0,94,0,0.7894736842105263
A,3,250,1,5350382,1,0,166,0,0.9117647058823529
A,3,250,1,5350383,1,0,119,0,0.875
A,3,250,1,5350356,1,0,265,0,0.8113207547169812
A,3,250,1,5350357,1,0,160,0,0.84375
A,3,250,1,5350358,1,0,82,0,0.5882352941176471
A,3,250,1,5350359,0,1,600,0,0.9666666666666667
A,3,250,1,5350360,1,0,194,0,0.6666666666666666
A,3,250,1,5350361,1,0,204,0,0.7317073170731707
A,3,250,1,5350362,1,0,187,0,0.7631578947368421
A,3,250,1,5350363,0,1,600,0,0.975
A,3,250,1,5350388,1,0,135,0,0.6666666666666666
A,3,250,1,5350389,1,0,175,0,0.7428571428571429
A,3,250,1,5350390,1,0,125,0,0.8
A,3,250,1,5350391,0,0,283,0,0.8421052631578947
A,3,250,1,5350344,1,0,138,0,0.9285714285714286
A,3,250,1,5350345,0,1,600,0,0.9666666666666667
A,3,250,1,5350346,1,0,106,0,0.6818181818181818
A,3,250,1,5350347,1,0,341,0,0.8695652173913043
A,3,250,1,5350376,0,1,600,0,1.0
A,3,250,1,5350377,1,0,109,0,0.7727272727272727
A,3,250,1,5350378,1,0,156,0,0.875
A,3,250,1,5350379,1,0,175,0,0.7142857142857143
A,3,250,1,5350400,1,0,92,0,0.631578947368421
A,3,250,1,5350401,1,0,126,0,0.6153846153846154
A,3,250,1,5350402,1,0,108,0,0.7727272727272727
A,3,250,1,5350403,1,0,192,0,0.6923076923076923
A,3,250,1,5350384,1,0,188,0,0.5526315789473685
A,3,250,1,5350385,1,0,137,0,0.75
A,3,250,1,5350386,1,0,87,0,0.8888888888888888
A,3,250,1,5350387,1,0,421,0,0.7411764705882353
A,3,250,1,5350396,0,0,128,0,0.6153846153846154
A,3,250,1,5350397,1,0,113,0,0.8260869565217391
A,3,250,1,5350398,1,0,188,0,0.5789473684210527
A,3,250,1,5350399,1,0,214,0,0.6046511627906976
A,3,250,1,5350392,1,0,162,0,0.6060606060606061
A,3,250,1,5350393,1,0,92,0,0.7368421052631579
A,3,250,1,5350394,0,1,600,0,0.9583333333333334
A,3,250,1,5350395,1,0,53,0,1.0
A,3,250,1,5350416,1,0,78,0,0.8125
A,3,250,1,5350417,1,0,87,0,0.8888888888888888
A,3,250,1,5350418,1,0,108,0,0.7727272727272727
A,3,250,1,5350419,1,0,113,0,0.9130434782608695
A,3,250,1,5350424,0,0,154,0,0.6129032258064516
A,3,250,1,5350425,0,0,97,0,0.75
A,3,250,1,5350426,1,0,119,0,0.5416666666666666
A,3,250,1,5350427,1,0,139,0,0.7857142857142857
A,3,250,1,5350408,1,0,199,0,0.75
A,3,250,1,5350409,0,0,398,0,0.9375
A,3,250,1,5350410,0,0,109,0,0.6363636363636364
A,3,250,1,5350411,0,0,98,0,0.85
A,3,250,1,5350436,1,0,162,0,0.7878787878787878
A,3,250,1,5350437,1,0,95,0,0.7368421052631579
A,3,250,1,5350438,1,0,82,0,0.9411764705882353
A,3,250,1,5350439,0,0,121,0,0.76
A,3,250,1,5350404,0,1,600,0,0.9416666666666667
A,3,250,1,5350405,1,0,154,0,0.9032258064516129
A,3,250,1,5350406,1,0,137,0,0.6785714285714286
A,3,250,1,5350407,1,0,127,0,0.8461538461538461
A,3,250,1,5350432,1,0,117,0,0.75
A,3,250,1,5350433,1,0,107,0,0.9090909090909091
A,3,250,1,5350434,1,0,104,0,0.5714285714285714
A,3,250,1,5350435,1,0,255,0,0.7450980392156863
A,3,250,1,5350412,1,0,119,0,0.7083333333333334
A,3,250,1,5350413,1,0,78,0,0.8125
A,3,250,1,5350414,0,0,314,0,0.8412698412698413
A,3,250,1,5350415,1,0,501,0,0.594059405940594
A,3,250,1,5350420,0,0,146,0,0.9333333333333333
A,3,250,1,5350421,0,1,600,0,0.6583333333333333
A,3,250,1,5350422,1,0,125,0,0.76
A,3,250,1,5350423,1,0,222,0,0.9111111111111111
A,3,250,1,5350444,1,0,117,0,0.625
A,3,250,1,5350445,0,0,119,0,0.4583333333333333
A,3,250,1,5350446,1,0,314,0,0.8888888888888888
A,3,250,1,5350447,1,0,75,0,0.8666666666666667
A,3,250,1,5350448,1,0,70,0,0.7857142857142857
A,3,250,1,5350449,1,0,277,0,0.6964285714285714
A,3,250,1,5350450,1,0,107,0,0.8636363636363636
A,3,250,1,5350451,0,0,124,0,0.92
A,3,250,1,5350428,0,0,177,0,0.7777777777777778
A,3,250,1,5350429,0,0,109,0,0.6363636363636364
A,3,250,1,5350430,0,1,600,0,0.9166666666666666
A,3,250,1,5350431,0,0,136,0,0.8928571428571429
A,3,250,1,5350456,1,0,306,0,0.5645161290322581
A,3,250,1,5350457,0,0,102,0,0.6666666666666666
A,3,250,1,5350458,1,0,101,0,0.5714285714285714
A,3,250,1,5350459,0,0,129,0,0.7307692307692307
A,3,250,1,5350464,1,0,267,0,0.5925925925925926
A,3,250,1,5350465,1,0,132,0,0.8148148148148148
A,3,250,1,5350466,1,0,74,0,1.0
A,3,250,1,5350467,1,0,162,0,0.8787878787878788
A,3,250,1,5350472,1,0,198,0,0.825
A,3,250,1,5350473,1,0,269,0,0.6851851851851852
A,3,250,1,5350474,1,0,127,0,0.7692307692307693
A,3,250,1,5350475,1,0,130,0,0.6538461538461539
A,3,250,1,5350452,1,0,135,0,0.8888888888888888
A,3,250,1,5350453,1,0,77,0,1.0
A,3,250,1,5350454,0,1,600,0,0.8166666666666667
A,3,250,1,5350455,1,0,184,0,0.918918918918919
A,3,250,1,5350440,0,0,321,0,0.8923076923076924
A,3,250,1,5350441,1,0,74,0,0.9333333333333333
A,3,250,1,5350442,1,0,211,0,0.8604651162790697
A,3,250,1,5350443,0,1,600,0,0.55
A,3,250,1,5350476,1,0,105,0,0.7142857142857143
A,3,250,1,5350477,1,0,98,0,0.75
A,3,250,1,5350478,1,0,103,0,0.8095238095238095
A,3,250,1,5350479,1,0,525,0,0.9523809523809523
A,3,250,1,5350480,1,0,75,0,0.8
A,3,250,1,5350481,1,0,501,0,0.9207920792079208
A,3,250,1,5350482,1,0,113,0,0.9130434782608695
A,3,250,1,5350483,1,0,75,0,1.0
A,3,250,1,5350468,1,0,100,0,0.75
A,3,250,1,5350469,1,0,166,0,0.8529411764705882
A,3,250,1,5350470,1,0,255,0,0.8431372549019608
A,3,250,1,5350471,0,0,383,0,0.6233766233766234
A,3,250,1,5350460,1,0,192,0,0.5641025641025641
A,3,250,1,5350461,0,1,600,0,0.9833333333333333
A,3,250,1,5350462,1,0,138,0,0.75
A,3,250,1,5350463,1,0,170,0,0.7647058823529411
A,3,250,1,5350488,0,0,140,0,0.8928571428571429
A,3,250,1,5350489,1,0,208,0,0.5952380952380952
A,3,250,1,5350490,1,0,154,0,0.7741935483870968
A,3,250,1,5350491,1,0,152,0,0.8387096774193549
A,3,250,1,5350492,1,0,141,0,0.6896551724137931
A,3,250,1,5350493,1,0,73,0,0.8666666666666667
A,3,250,1,5350494,0,0,117,0,0.875
A,3,250,1,5350495,1,0,239,0,0.7083333333333334
A,3,250,1,5350496,1,0,109,0,0.7272727272727273
A,3,250,1,5350497,1,0,391,0,0.5063291139240507
A,3,250,1,5350498,1,0,138,0,0.8214285714285714
A,3,250,1,5350499,1,0,181,0,0.6756756756756757
A,3,250,1,5350484,0,0,148,0,0.6666666666666666
A,3,250,1,5350485,1,0,258,0,0.9230769230769231
A,3,250,1,5350486,1,0,470,0,0.5957446808510638
A,3,250,1,5350487,1,0,250,0,0.86
C,2,250,0,5200020,1,0,122,25,0.96
C,2,250,0,5200021,1,0,118,24,0.7916666666666666
C,2,250,0,5200022,1,0,129,26,0.9615384615384616
C,2,250,0,5200023,1,0,89,18,0.8888888888888888
C,2,250,0,5200028,1,0,134,27,0.8148148148148148
C,2,250,0,5200029,1,0,131,27,0.9629629629629629
C,2,250,0,5200030,1,0,73,15,1.0
C,2,250,0,5200031,1,0,110,22,0.9090909090909091
C,2,250,0,5200024,1,0,128,26,0.8846153846153846
C,2,250,0,5200025,1,0,129,26,0.9615384615384616
C,2,250,0,5200026,1,0,72,15,0.9333333333333333
C,2,250,0,5200027,1,0,121,25,0.96
C,2,250,0,5200004,1,0,199,40,0.875
C,2,250,0,5200005,1,0,189,38,0.8157894736842105
C,2,250,0,5200006,1,0,122,25,0.92
C,2,250,0,5200007,1,0,73,15,1.0
C,2,250,0,5200036,1,0,73,15,1.0
C,2,250,0,5200037,1,0,74,15,0.9333333333333333
C,2,250,0,5200038,1,0,83,17,1.0
C,2,250,0,5200039,1,0,169,34,1.0
C,2,250,0,5200032,1,0,70,14,0.8571428571428571
C,2,250,0,5200033,1,0,73,15,0.8666666666666667
C,2,250,0,5200034,1,0,152,31,0.9032258064516129
C,2,250,0,5200035,1,0,66,14,1.0
C,2,250,0,5200000,1,0,107,22,0.9090909090909091
C,2,250,0,5200001,1,0,72,15,0.8
C,2,250,0,5200002,1,0,61,13,0.8461538461538461
C,2,250,0,5200003,0,0,495,99,0.9696969696969697
C,2,250,0,5200016,1,0,223,45,0.7333333333333333
C,2,250,0,5200017,0,0,194,39,0.9743589743589743
C,2,250,0,5200018,0,1,600,120,0.9916666666666667
C,2,250,0,5200019,1,0,73,15,0.9333333333333333
C,2,250,0,5200008,1,0,88,18,0.9444444444444444
C,2,250,0,5200009,0,1,600,120,0.9916666666666667
C,2,250,0,5200010,1,0,146,30,0.9
C,2,250,0,5200011,1,0,148,30,0.9666666666666667
C,2,250,0,5200012,0,1,600,120,0.9833333333333333
C,2,250,0,5200013,1,0,120,24,1.0
C,2,250,0,5200014,1,0,79,16,0.9375
C,2,250,0,5200015,1,0,173,35,0.9142857142857143
C,2,250,0,5200044,1,0,79,16,0.9375
C,2,250,0,5200045,1,0,73,15,1.0
C,2,250,0,5200046,1,0,127,26,0.9615384615384616
C,2,250,0,5200047,1,0,196,40,0.925
C,2,250,0,5200056,1,0,89,18,0.7222222222222222
C,2,250,0,5200057,1,0,68,14,1.0
C,2,250,0,5200058,1,0,91,19,0.9473684210526315
C,2,250,0,5200059,1,0,93,19,0.9473684210526315
C,2,250,0,5200052,1,0,129,26,0.9615384615384616
C,2,250,0,5200053,1,0,67,14,0.9285714285714286
C,2,250,0,5200054,1,0,73,15,0.9333333333333333
C,2,250,0,5200055,1,0,126,26,0.9230769230769231
C,2,250,0,5200060,1,0,205,41,0.8536585365853658
C,2,250,0,5200061,1,0,59,12,0.9166666666666666
C,2,250,0,5200062,1,0,111,23,0.9565217391304348
C,2,250,0,5200063,1,0,67,14,0.9285714285714286
C,2,250,0,5200040,1,0,184,37,0.9459459459459459
C,2,250,0,5200041,0,1,600,120,0.9916666666666667
C,2,250,0,5200042,1,0,135,27,0.9629629629629629
C,2,250,0,5200043,1,0,86,18,0.8888888888888888
C,2,250,0,5200048,1,0,236,48,0.8958333333333334
C,2,250,0,5200049,0,0,285,57,0.6666666666666666
C,2,250,0,5200050,1,0,108,22,0.8181818181818182
C,2,250,0,5200051,1,0,83,17,1.0
C,2,250,0,5200068,1,0,125,25,1.0
C,2,250,0,5200069,1,0,163,33,0.8181818181818182
C,2,250,0,5200070,1,0,122,25,0.88
C,2,250,0,5200071,1,0,65,13,1.0
C,2,250,0,5200064,1,0,111,23,0.782608695652174
C,2,250,0,5200065,1,0,77,16,1.0
C,2,250,0,5200066,1,0,193,39,0.9487179487179487
C,2,250,0,5200067,1,0,75,15,1.0
C,2,250,0,5200080,1,0,82,17,0.8823529411764706
C,2,250,0,5200081,1,0,95,19,0.9473684210526315
C,2,250,0,5200082,1,0,142,29,0.9655172413793104
C,2,250,0,5200083,1,0,117,24,0.7083333333333334
C,2,250,0,5200084,1,0,215,43,0.813953488372093
C,2,250,0,5200085,1,0,63,13,1.0
C,2,250,0,5200086,1,0,124,25,1.0
C,2,250,0,5200087,1,0,101,21,0.9047619047619048
C,2,250,0,5200072,1,0,104,21,0.7619047619047619
C,2,250,0,5200073,0,0,181,37,1.0
C,2,250,0,5200074,1,0,141,29,1.0
C,2,250,0,5200075,0,0,221,45,1.0
C,2,250,0,5200088,1,0,89,18,0.9444444444444444
C,2,250,0,5200089,1,0,139,28,0.9642857142857143
C,2,250,0,5200090,1,0,102,21,0.9523809523809523
C,2,250,0,5200091,1,0,150,30,0.9333333333333333
C,2,250,0,5200100,1,0,179,36,0.8888888888888888
C,2,250,0,5200101,1,0,64,13,1.0
C,2,250,0,5200102,1,0,92,19,0.9473684210526315
C,2,250,0,5200103,1,0,76,16,1.0
C,2,250,0,5200076,1,0,135,27,0.8148148148148148
C,2,250,0,5200077,0,0,436,88,0.9659090909090909
C,2,250,0,5200078,1,0,115,23,1.0
C,2,250,0,5200079,1,0,73,15,1.0
C,2,250,0,5200092,1,0,68,14,0.9285714285714286
C,2,250,0,5200093,0,1,600,120,0.9666666666666667
C,2,250,0,5200094,1,0,175,35,0.9428571428571428
C,2,250,0,5200095,1,0,85,17,0.9411764705882353
C,2,250,0,5200124,1,0,195,39,0.8205128205128205
C,2,250,0,5200125,1,0,75,15,0.8666666666666667
C,2,250,0,5200126,1,0,73,15,1.0
C,2,250,0,5200127,1,0,100,20,0.8
C,2,250,0,5200120,1,0,172,35,0.8
C,2,250,0,5200121,1,0,73,15,1.0
C,2,250,0,5200122,1,0,138,28,0.8571428571428571
C,2,250,0,5200123,1,0,97,20,0.95
C,2,250,0,5200096,1,0,85,17,1.0
C,2,250,0,5200097,1,0,73,15,0.9333333333333333
C,2,250,0,5200098,1,0,139,28,0.8928571428571429
C,2,250,0,5200099,0,1,600,120,0.975
C,2,250,0,5200128,1,0,99,20,0.95
C,2,250,0,5200129,1,0,240,48,0.7916666666666666
C,2,250,0,5200130,1,0,90,18,1.0
C,2,250,0,5200131,1,0,159,32,0.90625
C,2,250,0,5200116,1,0,190,38,0.8947368421052632
C,2,250,0,5200117,1,0,66,14,1.0
C,2,250,0,5200118,0,1,600,120,0.9916666666666667
C,2,250,0,5200119,1,0,76,16,1.0
C,2,250,0,5200140,1,0,121,25,0.92
C,2,250,0,5200141,1,0,139,28,0.9642857142857143
C,2,250,0,5200142,1,0,156,32,0.84375
C,2,250,0,5200143,1,0,78,16,1.0
C,2,250,0,5200148,1,0,56,12,1.0
C,2,250,0,5200149,1,0,56,12,1.0
C,2,250,0,5200150,1,0,92,19,1.0
C,2,250,0,5200151,1,0,66,14,0.9285714285714286
C,2,250,0,5200136,1,0,150,30,0.9666666666666667
C,2,250,0,5200137,1,0,209,42,0.9047619047619048
C,2,250,0,5200138,1,0,161,33,0.9090909090909091
C,2,250,0,5200139,1,0,70,14,0.9285714285714286
C,2,250,0,5200144,1,0,150,30,0.8
C,2,250,0,5200145,1,0,117,24,0.9583333333333334
C,2,250,0,5200146,1,0,108,22,1.0
C,2,250,0,5200147,1,0,70,14,0.9285714285714286
C,2,250,0,5200104,1,0,212,43,0.9534883720930233
C,2,250,0,5200105,0,1,600,120,0.9833333333333333
C,2,250,0,5200106,0,1,600,120,0.9833333333333333
C,2,250,0,5200107,1,0,122,25,0.96
C,2,250,0,5200108,0,1,600,120,0.9916666666666667
C,2,250,0,5200109,0,1,600,120,1.0
C,2,250,0,5200110,1,0,184,37,0.918918918918919
C,2,250,0,5200111,1,0,91,19,0.8947368421052632
C,2,250,0,5200112,0,1,600,120,0.9916666666666667
C,2,250,0,5200113,1,0,73,15,0.9333333333333333
C,2,250,0,5200114,1,0,97,20,0.95
C,2,250,0,5200115,0,1,600,120,0.9916666666666667
C,2,250,0,5200160,1,0,88,18,0.9444444444444444
C,2,250,0,5200161,1,0,108,22,0.7727272727272727
C,2,250,0,5200162,1,0,65,13,1.0
C,2,250,0,5200163,1,0,105,21,1.0
C,2,250,0,5200132,1,0,73,15,1.0
C,2,250,0,5200133,0,1,600,120,0.9916666666666667
C,2,250,0,5200134,1,0,84,17,1.0
C,2,250,0,5200135,0,1,600,120,0.9833333333333333
C,2,250,0,5200168,1,0,125,25,0.96
C,2,250,0,5200169,1,0,73,15,1.0
C,2,250,0,5200170,1,0,97,20,0.95
C,2,250,0,5200171,1,0,73,15,1.0
C,2,250,0,5200172,1,0,54,11,0.9090909090909091
C,2,250,0,5200173,1,0,153,31,0.9354838709677419
C,2,250,0,5200174,1,0,73,15,1.0
C,2,250,0,5200175,1,0,141,29,1.0
C,2,250,0,5200156,1,0,122,25,0.84
C,2,250,0,5200157,1,0,164,33,0.9090909090909091
C,2,250,0,5200158,1,0,81,17,0.9411764705882353
C,2,250,0,5200159,0,1,600,120,0.975
C,2,250,0,5200164,1,0,208,42,0.9523809523809523
C,2,250,0,5200165,1,0,79,16,0.8125
C,2,250,0,5200166,1,0,163,33,0.9090909090909091
C,2,250,0,5200167,1,0,103,21,0.8095238095238095
C,2,250,0,5200196,1,0,54,11,0.9090909090909091
C,2,250,0,5200197,1,0,73,15,1.0
C,2,250,0,5200198,1,0,79,16,0.8125
C,2,250,0,5200199,1,0,56,12,0.9166666666666666
C,2,250,0,5200152,0,0,329,66,0.9242424242424242
C,2,250,0,5200153,0,1,600,120,0.9666666666666667
C,2,250,0,5200154,1,0,71,15,1.0
C,2,250,0,5200155,1,0,77,16,0.9375
C,2,250,0,5200176,1,0,72,15,1.0
C,2,250,0,5200177,1,0,89,18,0.8888888888888888
C,2,250,0,5200178,1,0,465,93,0.6774193548387096
C,2,250,0,5200179,1,0,73,15,0.9333333333333333
C,2,250,0,5200180,1,0,111,23,0.8695652173913043
C,2,250,0,5200181,0,1,600,120,0.975
C,2,250,0,5200182,1,0,77,16,0.875
C,2,250,0,5200183,1,0,90,18,0.9444444444444444
C,2,250,0,5200200,1,0,131,27,0.8148148148148148
C,2,250,0,5200201,1,0,87,18,0.7777777777777778
C,2,250,0,5200202,1,0,171,35,0.9142857142857143
C,2,250,0,5200203,1,0,195,39,0.7692307692307693
C,2,250,0,5200188,1,0,78,16,0.9375
C,2,250,0,5200189,1,0,73,15,0.8666666666666667
C,2,250,0,5200190,1,0,115,23,1.0
C,2,250,0,5200191,0,1,600,120,0.975
C,2,250,0,5200216,1,0,97,20,0.85
C,2,250,0,5200217,1,0,87,18,0.8888888888888888
C,2,250,0,5200218,1,0,163,33,0.9090909090909091
C,2,250,0,5200219,1,0,73,15,0.9333333333333333
C,2,250,0,5200220,1,0,59,12,1.0
C,2,250,0,5200221,1,0,132,27,0.9629629629629629
C,2,250,0,5200222,1,0,73,15,1.0
C,2,250,0,5200223,1,0,87,18,0.9444444444444444
C,2,250,0,5200212,1,0,80,16,0.8125
C,2,250,0,5200213,1,0,196,40,0.975
C,2,250,0,5200214,1,0,73,15,1.0
C,2,250,0,5200215,0,0,76,16,0.875
C,2,250,0,5200192,1,0,173,35,0.9428571428571428
C,2,250,0,5200193,1,0,77,16,1.0
C,2,250,0,5200194,0,1,600,120,0.9916666666666667
C,2,250,0,5200195,1,0,137,28,0.8928571428571429
C,2,250,0,5200184,1,0,125,25,1.0
C,2,250,0,5200185,1,0,69,14,0.9285714285714286
C,2,250,0,5200186,1,0,80,16,1.0
C,2,250,0,5200187,0,1,600,120,1.0
C,2,250,0,5200204,0,0,400,80,0.975
C,2,250,0,5200205,0,0,272,55,0.7272727272727273
C,2,250,0,5200206,1,0,148,30,0.7666666666666667
C,2,250,0,5200207,1,0,72,15,0.8666666666666667
C,2,250,0,5200224,1,0,84,17,1.0
C,2,250,0,5200225,1,0,78,16,1.0
C,2,250,0,5200226,1,0,76,16,0.9375
C,2,250,0,5200227,1,0,66,14,0.9285714285714286
C,2,250,0,5200208,0,0,157,32,0.78125
C,2,250,0,5200209,1,0,154,31,0.9032258064516129
C,2,250,0,5200210,1,0,132,27,0.9259259259259259
C,2,250,0,5200211,0,1,600,120,0.975
C,2,250,0,5200228,1,0,66,14,0.9285714285714286
C,2,250,0,5200229,1,0,97,20,1.0
C,2,250,0,5200230,1,0,73,15,0.9333333333333333
C,2,250,0,5200231,1,0,99,20,0.9
C,2,250,0,5200232,1,0,99,20,0.85
C,2,250,0,5200233,1,0,72,15,1.0
C,2,250,0,5200234,1,0,147,30,0.9666666666666667
C,2,250,0,5200235,1,0,125,25,0.96
C,2,250,0,5200244,1,0,73,15,0.9333333333333333
C,2,250,0,5200245,1,0,79,16,1.0
C,2,250,0,5200246,1,0,123,25,0.92
C,2,250,0,5200247,1,0,102,21,0.9523809523809523
C,2,250,0,5200240,1,0,77,16,0.9375
C,2,250,0,5200241,1,0,158,32,0.90625
C,2,250,0,5200242,1,0,121,25,0.96
C,2,250,0,5200243,1,0,86,18,0.9444444444444444
C,2,250,0,5200256,1,0,80,16,0.875
C,2,250,0,5200257,1,0,132,27,0.9259259259259259
C,2,250,0,5200258,1,0,99,20,0.85
C,2,250,0,5200259,1,0,84,17,1.0
C,2,250,0,5200252,1,0,59,12,0.8333333333333334
C,2,250,0,5200253,1,0,90,18,0.8888888888888888
C,2,250,0,5200254,1,0,134,27,1.0
C,2,250,0,5200255,1,0,90,18,0.8888888888888888
C,2,250,0,5200276,1,0,77,16,0.9375
C,2,250,0,5200277,1,0,179,36,0.9444444444444444
C,2,250,0,5200278,1,0,88,18,0.9444444444444444
C,2,250,0,5200279,1,0,52,11,1.0
C,2,250,0,5200236,1,0,145,29,0.9310344827586207
C,2,250,0,5200237,0,0,493,99,0.9292929292929293
C,2,250,0,5200238,1,0,64,13,0.9230769230769231
C,2,250,0,5200239,1,0,154,31,0.8064516129032258
C,2,250,0,5200272,1,0,82,17,0.8235294117647058
C,2,250,0,5200273,1,0,91,19,0.8947368421052632
C,2,250,0,5200274,1,0,144,29,0.8275862068965517
C,2,250,0,5200275,1,0,64,13,1.0
C,2,250,0,5200248,1,0,55,11,0.9090909090909091
C,2,250,0,5200249,0,1,600,120,0.9916666666666667
C,2,250,0,5200250,1,0,64,13,1.0
C,2,250,0,5200251,1,0,151,31,0.8064516129032258
C,2,250,0,5200268,1,0,185,37,0.918918918918919
C,2,250,0,5200269,0,0,297,60,0.9333333333333333
C,2,250,0,5200270,1,0,71,15,0.9333333333333333
C,2,250,0,5200271,1,0,73,15,1.0
C,2,250,0,5200280,1,0,183,37,0.9459459459459459
C,2,250,0,5200281,1,0,126,26,0.9230769230769231
C,2,250,0,5200282,1,0,159,32,0.9375
C,2,250,0,5200283,1,0,133,27,1.0
C,2,250,0,5200264,1,0,105,21,0.9523809523809523
C,2,250,0,5200265,1,0,85,17,1.0
C,2,250,0,5200266,1,0,125,25,1.0
C,2,250,0,5200267,0,1,600,120,0.9916666666666667
C,2,250,0,5200284,1,0,88,18,0.8888888888888888
C,2,250,0,5200285,1,0,145,29,1.0
C,2,250,0,5200286,1,0,85,17,1.0
C,2,250,0,5200287,1,0,87,18,0.8888888888888888
C,2,250,0,5200260,0,1,600,120,0.9833333333333333
C,2,250,0,5200261,1,0,143,29,0.8620689655172413
C,2,250,0,5200262,1,0,177,36,1.0
C,2,250,0,5200263,1,0,75,15,1.0
C,2,250,0,5200300,1,0,87,18,1.0
C,2,250,0,5200301,1,0,73,15,0.9333333333333333
C,2,250,0,5200302,1,0,73,15,1.0
C,2,250,0,5200303,1,0,74,15,0.9333333333333333
C,2,250,0,5200288,1,0,65,13,1.0
C,2,250,0,5200289,1,0,74,15,0.8666666666666667
C,2,250,0,5200290,1,0,61,13,0.9230769230769231
C,2,250,0,5200291,1,0,193,39,0.9230769230769231
C,2,250,0,5200296,1,0,93,19,0.8947368421052632
C,2,250,0,5200297,1,0,226,46,0.6739130434782609
C,2,250,0,5200298,1,0,104,21,0.9047619047619048
C,2,250,0,5200299,1,0,82,17,0.8823529411764706
C,2,250,0,5200316,1,0,72,15,1.0
C,2,250,0,5200317,1,0,86,18,0.9444444444444444
C,2,250,0,5200318,1,0,108,22,0.8181818181818182
C,2,250,0,5200319,1,0,95,19,0.7894736842105263
C,2,250,0,5200320,1,0,148,30,1.0
C,2,250,0,5200321,1,0,213,43,0.9069767441860465
C,2,250,0,5200322,1,0,96,20,1.0
C,2,250,0,5200323,1,0,60,12,0.9166666666666666
C,2,250,0,5200292,1,0,78,16,1.0
C,2,250,0,5200293,0,1,600,120,0.975
C,2,250,0,5200294,1,0,73,15,1.0
C,2,250,0,5200295,1,0,77,16,0.9375
C,2,250,0,5200324,1,0,122,25,0.88
C,2,250,0,5200325,1,0,119,24,0.9166666666666666
C,2,250,0,5200326,1,0,133,27,0.9259259259259259
C,2,250,0,5200327,1,0,83,17,0.8823529411764706
C,2,250,0,5200304,1,0,61,13,1.0
C,2,250,0,5200305,0,1,600,120,0.975
C,2,250,0,5200306,1,0,142,29,0.9310344827586207
C,2,250,0,5200307,1,0,78,16,0.875
C,2,250,0,5200328,1,0,69,14,1.0
C,2,250,0,5200329,1,0,154,31,0.8387096774193549
C,2,250,0,5200330,1,0,88,18,1.0
C,2,250,0,5200331,1,0,148,30,0.9333333333333333
C,2,250,0,5200332,1,0,99,20,1.0
C,2,250,0,5200333,1,0,59,12,1.0
C,2,250,0,5200334,1,0,121,25,0.8
C,2,250,0,5200335,1,0,95,19,0.9473684210526315
C,2,250,0,5200312,1,0,70,14,0.7857142857142857
C,2,250,0,5200313,0,1,600,120,0.9666666666666667
C,2,250,0,5200314,1,0,146,30,1.0
C,2,250,0,5200315,1,0,58,12,0.9166666666666666
C,2,250,0,5200308,1,0,169,34,0.8823529411764706
C,2,250,0,5200309,1,0,138,28,0.8928571428571429
C,2,250,0,5200310,0,1,600,120,0.9833333333333333
C,2,250,0,5200311,1,0,85,17,1.0
C,2,250,0,5200344,1,0,89,18,0.9444444444444444
C,2,250,0,5200345,1,0,78,16,0.9375
C,2,250,0,5200346,1,0,214,43,0.7441860465116279
C,2,250,0,5200347,1,0,129,26,0.8076923076923077
C,2,250,0,5200340,1,0,54,11,1.0
C,2,250,0,5200341,1,0,132,27,0.8518518518518519
C,2,250,0,5200342,1,0,73,15,1.0
C,2,250,0,5200343,1,0,124,25,0.96
C,2,250,0,5200336,1,0,155,31,0.9032258064516129
C,2,250,0,5200337,1,0,91,19,0.9473684210526315
C,2,250,0,5200338,1,0,114,23,0.8695652173913043
C,2,250,0,5200339,1,0,146,30,0.9
C,2,250,0,5200348,1,0,67,14,1.0
C,2,250,0,5200349,1,0,72,15,0.8666666666666667
C,2,250,0,5200350,1,0,154,31,1.0
C,2,250,0,5200351,1,0,121,25,1.0
C,2,250,0,5200364,0,0,79,16,1.0
C,2,250,0,5200365,1,0,54,11,0.9090909090909091
C,2,250,0,5200366,1,0,140,28,0.9285714285714286
C,2,250,0,5200367,1,0,171,35,0.9142857142857143
C,2,250,0,5200356,1,0,74,15,1.0
C,2,250,0,5200357,1,0,159,32,0.9375
C,2,250,0,5200358,1,0,83,17,0.7647058823529411
C,2,250,0,5200359,1,0,105,21,0.8571428571428571
C,2,250,0,5200372,1,0,121,25,0.96
C,2,250,0,5200373,1,0,70,14,0.7857142857142857
C,2,250,0,5200374,1,0,82,17,0.8823529411764706
C,2,250,0,5200375,1,0,71,15,1.0
C,2,250,0,5200352,1,0,61,13,1.0
C,2,250,0,5200353,0,1,600,120,0.9833333333333333
C,2,250,0,5200354,1,0,67,14,1.0
C,2,250,0,5200355,1,0,121,25,0.92
C,2,250,0,5200380,0,1,600,120,0.9833333333333333
C,2,250,0,5200381,1,0,115,23,0.9565217391304348
C,2,250,0,5200382,1,0,97,20,1.0
C,2,250,0,5200383,1,0,102,21,1.0
C,2,250,0,5200376,1,0,69,14,0.8571428571428571
C,2,250,0,5200377,1,0,160,32,0.875
C,2,250,0,5200378,1,0,73,15,1.0
C,2,250,0,5200379,0,1,600,120,0.9833333333333333
C,2,250,0,5200388,1,0,186,38,0.9736842105263158
C,2,250,0,5200389,1,0,110,22,0.9090909090909091
C,2,250,0,5200390,1,0,73,15,1.0
C,2,250,0,5200391,1,0,73,15,1.0
C,2,250,0,5200360,1,0,132,27,0.9259259259259259
C,2,250,0,5200361,1,0,249,50,0.9
C,2,250,0,5200362,1,0,81,17,0.8235294117647058
C,2,250,0,5200363,0,1,600,120,1.0
C,2,250,0,5200368,1,0,79,16,1.0
C,2,250,0,5200369,0,0,254,51,0.9019607843137255
C,2,250,0,5200370,1,0,132,27,1.0
C,2,250,0,5200371,0,1,600,120,0.9916666666666667
C,2,250,0,5200392,0,0,472,95,0.9578947368421052
C,2,250,0,5200393,1,0,66,14,1.0
C,2,250,0,5200394,1,0,91,19,1.0
C,2,250,0,5200395,1,0,155,31,0.9354838709677419
C,2,250,0,5200400,1,0,164,33,0.9696969696969697
C,2,250,0,5200401,1,0,154,31,0.9032258064516129
C,2,250,0,5200402,1,0,76,16,0.8125
C,2,250,0,5200403,1,0,77,16,1.0
C,2,250,0,5200404,1,0,101,21,1.0
C,2,250,0,5200405,1,0,63,13,1.0
C,2,250,0,5200406,1,0,69,14,0.9285714285714286
C,2,250,0,5200407,1,0,70,14,1.0
C,2,250,0,5200396,1,0,94,19,0.9473684210526315
C,2,250,0,5200397,1,0,129,26,0.8846153846153846
C,2,250,0,5200398,1,0,108,22,0.9545454545454546
C,2,250,0,5200399,1,0,146,30,0.9333333333333333
C,2,250,0,5200420,1,0,87,18,1.0
C,2,250,0,5200421,1,0,73,15,0.9333333333333333
C,2,250,0,5200422,1,0,108,22,0.9090909090909091
C,2,250,0,5200423,1,0,67,14,1.0
C,2,250,0,5200412,1,0,110,22,0.8636363636363636
C,2,250,0,5200413,1,0,79,16,0.9375
C,2,250,0,5200414,1,0,142,29,1.0
C,2,250,0,5200415,1,0,149,30,0.8666666666666667
C,2,250,0,5200408,1,0,91,19,0.8421052631578947
C,2,250,0,5200409,1,0,68,14,0.9285714285714286
C,2,250,0,5200410,1,0,197,40,0.8
C,2,250,0,5200411,1,0,156,32,0.9375
C,2,250,0,5200416,1,0,238,48,0.8333333333333334
C,2,250,0,5200417,1,0,66,14,0.9285714285714286
C,2,250,0,5200418,1,0,149,30,0.8666666666666667
C,2,250,0,5200419,1,0,76,16,0.875
C,2,250,0,5200436,1,0,51,11,1.0
C,2,250,0,5200437,1,0,66,14,1.0
C,2,250,0,5200438,1,0,149,30,0.9333333333333333
C,2,250,0,5200439,1,0,213,43,0.9302325581395349
C,2,250,0,5200384,1,0,129,26,0.8076923076923077
C,2,250,0,5200385,1,0,89,18,0.8333333333333334
C,2,250,0,5200386,0,1,600,120,0.975
C,2,250,0,5200387,0,1,600,120,0.6916666666666667
C,2,250,0,5200428,1,0,73,15,0.9333333333333333
C,2,250,0,5200429,1,0,55,11,0.8181818181818182
C,2,250,0,5200430,1,0,122,25,1.0
C,2,250,0,5200431,1,0,154,31,0.9354838709677419
C,2,250,0,5200452,1,0,90,18,0.9444444444444444
C,2,250,0,5200453,0,0,241,49,0.9387755102040817
C,2,250,0,5200454,1,0,72,15,0.9333333333333333
C,2,250,0,5200455,1,0,61,13,1.0
C,2,250,0,5200432,1,0,231,47,0.7446808510638298
C,2,250,0,5200433,1,0,97,20,0.9
C,2,250,0,5200434,1,0,98,20,0.95
C,2,250,0,5200435,1,0,84,17,1.0
C,2,250,0,5200456,1,0,95,19,0.9473684210526315
C,2,250,0,5200457,1,0,93,19,0.9473684210526315
C,2,250,0,5200458,1,0,60,12,1.0
C,2,250,0,5200459,1,0,73,15,1.0
C,2,250,0,5200444,1,0,97,20,0.85
C,2,250,0,5200445,1,0,174,35,0.8571428571428571
C,2,250,0,5200446,1,0,76,16,0.8125
C,2,250,0,5200447,1,0,77,16,1.0
C,2,250,0,5200424,1,0,127,26,0.8846153846153846
C,2,250,0,5200425,1,0,152,31,0.9032258064516129
C,2,250,0,5200426,0,0,268,54,0.9814814814814815
C,2,250,0,5200427,1,0,322,65,0.8307692307692308
C,2,250,0,5200464,1,0,73,15,1.0
C,2,250,0,5200465,1,0,73,15,1.0
C,2,250,0,5200466,1,0,135,27,0.9629629629629629
C,2,250,0,5200467,1,0,62,13,1.0
C,2,250,0,5200440,0,0,310,62,0.967741935483871
C,2,250,0,5200441,1,0,63,13,1.0
C,2,250,0,5200442,1,0,119,24,0.8333333333333334
C,2,250,0,5200443,1,0,139,28,0.75
C,2,250,0,5200448,1,0,74,15,1.0
C,2,250,0,5200449,1,0,67,14,0.9285714285714286
C,2,250,0,5200450,1,0,73,15,1.0
C,2,250,0,5200451,1,0,149,30,0.9333333333333333
C,2,250,0,5200472,1,0,77,16,1.0
C,2,250,0,5200473,1,0,93,19,0.9473684210526315
C,2,250,0,5200474,1,0,68,14,1.0
C,2,250,0,5200475,1,0,113,23,0.9565217391304348
C,2,250,0,5200480,1,0,115,23,1.0
C,2,250,0,5200481,1,0,78,16,0.9375
C,2,250,0,5200482,1,0,75,15,0.8666666666666667
C,2,250,0,5200483,1,0,121,25,1.0
C,2,250,0,5200468,0,0,130,26,0.7307692307692307
C,2,250,0,5200469,1,0,70,14,0.8571428571428571
C,2,250,0,5200470,1,0,130,26,0.9230769230769231
C,2,250,0,5200471,1,0,86,18,1.0
C,2,250,0,5200492,1,0,73,15,1.0
C,2,250,0,5200493,1,0,74,15,0.9333333333333333
C,2,250,0,5200494,1,0,73,15,0.8
C,2,250,0,5200495,1,0,78,16,0.9375
C,2,250,0,5200488,1,0,68,14,1.0
C,2,250,0,5200489,1,0,57,12,1.0
C,2,250,0,5200490,1,0,116,24,0.9583333333333334
C,2,250,0,5200491,1,0,132,27,0.9259259259259259
C,2,250,0,5200484,1,0,57,12,0.9166666666666666
C,2,250,0,5200485,1,0,69,14,1.0
C,2,250,0,5200486,0,1,600,120,0.9833333333333333
C,2,250,0,5200487,1,0,68,14,1.0
C,2,250,0,5200460,1,0,57,12,1.0
C,2,250,0,5200461,0,1,600,120,0.9333333333333333
C,2,250,0,5200462,1,0,120,24,0.9583333333333334
C,2,250,0,5200463,1,0,80,16,0.875
C,2,250,0,5200476,1,0,129,26,0.9615384615384616
C,2,250,0,5200477,0,1,600,120,0.975
C,2,250,0,5200478,1,0,80,16,1.0
C,2,250,0,5200479,1,0,121,25,0.92
C,2,250,0,5200496,1,0,84,17,1.0
C,2,250,0,5200497,0,1,600,120,0.975
C,2,250,0,5200498,1,0,63,13,0.9230769230769231
C,2,250,0,5200499,1,0,94,19,0.9473684210526315
C,2,250,1,5250004,0,0,152,0,0.8064516129032258
C,2,250,1,5250005,0,0,301,0,0.7213114754098361
C,2,250,1,5250006,0,0,59,0,0.6666666666666666
C,2,250,1,5250007,0,0,203,0,0.7560975609756098
C,2,250,1,5250028,0,0,151,0,0.8064516129032258
C,2,250,1,5250029,0,0,126,0,0.8846153846153846
C,2,250,1,5250030,0,0,186,0,0.9473684210526315
C,2,250,1,5250031,0,0,294,0,0.8813559322033898
C,2,250,1,5250000,0,0,88,0,0.7777777777777778
C,2,250,1,5250001,0,0,176,0,0.8333333333333334
C,2,250,1,5250002,0,0,351,0,0.9014084507042254
C,2,250,1,5250003,0,0,176,0,0.8333333333333334
C,2,250,1,5250024,0,0,291,0,0.8813559322033898
C,2,250,1,5250025,0,0,160,0,0.84375
C,2,250,1,5250026,0,0,353,0,0.8591549295774648
C,2,250,1,5250027,0,0,177,0,0.8333333333333334
C,2,250,1,5250016,0,0,205,0,0.8536585365853658
C,2,250,1,5250017,0,0,103,0,0.9047619047619048
C,2,250,1,5250018,0,0,583,0,0.8290598290598291
C,2,250,1,5250019,0,0,277,0,0.8571428571428571
C,2,250,1,5250008,0,1,600,0,0.8583333333333333
C,2,250,1,5250009,0,0,158,0,0.78125
C,2,250,1,5250010,0,0,226,0,0.8695652173913043
C,2,250,1,5250011,0,0,151,0,0.9354838709677419
C,2,250,1,5250032,0,0,355,0,0.8450704225352113
C,2,250,1,5250033,0,0,139,0,0.8928571428571429
C,2,250,1,5250034,0,0,60,0,0.5
C,2,250,1,5250035,0,0,201,0,0.7804878048780488
C,2,250,1,5250020,0,0,201,0,0.6341463414634146
C,2,250,1,5250021,0,1,600,0,0.8416666666666667
C,2,250,1,5250022,0,0,142,0,0.8620689655172413
C,2,250,1,5250023,0,0,252,0,0.7843137254901961
C,2,250,1,5250012,0,0,366,0,0.8378378378378378
C,2,250,1,5250013,0,0,272,0,0.8727272727272727
C,2,250,1,5250014,0,1,600,0,0.8
C,2,250,1,5250015,0,0,211,0,0.8604651162790697
C,2,250,1,5250040,0,0,152,0,0.8064516129032258
C,2,250,1,5250041,0,0,109,0,0.7727272727272727
C,2,250,1,5250042,0,0,153,0,0.7419354838709677
C,2,250,1,5250043,0,0,251,0,0.9411764705882353
C,2,250,1,5250048,0,0,176,0,0.7222222222222222
C,2,250,1,5250049,0,0,127,0,0.6923076923076923
C,2,250,1,5250050,0,0,157,0,0.9375
C,2,250,1,5250051,0,0,358,0,0.8055555555555556
C,2,250,1,5250052,0,0,107,0,0.7727272727272727
C,2,250,1,5250053,0,0,278,0,0.8214285714285714
C,2,250,1,5250054,0,0,264,0,0.8301886792452831
C,2,250,1,5250055,0,0,330,0,0.7575757575757576
C,2,250,1,5250064,0,0,159,0,0.78125
C,2,250,1,5250065,0,0,140,0,0.8928571428571429
C,2,250,1,5250066,0,0,182,0,0.8378378378378378
C,2,250,1,5250067,0,0,151,0,0.8387096774193549
C,2,250,1,5250060,0,0,210,0,0.9047619047619048
C,2,250,1,5250061,0,0,120,0,0.7916666666666666
C,2,250,1,5250062,0,0,402,0,0.8395061728395061
C,2,250,1,5250063,0,0,176,0,0.8888888888888888
C,2,250,1,5250036,0,0,455,0,0.8461538461538461
C,2,250,1,5250037,0,0,512,0,0.883495145631068
C,2,250,1,5250038,0,0,151,0,0.8387096774193549
C,2,250,1,5250039,0,0,210,0,0.7619047619047619
C,2,250,1,5250044,0,0,180,0,0.8888888888888888
C,2,250,1,5250045,0,0,314,0,0.873015873015873
C,2,250,1,5250046,0,0,72,0,0.8666666666666667
C,2,250,1,5250047,0,1,600,0,0.8416666666666667
C,2,250,1,5250056,0,0,123,0,0.76
C,2,250,1,5250057,0,0,226,0,0.782608695652174
C,2,250,1,5250058,0,1,600,0,0.8083333333333333
C,2,250,1,5250059,0,0,151,0,0.8064516129032258
C,2,250,1,5250072,0,0,398,0,0.85
C,2,250,1,5250073,0,0,424,0,0.9058823529411765
C,2,250,1,5250074,0,0,160,0,0.8125
C,2,250,1,5250075,0,0,65,0,1.0
C,2,250,1,5250080,0,0,112,0,0.782608695652174
C,2,250,1,5250081,0,0,176,0,0.9166666666666666
C,2,250,1,5250082,0,0,176,0,0.7777777777777778
C,2,250,1,5250083,0,0,135,0,0.7777777777777778
C,2,250,1,5250076,0,0,276,0,0.8035714285714286
C,2,250,1,5250077,0,0,117,0,0.7916666666666666
C,2,250,1,5250078,0,0,176,0,0.8888888888888888
C,2,250,1,5250079,0,0,311,0,0.873015873015873
C,2,250,1,5250084,0,0,92,0,0.8421052631578947
C,2,250,1,5250085,0,0,303,0,0.8524590163934426
C,2,250,1,5250086,0,0,153,0,0.8064516129032258
C,2,250,1,5250087,0,0,117,0,0.875
C,2,250,1,5250068,0,0,201,0,0.8048780487804879
C,2,250,1,5250069,0,0,151,0,0.8387096774193549
C,2,250,1,5250070,0,1,600,0,0.825
C,2,250,1,5250071,0,0,221,0,0.8
C,2,250,1,5250100,0,0,261,0,0.8113207547169812
C,2,250,1,5250101,0,0,335,0,0.8507462686567164
C,2,250,1,5250102,0,0,133,0,0.9259259259259259
C,2,250,1,5250103,0,0,90,0,0.8333333333333334
C,2,250,1,5250088,0,0,354,0,0.8450704225352113
C,2,250,1,5250089,0,1,600,0,0.8833333333333333
C,2,250,1,5250090,0,0,138,0,0.8214285714285714
C,2,250,1,5250091,0,0,109,0,0.9090909090909091
C,2,250,1,5250092,0,0,166,0,0.7941176470588235
C,2,250,1,5250093,0,1,600,0,0.9083333333333333
C,2,250,1,5250094,0,0,102,0,0.8095238095238095
C,2,250,1,5250095,0,0,251,0,0.8431372549019608
C,2,250,1,5250096,0,0,330,0,0.8484848484848485
C,2,250,1,5250097,0,0,190,0,0.868421052631579
C,2,250,1,5250098,0,0,176,0,0.6944444444444444
C,2,250,1,5250099,0,0,407,0,0.8902439024390244
C,2,250,1,5250104,0,0,227,0,0.7608695652173914
C,2,250,1,5250105,0,0,151,0,0.6774193548387096
C,2,250,1,5250106,0,0,328,0,0.803030303030303
C,2,250,1,5250107,0,0,151,0,0.967741935483871
C,2,250,1,5250112,0,0,91,0,0.7894736842105263
C,2,250,1,5250113,0,0,120,0,0.6666666666666666
C,2,250,1,5250114,0,0,127,0,0.9230769230769231
C,2,250,1,5250115,0,1,600,0,0.8916666666666667
C,2,250,1,5250116,0,0,176,0,0.6944444444444444
C,2,250,1,5250117,0,0,144,0,0.8620689655172413
C,2,250,1,5250118,0,0,279,0,0.7678571428571429
C,2,250,1,5250119,0,0,151,0,0.8387096774193549
C,2,250,1,5250132,0,0,176,0,0.75
C,2,250,1,5250133,0,0,182,0,0.9459459459459459
C,2,250,1,5250134,0,0,154,0,0.7096774193548387
C,2,250,1,5250135,0,0,86,0,0.7777777777777778
C,2,250,1,5250108,0,0,445,0,0.797752808988764
C,2,250,1,5250109,0,0,251,0,0.7647058823529411
C,2,250,1,5250110,0,0,463,0,0.8064516129032258
C,2,250,1,5250111,0,0,119,0,0.8333333333333334
C,2,250,1,5250120,0,0,101,0,0.7142857142857143
C,2,250,1,5250121,0,0,219,0,0.8636363636363636
C,2,250,1,5250122,0,0,84,0,0.7647058823529411
C,2,250,1,5250123,0,1,600,0,0.85
C,2,250,1,5250136,0,0,156,0,0.78125
C,2,250,1,5250137,0,0,204,0,0.7804878048780488
C,2,250,1,5250138,0,0,268,0,0.7962962962962963
C,2,250,1,5250139,0,0,228,0,0.782608695652174
C,2,250,1,5250128,0,0,382,0,0.8051948051948052
C,2,250,1,5250129,1,0,530,0,0.8867924528301887
C,2,250,1,5250130,0,0,151,0,0.8064516129032258
C,2,250,1,5250131,0,0,126,0,0.9230769230769231
C,2,250,1,5250124,0,0,401,0,0.8024691358024691
C,2,250,1,5250125,0,0,213,0,0.7209302325581395
C,2,250,1,5250126,0,0,177,0,0.8611111111111112
C,2,250,1,5250127,0,1,600,0,0.85
C,2,250,1,5250140,0,0,101,0,0.8571428571428571
C,2,250,1,5250141,0,0,252,0,0.8235294117647058
C,2,250,1,5250142,0,0,453,0,0.8461538461538461
C,2,250,1,5250143,0,0,378,0,0.8289473684210527
C,2,250,1,5250144,0,0,101,0,0.6666666666666666
C,2,250,1,5250145,0,0,186,0,0.8157894736842105
C,2,250,1,5250146,1,0,586,0,0.9067796610169492
C,2,250,1,5250147,0,0,254,0,0.7843137254901961
C,2,250,1,5250148,0,0,171,0,0.8285714285714286
C,2,250,1,5250149,0,0,244,0,0.8775510204081632
C,2,250,1,5250150,0,0,181,0,0.8378378378378378
C,2,250,1,5250151,0,0,203,0,0.8048780487804879
C,2,250,1,5250152,0,0,151,0,0.8709677419354839
C,2,250,1,5250153,0,0,173,0,0.8
C,2,250,1,5250154,0,0,207,0,0.7857142857142857
C,2,250,1,5250155,0,0,401,0,0.8641975308641975
C,2,250,1,5250164,0,0,263,0,0.7924528301886793
C,2,250,1,5250165,0,0,136,0,0.6428571428571429
C,2,250,1,5250166,0,0,176,0,0.8611111111111112
C,2,250,1,5250167,0,0,316,0,0.84375
C,2,250,1,5250160,0,0,71,0,0.9333333333333333
C,2,250,1,5250161,0,0,198,0,0.7
C,2,250,1,5250162,0,0,251,0,0.7843137254901961
C,2,250,1,5250163,0,1,600,0,0.8333333333333334
C,2,250,1,5250176,0,0,176,0,0.6944444444444444
C,2,250,1,5250177,0,0,109,0,0.8636363636363636
C,2,250,1,5250178,0,0,352,0,0.8169014084507042
C,2,250,1,5250179,0,0,178,0,0.8333333333333334
C,2,250,1,5250184,0,0,354,0,0.8309859154929577
C,2,250,1,5250185,0,0,151,0,0.6774193548387096
C,2,250,1,5250186,0,0,125,0,0.84
C,2,250,1,5250187,0,0,100,0,0.7
C,2,250,1,5250172,0,0,560,0,0.8482142857142857
C,2,250,1,5250173,0,0,101,0,0.7619047619047619
C,2,250,1,5250174,0,0,117,0,0.7916666666666666
C,2,250,1,5250175,0,0,229,0,0.8695652173913043
C,2,250,1,5250180,0,0,157,0,0.78125
C,2,250,1,5250181,0,0,180,0,0.7222222222222222
C,2,250,1,5250182,0,0,385,0,0.9090909090909091
C,2,250,1,5250183,0,0,116,0,0.75
C,2,250,1,5250168,1,0,302,0,0.9016393442622951
C,2,250,1,5250169,0,0,226,0,0.7608695652173914
C,2,250,1,5250170,0,0,287,0,0.6896551724137931
C,2,250,1,5250171,0,0,143,0,0.8275862068965517
C,2,250,1,5250156,0,0,467,0,0.8829787234042553
C,2,250,1,5250157,0,0,203,0,0.7804878048780488
C,2,250,1,5250158,0,1,600,0,0.85
C,2,250,1,5250159,0,0,251,0,0.803921568627451
C,2,250,1,5250200,0,0,140,0,0.9642857142857143
C,2,250,1,5250201,0,0,101,0,0.5238095238095238
C,2,250,1,5250202,0,0,251,0,0.8823529411764706
C,2,250,1,5250203,0,0,227,0,0.6956521739130435
C,2,250,1,5250208,0,0,126,0,0.8076923076923077
C,2,250,1,5250209,0,0,263,0,0.8113207547169812
C,2,250,1,5250210,0,0,147,0,0.8
C,2,250,1,5250211,1,0,235,0,0.7446808510638298
C,2,250,1,5250188,0,0,453,0,0.9010989010989011
C,2,250,1,5250189,0,0,130,0,0.8076923076923077
C,2,250,1,5250190,0,0,196,0,0.925
C,2,250,1,5250191,0,0,201,0,0.9024390243902439
C,2,250,1,5250204,0,0,414,0,0.7831325301204819
C,2,250,1,5250205,0,0,136,0,0.7857142857142857
C,2,250,1,5250206,0,0,202,0,0.8780487804878049
C,2,250,1,5250207,0,0,151,0,0.8387096774193549
C,2,250,1,5250196,0,0,330,0,0.8939393939393939
C,2,250,1,5250197,0,0,284,0,0.8596491228070176
C,2,250,1,5250198,0,0,176,0,0.8611111111111112
C,2,250,1,5250199,0,0,251,0,0.8431372549019608
C,2,250,1,5250216,0,0,155,0,0.5806451612903226
C,2,250,1,5250217,0,0,139,0,0.8214285714285714
C,2,250,1,5250218,0,0,226,0,0.8478260869565217
C,2,250,1,5250219,0,0,186,0,0.8157894736842105
C,2,250,1,5250192,0,0,382,0,0.8441558441558441
C,2,250,1,5250193,0,1,600,0,0.8833333333333333
C,2,250,1,5250194,0,0,176,0,0.8055555555555556
C,2,250,1,5250195,0,0,105,0,0.9047619047619048
C,2,250,1,5250232,0,0,55,0,0.9090909090909091
C,2,250,1,5250233,0,0,118,0,0.7916666666666666
C,2,250,1,5250234,0,0,101,0,0.8571428571428571
C,2,250,1,5250235,0,0,187,0,0.7631578947368421
C,2,250,1,5250212,0,0,212,0,0.8372093023255814
C,2,250,1,5250213,0,0,278,0,0.8392857142857143
C,2,250,1,5250214,0,0,376,0,0.7763157894736842
C,2,250,1,5250215,0,0,176,0,0.8611111111111112
C,2,250,1,5250220,0,0,173,0,0.8571428571428571
C,2,250,1,5250221,0,0,186,0,0.7631578947368421
C,2,250,1,5250222,0,0,176,0,0.8333333333333334
C,2,250,1,5250223,0,0,151,0,0.8387096774193549
C,2,250,1,5250224,0,0,108,0,0.8181818181818182
C,2,250,1,5250225,0,0,56,0,0.5833333333333334
C,2,250,1,5250226,0,0,152,0,0.8064516129032258
C,2,250,1,5250227,0,0,176,0,0.8333333333333334
C,2,250,1,5250236,0,0,148,0,0.8
C,2,250,1,5250237,0,0,76,0,0.9375
C,2,250,1,5250238,0,0,112,0,0.782608695652174
C,2,250,1,5250239,0,0,313,0,0.8412698412698413
C,2,250,1,5250228,0,0,226,0,0.9130434782608695
C,2,250,1,5250229,0,0,226,0,0.782608695652174
C,2,250,1,5250230,0,0,61,0,0.8461538461538461
C,2,250,1,5250231,0,1,600,0,0.8666666666666667
C,2,250,1,5250240,0,1,600,0,0.85
C,2,250,1,5250241,0,0,429,0,0.7558139534883721
C,2,250,1,5250242,0,0,176,0,0.8333333333333334
C,2,250,1,5250243,0,0,202,0,0.8292682926829268
C,2,250,1,5250244,0,0,93,0,0.7894736842105263
C,2,250,1,5250245,0,0,323,0,0.8
C,2,250,1,5250246,0,0,107,0,0.8181818181818182
C,2,250,1,5250247,0,0,201,0,0.975609756097561
C,2,250,1,5250252,0,0,151,0,0.8387096774193549
C,2,250,1,5250253,0,0,176,0,0.8611111111111112
C,2,250,1,5250254,0,0,327,0,0.8484848484848485
C,2,250,1,5250255,0,0,176,0,1.0
C,2,250,1,5250248,0,0,427,0,0.8372093023255814
C,2,250,1,5250249,0,0,226,0,0.7391304347826086
C,2,250,1,5250250,0,0,55,0,0.8181818181818182
C,2,250,1,5250251,0,0,440,0,0.8068181818181818
C,2,250,1,5250256,0,0,353,0,0.8873239436619719
C,2,250,1,5250257,0,0,193,0,0.8205128205128205
C,2,250,1,5250258,0,0,148,0,0.8333333333333334
C,2,250,1,5250259,1,0,259,0,0.7884615384615384
C,2,250,1,5250284,0,0,128,0,0.8076923076923077
C,2,250,1,5250285,0,0,80,0,0.875
C,2,250,1,5250286,0,0,135,0,0.8518518518518519
C,2,250,1,5250287,0,0,151,0,0.7419354838709677
C,2,250,1,5250260,0,1,600,0,0.8583333333333333
C,2,250,1,5250261,0,0,167,0,0.7647058823529411
C,2,250,1,5250262,0,0,234,0,0.723404255319149
C,2,250,1,5250263,0,0,283,0,0.7894736842105263
C,2,250,1,5250264,0,0,128,0,0.8846153846153846
C,2,250,1,5250265,0,0,243,0,0.8775510204081632
C,2,250,1,5250266,0,0,323,0,0.7692307692307693
C,2,250,1,5250267,0,0,300,0,0.85
C,2,250,1,5250276,0,0,182,0,0.8108108108108109
C,2,250,1,5250277,0,0,127,0,0.7307692307692307
C,2,250,1,5250278,0,0,370,0,0.7702702702702703
C,2,250,1,5250279,0,0,178,0,0.8333333333333334
C,2,250,1,5250272,0,0,284,0,0.8070175438596491
C,2,250,1,5250273,0,0,181,0,0.7567567567567568
C,2,250,1,5250274,0,0,101,0,0.9523809523809523
C,2,250,1,5250275,0,1,600,0,0.8916666666666667
C,2,250,1,5250268,0,0,260,0,0.8076923076923077
C,2,250,1,5250269,0,0,189,0,0.8157894736842105
C,2,250,1,5250270,0,0,168,0,0.7941176470588235
C,2,250,1,5250271,0,1,600,0,0.9
C,2,250,1,5250280,0,0,228,0,0.8913043478260869
C,2,250,1,5250281,0,0,151,0,0.8709677419354839
C,2,250,1,5250282,1,0,426,0,0.8372093023255814
C,2,250,1,5250283,0,0,516,0,0.8653846153846154
C,2,250,1,5250288,0,0,213,0,0.7674418604651163
C,2,250,1,5250289,0,0,119,0,0.875
C,2,250,1,5250290,0,0,263,0,0.7924528301886793
C,2,250,1,5250291,0,0,510,0,0.7941176470588235
C,2,250,1,5250296,1,0,430,0,0.8604651162790697
C,2,250,1,5250297,0,0,371,0,0.8666666666666667
C,2,250,1,5250298,0,0,118,0,0.7916666666666666
C,2,250,1,5250299,0,0,153,0,0.8387096774193549
C,2,250,1,5250304,0,0,197,0,0.825
C,2,250,1,5250305,0,0,385,0,0.8571428571428571
C,2,250,1,5250306,0,0,176,0,0.8611111111111112
C,2,250,1,5250307,0,0,255,0,0.803921568627451
C,2,250,1,5250320,0,0,100,0,0.9
C,2,250,1,5250321,0,0,85,0,0.7647058823529411
C,2,250,1,5250322,0,0,126,0,0.8846153846153846
C,2,250,1,5250323,0,0,92,0,0.7894736842105263
C,2,250,1,5250308,0,0,225,0,0.8888888888888888
C,2,250,1,5250309,0,0,55,0,1.0
C,2,250,1,5250310,0,0,192,0,0.6923076923076923
C,2,250,1,5250311,0,0,151,0,0.6774193548387096
C,2,250,1,5250300,0,0,135,0,0.7777777777777778
C,2,250,1,5250301,0,1,600,0,0.8416666666666667
C,2,250,1,5250302,0,0,237,0,0.875
C,2,250,1,5250303,0,0,160,0,0.78125
C,2,250,1,5250292,0,0,480,0,0.8541666666666666
C,2,250,1,5250293,1,0,258,0,0.75
C,2,250,1,5250294,0,0,233,0,0.8297872340425532
C,2,250,1,5250295,0,0,164,0,0.9090909090909091
C,2,250,1,5250316,0,0,184,0,0.7837837837837838
C,2,250,1,5250317,0,0,201,0,0.7804878048780488
C,2,250,1,5250318,0,0,176,0,0.9444444444444444
C,2,250,1,5250319,0,0,151,0,0.9354838709677419
C,2,250,1,5250324,0,0,117,0,0.875
C,2,250,1,5250325,0,0,107,0,0.8181818181818182
C,2,250,1,5250326,0,0,351,0,0.7464788732394366
C,2,250,1,5250327,0,0,201,0,0.8292682926829268
C,2,250,1,5250328,0,0,201,0,0.7560975609756098
C,2,250,1,5250329,0,0,126,0,0.6923076923076923
C,2,250,1,5250330,0,0,256,0,0.8461538461538461
C,2,250,1,5250331,0,0,265,0,0.7735849056603774
C,2,250,1,5250332,0,0,122,0,0.84
C,2,250,1,5250333,0,0,308,0,0.8225806451612904
C,2,250,1,5250334,0,0,104,0,0.8095238095238095
C,2,250,1,5250335,0,0,226,0,0.9347826086956522
C,2,250,1,5250340,0,0,163,0,0.8484848484848485
C,2,250,1,5250341,0,0,184,0,0.8648648648648649
C,2,250,1,5250342,0,0,176,0,0.75
C,2,250,1,5250343,0,0,151,0,0.7419354838709677
C,2,250,1,5250312,0,0,180,0,0.9166666666666666
C,2,250,1,5250313,0,0,327,0,0.7727272727272727
C,2,250,1,5250314,0,0,304,0,0.7868852459016393
C,2,250,1,5250315,0,0,486,0,0.7755102040816326
C,2,250,1,5250344,0,0,230,0,0.9130434782608695
C,2,250,1,5250345,0,0,338,0,0.8676470588235294
C,2,250,1,5250346,0,0,178,0,0.8611111111111112
C,2,250,1,5250347,0,0,142,0,0.7931034482758621
C,2,250,1,5250336,0,0,195,0,0.8974358974358975
C,2,250,1,5250337,0,0,301,0,0.7540983606557377
C,2,250,1,5250338,0,1,600,0,0.8166666666666667
C,2,250,1,5250339,0,0,158,0,0.75
C,2,250,1,5250360,0,0,153,0,0.7741935483870968
C,2,250,1,5250361,0,0,151,0,0.8709677419354839
C,2,250,1,5250362,0,0,381,0,0.7922077922077922
C,2,250,1,5250363,0,0,191,0,0.6923076923076923
C,2,250,1,5250364,0,0,151,0,0.6129032258064516
C,2,250,1,5250365,0,0,308,0,0.7741935483870968
C,2,250,1,5250366,0,0,201,0,0.8780487804878049
C,2,250,1,5250367,0,0,95,0,0.7894736842105263
C,2,250,1,5250356,0,0,200,0,0.875
C,2,250,1,5250357,0,0,122,0,0.84
C,2,250,1,5250358,0,1,600,0,0.8166666666666667
C,2,250,1,5250359,0,0,201,0,0.9024390243902439
C,2,250,1,5250348,0,0,225,0,0.8888888888888888
C,2,250,1,5250349,0,1,600,0,0.8833333333333333
C,2,250,1,5250350,0,0,184,0,0.8108108108108109
C,2,250,1,5250351,0,0,207,0,0.7857142857142857
C,2,250,1,5250368,0,0,354,0,0.8450704225352113
C,2,250,1,5250369,0,0,228,0,0.7391304347826086
C,2,250,1,5250370,0,0,276,0,0.8571428571428571
C,2,250,1,5250371,0,0,270,0,0.7037037037037037
C,2,250,1,5250352,0,0,104,0,0.8571428571428571
C,2,250,1,5250353,1,0,177,0,0.75
C,2,250,1,5250354,0,0,478,0,0.7916666666666666
C,2,250,1,5250355,0,1,600,0,0.85
C,2,250,1,5250372,0,0,353,0,0.8591549295774648
C,2,250,1,5250373,0,0,126,0,0.8461538461538461
C,2,250,1,5250374,0,0,132,0,0.8888888888888888
C,2,250,1,5250375,0,0,305,0,0.819672131147541
C,2,250,1,5250380,0,0,226,0,0.8695652173913043
C,2,250,1,5250381,0,0,154,0,0.8709677419354839
C,2,250,1,5250382,0,0,176,0,0.8611111111111112
C,2,250,1,5250383,0,0,204,0,0.9024390243902439
C,2,250,1,5250376,0,0,171,0,0.8857142857142857
C,2,250,1,5250377,0,0,176,0,0.8611111111111112
C,2,250,1,5250378,0,0,259,0,0.8461538461538461
C,2,250,1,5250379,0,1,600,0,0.85
C,2,250,1,5250396,0,0,130,0,0.7692307692307693
C,2,250,1,5250397,0,0,379,0,0.7763157894736842
C,2,250,1,5250398,0,0,120,0,0.8333333333333334
C,2,250,1,5250399,0,0,176,0,0.8888888888888888
C,2,250,1,5250384,0,0,351,0,0.7887323943661971
C,2,250,1,5250385,0,0,101,0,0.8571428571428571
C,2,250,1,5250386,0,0,152,0,0.7741935483870968
C,2,250,1,5250387,0,0,151,0,0.6774193548387096
C,2,250,1,5250388,0,0,289,0,0.8103448275862069
C,2,250,1,5250389,0,0,228,0,0.8260869565217391
C,2,250,1,5250390,0,0,169,0,0.7647058823529411
C,2,250,1,5250391,0,0,429,0,0.8372093023255814
C,2,250,1,5250392,0,0,76,0,0.8125
C,2,250,1,5250393,1,0,359,0,0.9027777777777778
C,2,250,1,5250394,0,0,303,0,0.7704918032786885
C,2,250,1,5250395,0,0,233,0,0.723404255319149
C,2,250,1,5250420,0,0,200,0,0.85
C,2,250,1,5250421,0,0,93,0,0.7368421052631579
C,2,250,1,5250422,0,0,61,0,0.8461538461538461
C,2,250,1,5250423,0,0,227,0,0.8043478260869565
C,2,250,1,5250404,0,0,176,0,0.8333333333333334
C,2,250,1,5250405,0,0,408,0,0.8414634146341463
C,2,250,1,5250406,0,0,228,0,0.8260869565217391
C,2,250,1,5250407,0,0,414,0,0.8313253012048193
C,2,250,1,5250428,0,0,174,0,0.9142857142857143
C,2,250,1,5250429,0,0,169,0,0.8529411764705882
C,2,250,1,5250430,0,0,109,0,0.6363636363636364
C,2,250,1,5250431,0,0,180,0,0.8333333333333334
C,2,250,1,5250408,0,0,451,0,0.8131868131868132
C,2,250,1,5250409,0,0,277,0,0.8571428571428571
C,2,250,1,5250410,0,0,290,0,0.8275862068965517
C,2,250,1,5250411,1,0,309,0,0.8870967741935484
C,2,250,1,5250416,0,0,176,0,0.8055555555555556
C,2,250,1,5250417,0,0,407,0,0.8414634146341463
C,2,250,1,5250418,1,0,478,0,0.8541666666666666
C,2,250,1,5250419,0,0,80,0,0.625
C,2,250,1,5250424,0,0,176,0,0.75
C,2,250,1,5250425,0,0,219,0,0.9318181818181818
C,2,250,1,5250426,0,0,251,0,0.803921568627451
C,2,250,1,5250427,0,0,308,0,0.7741935483870968
C,2,250,1,5250400,0,0,537,0,0.8425925925925926
C,2,250,1,5250401,0,1,600,0,0.8416666666666667
C,2,250,1,5250402,0,0,129,0,0.8461538461538461
C,2,250,1,5250403,0,1,600,0,0.8
C,2,250,1,5250436,0,0,198,0,0.75
C,2,250,1,5250437,0,0,151,0,0.8709677419354839
C,2,250,1,5250438,0,0,102,0,0.7619047619047619
C,2,250,1,5250439,0,0,156,0,0.78125
C,2,250,1,5250412,0,1,600,0,0.775
C,2,250,1,5250413,0,0,153,0,0.7096774193548387
C,2,250,1,5250414,0,0,212,0,0.8604651162790697
C,2,250,1,5250415,0,0,274,0,0.9272727272727272
C,2,250,1,5250456,0,0,395,0,0.8354430379746836
C,2,250,1,5250457,0,0,113,0,0.9130434782608695
C,2,250,1,5250458,0,0,101,0,0.8571428571428571
C,2,250,1,5250459,0,0,176,0,0.8333333333333334
C,2,250,1,5250432,0,0,203,0,0.926829268292683
C,2,250,1,5250433,0,0,143,0,0.6896551724137931
C,2,250,1,5250434,0,0,63,0,0.6923076923076923
C,2,250,1,5250435,0,1,600,0,0.8833333333333333
C,2,250,1,5250444,0,0,504,0,0.8613861386138614
C,2,250,1,5250445,0,0,57,0,0.9166666666666666
C,2,250,1,5250446,0,0,184,0,0.8648648648648649
C,2,250,1,5250447,0,0,176,0,0.9166666666666666
C,2,250,1,5250448,0,0,426,0,0.8023255813953488
C,2,250,1,5250449,0,0,157,0,0.8125
C,2,250,1,5250450,0,0,276,0,0.8571428571428571
C,2,250,1,5250451,0,0,151,0,0.7096774193548387
C,2,250,1,5250452,0,0,171,0,0.7714285714285715
C,2,250,1,5250453,0,0,82,0,0.8823529411764706
C,2,250,1,5250454,0,0,380,0,0.8421052631578947
C,2,250,1,5250455,0,1,600,0,0.8666666666666667
C,2,250,1,5250464,0,0,74,0,0.9333333333333333
C,2,250,1,5250465,0,0,251,0,0.9215686274509803
C,2,250,1,5250466,0,0,126,0,0.9615384615384616
C,2,250,1,5250467,0,0,139,0,0.7142857142857143
C,2,250,1,5250440,0,0,126,0,0.7692307692307693
C,2,250,1,5250441,0,0,210,0,0.7619047619047619
C,2,250,1,5250442,0,0,413,0,0.891566265060241
C,2,250,1,5250443,0,1,600,0,0.85
C,2,250,1,5250460,0,0,156,0,0.6875
C,2,250,1,5250461,0,0,282,0,0.7543859649122807
C,2,250,1,5250462,0,0,151,0,0.8064516129032258
C,2,250,1,5250463,0,0,64,0,0.6923076923076923
C,2,250,1,5250480,0,0,247,0,0.8
C,2,250,1,5250481,0,0,151,0,0.9354838709677419
C,2,250,1,5250482,0,0,211,0,0.8837209302325582
C,2,250,1,5250483,0,0,79,0,0.8125
C,2,250,1,5250484,0,0,127,0,0.7692307692307693
C,2,250,1,5250485,0,0,327,0,0.8787878787878788
C,2,250,1,5250486,0,0,176,0,0.8611111111111112
C,2,250,1,5250487,0,0,179,0,0.8611111111111112
C,2,250,1,5250468,0,0,187,0,0.7631578947368421
C,2,250,1,5250469,0,0,99,0,0.7
C,2,250,1,5250470,0,0,106,0,0.8636363636363636
C,2,250,1,5250471,0,0,256,0,0.8653846153846154
C,2,250,1,5250492,0,0,216,0,0.9318181818181818
C,2,250,1,5250493,0,0,151,0,0.7741935483870968
C,2,250,1,5250494,0,0,132,0,0.8888888888888888
C,2,250,1,5250495,0,0,111,0,0.8695652173913043
C,2,250,1,5250472,0,0,117,0,0.7916666666666666
C,2,250,1,5250473,0,0,239,0,0.8333333333333334
C,2,250,1,5250474,0,0,151,0,0.8064516129032258
C,2,250,1,5250475,0,0,151,0,0.8387096774193549
C,2,250,1,5250476,0,0,201,0,0.7804878048780488
C,2,250,1,5250477,0,0,178,0,0.9166666666666666
C,2,250,1,5250478,0,0,131,0,0.8888888888888888
C,2,250,1,5250479,0,0,330,0,0.7727272727272727
C,2,250,1,5250496,0,0,144,0,0.7586206896551724
C,2,250,1,5250497,0,0,303,0,0.9016393442622951
C,2,250,1,5250498,0,0,109,0,0.7272727272727273
C,2,250,1,5250499,0,0,199,0,0.825
C,2,250,1,5250488,0,0,251,0,0.8627450980392157
C,2,250,1,5250489,0,0,151,0,0.7419354838709677
C,2,250,1,5250490,0,0,156,0,0.90625
C,2,250,1,5250491,0,1,600,0,0.875
C,3,250,0,5300020,1,0,132,27,0.5925925925925926
C,3,250,0,5300021,1,0,93,19,1.0
C,3,250,0,5300022,1,0,68,14,0.7857142857142857
C,3,250,0,5300023,1,0,96,20,0.95
C,3,250,0,5300028,1,0,179,36,0.8888888888888888
C,3,250,0,5300029,1,0,73,15,0.7333333333333333
C,3,250,0,5300030,1,0,149,30,0.8
C,3,250,0,5300031,1,0,181,37,0.918918918918919
C,3,250,0,5300008,1,0,196,40,0.95
C,3,250,0,5300009,1,0,148,30,0.9666666666666667
C,3,250,0,5300010,1,0,100,20,0.9
C,3,250,0,5300011,1,0,149,30,0.9666666666666667
C,3,250,0,5300024,1,0,119,24,0.7916666666666666
C,3,250,0,5300025,0,0,82,17,0.8823529411764706
C,3,250,0,5300026,1,0,196,40,0.775
C,3,250,0,5300027,1,0,220,44,0.7954545454545454
C,3,250,0,5300004,1,0,159,32,0.84375
C,3,250,0,5300005,1,0,63,13,1.0
C,3,250,0,5300006,0,1,600,120,0.9416666666666667
C,3,250,0,5300007,1,0,164,33,0.8484848484848485
C,3,250,0,5300012,0,0,518,104,0.9807692307692307
C,3,250,0,5300013,1,0,108,22,0.8636363636363636
C,3,250,0,5300014,1,0,348,70,0.8714285714285714
C,3,250,0,5300015,1,0,116,24,0.8333333333333334
C,3,250,0,5300040,1,0,115,23,0.9565217391304348
C,3,250,0,5300041,1,0,139,28,0.9285714285714286
C,3,250,0,5300042,1,0,115,23,0.8695652173913043
C,3,250,0,5300043,1,0,94,19,0.8421052631578947
C,3,250,0,5300044,1,0,185,37,0.8108108108108109
C,3,250,0,5300045,1,0,92,19,0.7894736842105263
C,3,250,0,5300046,1,0,123,25,0.88
C,3,250,0,5300047,0,0,126,26,0.9615384615384616
C,3,250,0,5300000,1,0,276,56,0.9107142857142857
C,3,250,0,5300001,1,0,323,65,0.9076923076923077
C,3,250,0,5300002,0,1,600,120,0.975
C,3,250,0,5300003,1,0,96,20,0.85
C,3,250,0,5300036,0,0,82,17,0.8235294117647058
C,3,250,0,5300037,0,0,474,95,0.9789473684210527
C,3,250,0,5300038,1,0,106,22,0.9090909090909091
C,3,250,0,5300039,1,0,108,22,0.9090909090909091
C,3,250,0,5300052,0,0,205,41,0.9024390243902439
C,3,250,0,5300053,1,0,86,18,0.8888888888888888
C,3,250,0,5300054,1,0,161,33,0.8484848484848485
C,3,250,0,5300055,1,0,194,39,0.8461538461538461
C,3,250,0,5300060,1,0,117,24,0.875
C,3,250,0,5300061,0,0,107,22,0.9545454545454546
C,3,250,0,5300062,1,0,155,31,0.8387096774193549
C,3,250,0,5300063,1,0,174,35,0.8
C,3,250,0,5300064,1,0,128,26,0.9230769230769231
C,3,250,0,5300065,1,0,84,17,0.8823529411764706
C,3,250,0,5300066,1,0,194,39,0.9743589743589743
C,3,250,0,5300067,0,0,151,31,0.8387096774193549
C,3,250,0,5300016,0,1,600,120,1.0
C,3,250,0,5300017,1,0,476,96,0.8020833333333334
C,3,250,0,5300018,1,0,208,42,0.8095238095238095
C,3,250,0,5300019,0,0,414,83,0.7590361445783133
C,3,250,0,5300048,1,0,347,70,0.9714285714285714
C,3,250,0,5300049,1,0,291,59,0.7627118644067796
C,3,250,0,5300050,1,0,179,36,0.8888888888888888
C,3,250,0,5300051,1,0,148,30,0.9333333333333333
C,3,250,0,5300032,1,0,188,38,0.9473684210526315
C,3,250,0,5300033,0,1,600,120,1.0
C,3,250,0,5300034,0,1,600,120,0.9833333333333333
C,3,250,0,5300035,0,0,118,24,0.8333333333333334
C,3,250,0,5300056,1,0,114,23,0.9130434782608695
C,3,250,0,5300057,1,0,349,70,0.9571428571428572
C,3,250,0,5300058,1,0,246,50,0.8
C,3,250,0,5300059,1,0,169,34,0.9411764705882353
C,3,250,0,5300068,0,0,100,20,0.65
C,3,250,0,5300069,1,0,182,37,0.8648648648648649
C,3,250,0,5300070,0,1,600,120,0.9833333333333333
C,3,250,0,5300071,1,0,51,11,1.0
C,3,250,0,5300088,1,0,118,24,0.7083333333333334
C,3,250,0,5300089,1,0,186,38,0.8157894736842105
C,3,250,0,5300090,1,0,137,28,0.6785714285714286
C,3,250,0,5300091,1,0,183,37,0.8648648648648649
C,3,250,0,5300072,0,1,600,120,0.9666666666666667
C,3,250,0,5300073,1,0,220,44,0.8636363636363636
C,3,250,0,5300074,1,0,127,26,0.9615384615384616
C,3,250,0,5300075,1,0,116,24,0.7916666666666666
C,3,250,0,5300080,0,0,152,31,0.7741935483870968
C,3,250,0,5300081,1,0,591,119,0.7983193277310925
C,3,250,0,5300082,1,0,105,21,1.0
C,3,250,0,5300083,1,0,30,6,1.0
C,3,250,0,5300084,0,1,600,120,0.625
C,3,250,0,5300085,0,0,89,18,0.6666666666666666
C,3,250,0,5300086,1,0,184,37,0.8378378378378378
C,3,250,0,5300087,1,0,114,23,0.8695652173913043
C,3,250,0,5300104,1,0,85,17,0.8235294117647058
C,3,250,0,5300105,1,0,87,18,1.0
C,3,250,0,5300106,1,0,119,24,0.9583333333333334
C,3,250,0,5300107,1,0,57,12,0.8333333333333334
C,3,250,0,5300092,0,1,600,120,0.9916666666666667
C,3,250,0,5300093,1,0,135,27,0.9259259259259259
C,3,250,0,5300094,1,0,163,33,0.7878787878787878
C,3,250,0,5300095,1,0,175,35,0.8285714285714286
C,3,250,0,5300076,0,1,600,120,0.9833333333333333
C,3,250,0,5300077,1,0,170,34,0.9705882352941176
C,3,250,0,5300078,1,0,118,24,0.9583333333333334
C,3,250,0,5300079,0,0,328,66,0.9090909090909091
C,3,250,0,5300108,1,0,176,36,0.8055555555555556
C,3,250,0,5300109,0,0,101,21,0.7619047619047619
C,3,250,0,5300110,0,0,76,16,0.8125
C,3,250,0,5300111,1,0,229,46,0.8695652173913043
C,3,250,0,5300096,1,0,208,42,0.8571428571428571
C,3,250,0,5300097,1,0,146,30,0.8666666666666667
C,3,250,0,5300098,1,0,101,21,0.8571428571428571
C,3,250,0,5300099,0,1,600,120,0.9833333333333333
C,3,250,0,5300116,1,0,76,16,0.9375
C,3,250,0,5300117,1,0,159,32,0.9375
C,3,250,0,5300118,1,0,250,50,0.72
C,3,250,0,5300119,1,0,162,33,0.9090909090909091
C,3,250,0,5300120,0,0,232,47,0.8723404255319149
C,3,250,0,5300121,1,0,70,14,0.9285714285714286
C,3,250,0,5300122,1,0,155,31,0.9032258064516129
C,3,250,0,5300123,1,0,108,22,0.9545454545454546
C,3,250,0,5300132,0,0,340,68,0.9558823529411765
C,3,250,0,5300133,1,0,71,15,0.8666666666666667
C,3,250,0,5300134,0,0,91,19,0.7894736842105263
C,3,250,0,5300135,1,0,109,22,0.7727272727272727
C,3,250,0,5300124,1,0,149,30,0.8666666666666667
C,3,250,0,5300125,1,0,188,38,0.8947368421052632
C,3,250,0,5300126,1,0,126,26,0.8846153846153846
C,3,250,0,5300127,0,0,172,35,0.6571428571428571
C,3,250,0,5300100,0,1,600,120,0.975
C,3,250,0,5300101,1,0,113,23,0.9565217391304348
C,3,250,0,5300102,1,0,183,37,0.8378378378378378
C,3,250,0,5300103,0,1,600,120,0.975
C,3,250,0,5300112,1,0,242,49,0.7959183673469388
C,3,250,0,5300113,1,0,113,23,0.9130434782608695
C,3,250,0,5300114,1,0,151,31,0.7419354838709677
C,3,250,0,5300115,0,1,600,120,0.9666666666666667
C,3,250,0,5300128,0,1,600,120,0.9666666666666667
C,3,250,0,5300129,1,0,95,19,0.8421052631578947
C,3,250,0,5300130,1,0,114,23,0.9130434782608695
C,3,250,0,5300131,1,0,189,38,0.7105263157894737
C,3,250,0,5300140,1,0,107,22,0.8636363636363636
C,3,250,0,5300141,1,0,76,16,0.9375
C,3,250,0,5300142,0,0,175,35,0.5714285714285714
C,3,250,0,5300143,1,0,136,28,0.9642857142857143
C,3,250,0,5300144,1,0,176,36,0.8611111111111112
C,3,250,0,5300145,1,0,120,24,0.8333333333333334
C,3,250,0,5300146,1,0,132,27,0.9259259259259259
C,3,250,0,5300147,0,0,110,22,1.0
C,3,250,0,5300156,1,0,108,22,0.9545454545454546
C,3,250,0,5300157,1,0,148,30,0.9333333333333333
C,3,250,0,5300158,1,0,127,26,0.9230769230769231
C,3,250,0,5300159,1,0,119,24,1.0
C,3,250,0,5300152,1,0,226,46,0.9130434782608695
C,3,250,0,5300153,1,0,112,23,0.8260869565217391
C,3,250,0,5300154,0,0,272,55,0.9272727272727272
C,3,250,0,5300155,1,0,223,45,0.8
C,3,250,0,5300136,1,0,77,16,0.9375
C,3,250,0,5300137,1,0,360,72,0.8194444444444444
C,3,250,0,5300138,0,1,600,120,0.975
C,3,250,0,5300139,1,0,123,25,0.8
C,3,250,0,5300172,1,0,78,16,0.875
C,3,250,0,5300173,1,0,157,32,0.75
C,3,250,0,5300174,1,0,101,21,0.8095238095238095
C,3,250,0,5300175,1,0,144,29,0.896551724137931
C,3,250,0,5300168,1,0,149,30,0.9
C,3,250,0,5300169,1,0,108,22,0.8181818181818182
C,3,250,0,5300170,1,0,318,64,0.734375
C,3,250,0,5300171,1,0,99,20,0.9
C,3,250,0,5300164,1,0,184,37,0.8648648648648649
C,3,250,0,5300165,1,0,103,21,0.7619047619047619
C,3,250,0,5300166,1,0,231,47,0.723404255319149
C,3,250,0,5300167,1,0,153,31,0.8064516129032258
C,3,250,0,5300176,0,0,174,35,0.8571428571428571
C,3,250,0,5300177,1,0,157,32,0.84375
C,3,250,0,5300178,1,0,94,19,0.8421052631578947
C,3,250,0,5300179,0,0,201,41,0.8048780487804879
C,3,250,0,5300148,0,1,600,120,0.9666666666666667
C,3,250,0,5300149,1,0,138,28,0.9642857142857143
C,3,250,0,5300150,1,0,142,29,0.9655172413793104
C,3,250,0,5300151,0,0,224,45,0.7777777777777778
C,3,250,0,5300188,1,0,84,17,0.8823529411764706
C,3,250,0,5300189,1,0,77,16,0.75
C,3,250,0,5300190,1,0,143,29,0.8620689655172413
C,3,250,0,5300191,1,0,100,20,0.95
C,3,250,0,5300184,1,0,74,15,1.0
C,3,250,0,5300185,1,0,179,36,0.7222222222222222
C,3,250,0,5300186,1,0,68,14,1.0
C,3,250,0,5300187,1,0,146,30,0.9333333333333333
C,3,250,0,5300160,0,0,170,34,0.9117647058823529
C,3,250,0,5300161,0,1,600,120,0.9666666666666667
C,3,250,0,5300162,0,0,296,60,0.95
C,3,250,0,5300163,1,0,96,20,0.7
C,3,250,0,5300192,1,0,165,33,0.7878787878787878
C,3,250,0,5300193,1,0,100,20,0.9
C,3,250,0,5300194,1,0,148,30,0.8
C,3,250,0,5300195,1,0,80,16,0.9375
C,3,250,0,5300180,1,0,120,24,0.875
C,3,250,0,5300181,1,0,151,31,0.9354838709677419
C,3,250,0,5300182,0,0,329,66,0.8636363636363636
C,3,250,0,5300183,1,0,208,42,0.8809523809523809
C,3,250,0,5300196,1,0,97,20,0.8
C,3,250,0,5300197,1,0,284,57,0.9298245614035088
C,3,250,0,5300198,1,0,114,23,0.9565217391304348
C,3,250,0,5300199,1,0,144,29,0.8275862068965517
C,3,250,0,5300200,1,0,94,19,0.8947368421052632
C,3,250,0,5300201,1,0,401,81,0.9629629629629629
C,3,250,0,5300202,1,0,126,26,0.9230769230769231
C,3,250,0,5300203,0,0,143,29,0.7241379310344828
C,3,250,0,5300208,1,0,100,20,0.9
C,3,250,0,5300209,0,0,97,20,0.75
C,3,250,0,5300210,1,0,115,23,0.9130434782608695
C,3,250,0,5300211,1,0,167,34,0.9411764705882353
C,3,250,0,5300204,1,0,97,20,0.9
C,3,250,0,5300205,0,0,72,15,0.8
C,3,250,0,5300206,0,0,476,96,0.8645833333333334
C,3,250,0,5300207,1,0,61,13,0.7692307692307693
C,3,250,0,5300212,1,0,231,47,0.851063829787234
C,3,250,0,5300213,1,0,145,29,0.8620689655172413
C,3,250,0,5300214,1,0,144,29,0.8620689655172413
C,3,250,0,5300215,1,0,135,27,0.8888888888888888
C,3,250,0,5300228,0,0,220,44,0.9545454545454546
C,3,250,0,5300229,1,0,106,22,0.9545454545454546
C,3,250,0,5300230,1,0,89,18,1.0
C,3,250,0,5300231,0,0,101,21,0.8571428571428571
C,3,250,0,5300224,1,0,255,51,0.9019607843137255
C,3,250,0,5300225,1,0,117,24,0.8333333333333334
C,3,250,0,5300226,1,0,142,29,0.896551724137931
C,3,250,0,5300227,1,0,144,29,0.7586206896551724
C,3,250,0,5300216,0,1,600,120,0.75
C,3,250,0,5300217,1,0,136,28,0.9642857142857143
C,3,250,0,5300218,1,0,87,18,0.9444444444444444
C,3,250,0,5300219,1,0,161,33,0.8787878787878788
C,3,250,0,5300232,1,0,120,24,0.7916666666666666
C,3,250,0,5300233,1,0,138,28,0.9285714285714286
C,3,250,0,5300234,1,0,140,28,0.8928571428571429
C,3,250,0,5300235,1,0,240,48,0.9375
C,3,250,0,5300240,1,0,193,39,0.8461538461538461
C,3,250,0,5300241,1,0,76,16,0.9375
C,3,250,0,5300242,1,0,124,25,0.88
C,3,250,0,5300243,1,0,161,33,0.9393939393939394
C,3,250,0,5300248,0,0,88,18,0.7222222222222222
C,3,250,0,5300249,1,0,180,36,0.9722222222222222
C,3,250,0,5300250,1,0,100,20,0.9
C,3,250,0,5300251,1,0,274,55,0.8909090909090909
C,3,250,0,5300252,1,0,129,26,0.9230769230769231
C,3,250,0,5300253,0,0,164,33,1.0
C,3,250,0,5300254,1,0,84,17,0.8823529411764706
C,3,250,0,5300255,1,0,86,18,1.0
C,3,250,0,5300236,0,0,433,87,0.7931034482758621
C,3,250,0,5300237,1,0,92,19,0.8947368421052632
C,3,250,0,5300238,1,0,120,24,0.8333333333333334
C,3,250,0,5300239,1,0,261,53,0.8867924528301887
C,3,250,0,5300220,1,0,140,28,0.7142857142857143
C,3,250,0,5300221,1,0,246,50,0.76
C,3,250,0,5300222,1,0,101,21,1.0
C,3,250,0,5300223,0,1,600,120,0.9833333333333333
C,3,250,0,5300244,1,0,109,22,0.9090909090909091
C,3,250,0,5300245,0,1,600,120,0.9833333333333333
C,3,250,0,5300246,1,0,96,20,0.8
C,3,250,0,5300247,1,0,101,21,0.8095238095238095
C,3,250,0,5300260,1,0,98,20,0.85
C,3,250,0,5300261,1,0,80,16,0.9375
C,3,250,0,5300262,1,0,149,30,0.7333333333333333
C,3,250,0,5300263,1,0,102,21,0.8571428571428571
C,3,250,0,5300256,1,0,212,43,0.7906976744186046
C,3,250,0,5300257,1,0,142,29,0.9310344827586207
C,3,250,0,5300258,1,0,192,39,0.8205128205128205
C,3,250,0,5300259,1,0,93,19,0.8421052631578947
C,3,250,0,5300276,1,0,118,24,1.0
C,3,250,0,5300277,1,0,170,34,0.8235294117647058
C,3,250,0,5300278,1,0,138,28,0.8214285714285714
C,3,250,0,5300279,1,0,144,29,0.9310344827586207
C,3,250,0,5300272,0,0,168,34,0.9705882352941176
C,3,250,0,5300273,1,0,139,28,0.8571428571428571
C,3,250,0,5300274,1,0,193,39,0.8461538461538461
C,3,250,0,5300275,0,0,129,26,0.8076923076923077
C,3,250,0,5300268,1,0,92,19,0.8947368421052632
C,3,250,0,5300269,1,0,155,31,0.8387096774193549
C,3,250,0,5300270,1,0,100,20,0.9
C,3,250,0,5300271,1,0,311,63,0.746031746031746
C,3,250,0,5300264,0,0,169,34,0.9117647058823529
C,3,250,0,5300265,1,0,273,55,0.9636363636363636
C,3,250,0,5300266,1,0,125,25,1.0
C,3,250,0,5300267,1,0,219,44,0.5681818181818182
C,3,250,0,5300292,0,0,77,16,0.875
C,3,250,0,5300293,1,0,60,12,0.8333333333333334
C,3,250,0,5300294,1,0,400,80,0.9875
C,3,250,0,5300295,0,0,101,21,0.9047619047619048
C,3,250,0,5300280,0,1,600,120,0.9666666666666667
C,3,250,0,5300281,1,0,110,22,0.8636363636363636
C,3,250,0,5300282,0,0,171,35,0.9714285714285714
C,3,250,0,5300283,1,0,83,17,1.0
C,3,250,0,5300288,0,1,600,120,0.975
C,3,250,0,5300289,1,0,113,23,0.9565217391304348
C,3,250,0,5300290,1,0,119,24,0.9166666666666666
C,3,250,0,5300291,1,0,142,29,0.6896551724137931
C,3,250,0,5300308,1,0,109,22,0.9090909090909091
C,3,250,0,5300309,1,0,171,35,0.8857142857142857
C,3,250,0,5300310,0,0,97,20,0.9
C,3,250,0,5300311,1,0,72,15,0.9333333333333333
C,3,250,0,5300284,1,0,167,34,0.7647058823529411
C,3,250,0,5300285,0,0,124,25,0.64
C,3,250,0,5300286,1,0,400,80,0.925
C,3,250,0,5300287,0,0,363,73,0.9726027397260274
C,3,250,0,5300304,1,0,126,26,0.9230769230769231
C,3,250,0,5300305,1,0,144,29,0.8620689655172413
C,3,250,0,5300306,0,0,246,50,0.94
C,3,250,0,5300307,1,0,68,14,0.9285714285714286
C,3,250,0,5300296,1,0,55,11,0.9090909090909091
C,3,250,0,5300297,0,1,600,120,0.6
C,3,250,0,5300298,1,0,94,19,0.9473684210526315
C,3,250,0,5300299,1,0,244,49,0.9183673469387755
C,3,250,0,5300312,1,0,170,34,0.7941176470588235
C,3,250,0,5300313,1,0,118,24,0.9166666666666666
C,3,250,0,5300314,1,0,94,19,0.8421052631578947
C,3,250,0,5300315,1,0,205,41,1.0
C,3,250,0,5300300,0,0,138,28,0.8571428571428571
C,3,250,0,5300301,1,0,133,27,0.7037037037037037
C,3,250,0,5300302,0,1,600,120,1.0
C,3,250,0,5300303,0,0,73,15,1.0
C,3,250,0,5300320,1,0,94,19,0.9473684210526315
C,3,250,0,5300321,1,0,252,51,0.803921568627451
C,3,250,0,5300322,1,0,163,33,0.8787878787878788
C,3,250,0,5300323,0,0,146,30,0.8666666666666667
C,3,250,0,5300324,1,0,76,16,0.875
C,3,250,0,5300325,1,0,151,31,0.9032258064516129
C,3,250,0,5300326,0,0,123,25,0.8
C,3,250,0,5300327,0,0,166,34,0.9117647058823529
C,3,250,0,5300332,1,0,150,30,0.9333333333333333
C,3,250,0,5300333,0,0,326,66,0.9848484848484849
C,3,250,0,5300334,1,0,138,28,0.8928571428571429
C,3,250,0,5300335,1,0,77,16,0.9375
C,3,250,0,5300328,0,0,482,97,0.8762886597938144
C,3,250,0,5300329,1,0,81,17,0.9411764705882353
C,3,250,0,5300330,1,0,171,35,0.8
C,3,250,0,5300331,1,0,140,28,0.9642857142857143
C,3,250,0,5300316,0,0,217,44,0.8181818181818182
C,3,250,0,5300317,1,0,142,29,0.7931034482758621
C,3,250,0,5300318,1,0,55,11,0.9090909090909091
C,3,250,0,5300319,1,0,476,96,0.9895833333333334
C,3,250,0,5300336,1,0,132,27,0.8518518518518519
C,3,250,0,5300337,0,0,207,42,0.8571428571428571
C,3,250,0,5300338,1,0,160,32,0.90625
C,3,250,0,5300339,1,0,121,25,0.88
C,3,250,0,5300344,1,0,144,29,0.6206896551724138
C,3,250,0,5300345,1,0,94,19,0.8947368421052632
C,3,250,0,5300346,0,0,121,25,0.92
C,3,250,0,5300347,1,0,145,29,0.8275862068965517
C,3,250,0,5300352,1,0,145,29,0.8620689655172413
C,3,250,0,5300353,1,0,151,31,0.8387096774193549
C,3,250,0,5300354,1,0,155,31,0.8064516129032258
C,3,250,0,5300355,1,0,117,24,0.9166666666666666
C,3,250,0,5300360,1,0,149,30,0.9
C,3,250,0,5300361,0,0,107,22,0.8636363636363636
C,3,250,0,5300362,1,0,73,15,0.9333333333333333
C,3,250,0,5300363,1,0,261,53,0.9056603773584906
C,3,250,0,5300340,0,0,141,29,0.9310344827586207
C,3,250,0,5300341,0,0,78,16,0.875
C,3,250,0,5300342,0,1,600,120,0.9666666666666667
C,3,250,0,5300343,1,0,159,32,0.90625
C,3,250,0,5300348,0,1,600,120,0.975
C,3,250,0,5300349,1,0,77,16,0.9375
C,3,250,0,5300350,1,0,124,25,0.88
C,3,250,0,5300351,1,0,310,62,0.8709677419354839
C,3,250,0,5300356,1,0,210,42,0.8095238095238095
C,3,250,0,5300357,1,0,108,22,0.6818181818181818
C,3,250,0,5300358,0,0,106,22,0.8636363636363636
C,3,250,0,5300359,0,1,600,120,0.8583333333333333
C,3,250,0,5300380,1,0,88,18,0.8888888888888888
C,3,250,0,5300381,1,0,137,28,0.8928571428571429
C,3,250,0,5300382,0,0,126,26,0.8461538461538461
C,3,250,0,5300383,1,0,114,23,0.9130434782608695
C,3,250,0,5300388,1,0,51,11,0.8181818181818182
C,3,250,0,5300389,1,0,111,23,1.0
C,3,250,0,5300390,0,0,126,26,0.8076923076923077
C,3,250,0,5300391,1,0,107,22,0.8636363636363636
C,3,250,0,5300372,1,0,117,24,0.8333333333333334
C,3,250,0,5300373,1,0,101,21,0.9047619047619048
C,3,250,0,5300374,1,0,134,27,0.8888888888888888
C,3,250,0,5300375,0,1,600,120,0.775
C,3,250,0,5300368,1,0,110,22,0.9090909090909091
C,3,250,0,5300369,0,0,425,85,0.9647058823529412
C,3,250,0,5300370,1,0,245,49,0.8367346938775511
C,3,250,0,5300371,0,0,170,34,0.7058823529411765
C,3,250,0,5300364,1,0,207,42,0.9523809523809523
C,3,250,0,5300365,1,0,204,41,0.9024390243902439
C,3,250,0,5300366,1,0,91,19,0.9473684210526315
C,3,250,0,5300367,0,1,600,120,1.0
C,3,250,0,5300396,0,1,149,30,0.8666666666666667
C,3,250,0,5300397,1,0,171,35,0.8857142857142857
C,3,250,0,5300398,1,0,116,24,0.9166666666666666
C,3,250,0,5300399,0,0,126,26,0.8846153846153846
C,3,250,0,5300384,0,0,226,46,0.9565217391304348
C,3,250,0,5300385,1,0,134,27,0.9259259259259259
C,3,250,0,5300386,0,1,600,120,0.9833333333333333
C,3,250,0,5300387,1,0,95,19,0.8947368421052632
C,3,250,0,5300408,1,0,118,24,0.9166666666666666
C,3,250,0,5300409,0,0,280,56,0.6071428571428571
C,3,250,0,5300410,1,0,132,27,0.8148148148148148
C,3,250,0,5300411,0,0,77,16,0.75
C,3,250,0,5300376,1,0,120,24,0.8333333333333334
C,3,250,0,5300377,0,1,600,120,0.8
C,3,250,0,5300378,0,1,600,120,0.9916666666666667
C,3,250,0,5300379,1,0,134,27,0.9259259259259259
C,3,250,0,5300404,1,0,107,22,0.7727272727272727
C,3,250,0,5300405,0,1,600,120,1.0
C,3,250,0,5300406,1,0,136,28,0.9285714285714286
C,3,250,0,5300407,1,0,144,29,0.896551724137931
C,3,250,0,5300392,1,0,149,30,0.8333333333333334
C,3,250,0,5300393,0,1,600,120,0.9666666666666667
C,3,250,0,5300394,1,0,155,31,0.8709677419354839
C,3,250,0,5300395,0,0,130,26,0.7692307692307693
C,3,250,0,5300400,1,0,96,20,0.85
C,3,250,0,5300401,1,0,103,21,0.9047619047619048
C,3,250,0,5300402,1,0,174,35,0.9428571428571428
C,3,250,0,5300403,0,1,600,120,0.9666666666666667
C,3,250,0,5300420,1,0,382,77,0.8051948051948052
C,3,250,0,5300421,0,0,126,26,0.8076923076923077
C,3,250,0,5300422,1,0,165,33,0.9090909090909091
C,3,250,0,5300423,0,0,222,45,0.9777777777777777
C,3,250,0,5300428,1,0,144,29,0.9310344827586207
C,3,250,0,5300429,1,0,111,23,0.8695652173913043
C,3,250,0,5300430,1,0,147,30,0.9
C,3,250,0,5300431,1,0,122,25,0.88
C,3,250,0,5300412,1,0,218,44,0.9318181818181818
C,3,250,0,5300413,0,1,600,120,0.9916666666666667
C,3,250,0,5300414,1,0,100,20,0.9
C,3,250,0,5300415,0,0,134,27,0.9259259259259259
C,3,250,0,5300416,1,0,211,43,0.8837209302325582
C,3,250,0,5300417,1,0,93,19,1.0
C,3,250,0,5300418,0,1,600,120,0.9833333333333333
C,3,250,0,5300419,1,0,195,39,0.8974358974358975
C,3,250,0,5300432,1,0,75,15,1.0
C,3,250,0,5300433,1,0,328,66,0.6515151515151515
C,3,250,0,5300434,1,0,131,27,0.9259259259259259
C,3,250,0,5300435,0,0,126,26,0.9230769230769231
C,3,250,0,5300436,1,0,140,28,0.9642857142857143
C,3,250,0,5300437,0,0,233,47,1.0
C,3,250,0,5300438,1,0,116,24,0.9166666666666666
C,3,250,0,5300439,1,0,101,21,0.8571428571428571
C,3,250,0,5300440,1,0,111,23,0.6956521739130435
C,3,250,0,5300441,1,0,104,21,0.8095238095238095
C,3,250,0,5300442,1,0,115,23,0.9565217391304348
C,3,250,0,5300443,1,0,106,22,1.0
C,3,250,0,5300424,0,0,122,25,0.88
C,3,250,0,5300425,0,0,195,39,0.8974358974358975
C,3,250,0,5300426,0,1,600,120,0.975
C,3,250,0,5300427,1,0,93,19,0.9473684210526315
C,3,250,0,5300452,1,0,138,28,0.8928571428571429
C,3,250,0,5300453,0,0,76,16,1.0
C,3,250,0,5300454,1,0,120,24,0.9583333333333334
C,3,250,0,5300455,1,0,76,16,0.9375
C,3,250,0,5300448,0,0,123,25,0.84
C,3,250,0,5300449,1,0,75,15,0.9333333333333333
C,3,250,0,5300450,0,0,194,39,0.8974358974358975
C,3,250,0,5300451,1,0,247,50,0.88
C,3,250,0,5300444,1,0,136,28,0.9285714285714286
C,3,250,0,5300445,1,0,203,41,0.9024390243902439
C,3,250,0,5300446,1,0,92,19,0.9473684210526315
C,3,250,0,5300447,1,0,276,56,0.8035714285714286
C,3,250,0,5300456,1,0,127,26,0.9230769230769231
C,3,250,0,5300457,1,0,73,15,1.0
C,3,250,0,5300458,1,0,126,26,0.7692307692307693
C,3,250,0,5300459,1,0,113,23,0.7391304347826086
C,3,250,0,5300464,1,0,141,29,0.9310344827586207
C,3,250,0,5300465,1,0,205,41,0.7560975609756098
C,3,250,0,5300466,0,0,218,44,0.9545454545454546
C,3,250,0,5300467,0,0,127,26,0.8076923076923077
C,3,250,0,5300472,1,0,128,26,0.8076923076923077
C,3,250,0,5300473,1,0,84,17,0.8235294117647058
C,3,250,0,5300474,1,0,159,32,0.875
C,3,250,0,5300475,1,0,234,47,0.851063829787234
C,3,250,0,5300484,0,0,76,16,0.875
C,3,250,0,5300485,1,0,104,21,0.9047619047619048
C,3,250,0,5300486,1,0,79,16,0.8125
C,3,250,0,5300487,1,0,96,20,0.65
C,3,250,0,5300468,1,0,154,31,0.9032258064516129
C,3,250,0,5300469,1,0,219,44,0.7272727272727273
C,3,250,0,5300470,1,0,115,23,0.9565217391304348
C,3,250,0,5300471,1,0,188,38,0.9736842105263158
C,3,250,0,5300476,1,0,70,14,1.0
C,3,250,0,5300477,0,0,576,116,0.9224137931034483
C,3,250,0,5300478,1,0,111,23,0.8695652173913043
C,3,250,0,5300479,1,0,153,31,0.9354838709677419
C,3,250,0,5300492,1,0,194,39,0.8974358974358975
C,3,250,0,5300493,1,0,184,37,1.0
C,3,250,0,5300494,1,0,135,27,0.8518518518518519
C,3,250,0,5300495,1,0,156,32,0.90625
C,3,250,0,5300460,0,1,600,120,0.9833333333333333
C,3,250,0,5300461,0,0,117,24,0.9166666666666666
C,3,250,0,5300462,0,1,600,120,0.9
C,3,250,0,5300463,1,0,266,54,0.7962962962962963
C,3,250,0,5300496,1,0,77,16,0.875
C,3,250,0,5300497,1,0,204,41,0.8048780487804879
C,3,250,0,5300498,1,0,95,19,0.8947368421052632
C,3,250,0,5300499,1,0,205,41,0.8536585365853658
C,3,250,0,5300488,1,0,133,27,0.6296296296296297
C,3,250,0,5300489,0,1,600,120,0.975
C,3,250,0,5300490,1,0,191,39,0.7948717948717948
C,3,250,0,5300491,1,0,136,28,0.8571428571428571
C,3,250,0,5300480,1,0,173,35,0.9714285714285714
C,3,250,0,5300481,0,1,600,120,0.9833333333333333
C,3,250,0,5300482,0,0,297,60,0.9666666666666667
C,3,250,0,5300483,1,0,140,28,0.6071428571428571
C,3,250,1,5350016,0,0,251,0,0.5490196078431373
C,3,250,1,5350017,0,0,60,0,0.5
C,3,250,1,5350018,0,0,91,0,0.6842105263157895
C,3,250,1,5350019,0,0,228,0,0.7391304347826086
C,3,250,1,5350012,0,0,328,0,0.7727272727272727
C,3,250,1,5350013,0,0,141,0,0.6551724137931034
C,3,250,1,5350014,0,0,162,0,0.6666666666666666
C,3,250,1,5350015,0,0,139,0,0.8214285714285714
C,3,250,1,5350008,0,0,132,0,0.8148148148148148
C,3,250,1,5350009,0,0,182,0,0.8108108108108109
C,3,250,1,5350010,0,0,130,0,0.6923076923076923
C,3,250,1,5350011,0,0,376,0,0.75
C,3,250,1,5350028,0,1,600,0,0.7916666666666666
C,3,250,1,5350029,0,0,177,0,0.6388888888888888
C,3,250,1,5350030,0,0,66,0,0.7857142857142857
C,3,250,1,5350031,0,0,89,0,0.6666666666666666
C,3,250,1,5350004,0,1,600,0,0.7083333333333334
C,3,250,1,5350005,0,0,96,0,0.8
C,3,250,1,5350006,0,0,81,0,0.8235294117647058
C,3,250,1,5350007,0,0,227,0,0.782608695652174
C,3,250,1,5350020,0,0,289,0,0.7068965517241379
C,3,250,1,5350021,0,1,600,0,0.7666666666666667
C,3,250,1,5350022,0,1,600,0,0.7083333333333334
C,3,250,1,5350023,0,0,65,0,0.7692307692307693
C,3,250,1,5350032,0,0,92,0,0.6842105263157895
C,3,250,1,5350033,0,0,156,0,0.65625
C,3,250,1,5350034,0,0,151,0,0.5806451612903226
C,3,250,1,5350035,0,0,177,0,0.75
C,3,250,1,5350044,0,0,112,0,0.9130434782608695
C,3,250,1,5350045,0,0,188,0,0.7631578947368421
C,3,250,1,5350046,0,0,78,0,0.6875
C,3,250,1,5350047,1,0,102,0,0.8571428571428571
C,3,250,1,5350024,1,0,328,0,0.5757575757575758
C,3,250,1,5350025,0,0,540,0,0.7407407407407407
C,3,250,1,5350026,0,0,135,0,0.7037037037037037
C,3,250,1,5350027,0,0,258,0,0.6730769230769231
C,3,250,1,5350036,0,0,86,0,0.7222222222222222
C,3,250,1,5350037,0,0,91,0,0.8421052631578947
C,3,250,1,5350038,0,0,405,0,0.7654320987654321
C,3,250,1,5350039,0,0,97,0,0.8
C,3,250,1,5350040,0,0,155,0,0.6129032258064516
C,3,250,1,5350041,0,0,97,0,0.65
C,3,250,1,5350042,0,1,600,0,0.7416666666666667
C,3,250,1,5350043,0,0,109,0,0.7727272727272727
C,3,250,1,5350000,0,0,190,0,0.8157894736842105
C,3,250,1,5350001,0,1,600,0,0.7333333333333333
C,3,250,1,5350002,0,0,487,0,0.8979591836734694
C,3,250,1,5350003,0,0,283,0,0.6842105263157895
C,3,250,1,5350056,0,0,102,0,0.6190476190476191
C,3,250,1,5350057,0,0,169,0,0.7058823529411765
C,3,250,1,5350058,1,0,508,0,0.8431372549019608
C,3,250,1,5350059,1,0,202,0,0.6829268292682927
C,3,250,1,5350052,0,0,54,0,0.7272727272727273
C,3,250,1,5350053,0,1,600,0,0.6833333333333333
C,3,250,1,5350054,0,0,141,0,0.6896551724137931
C,3,250,1,5350055,0,1,600,0,0.8
C,3,250,1,5350048,0,0,158,0,0.625
C,3,250,1,5350049,0,0,222,0,0.7555555555555555
C,3,250,1,5350050,0,0,73,0,0.8666666666666667
C,3,250,1,5350051,0,1,600,0,0.725
C,3,250,1,5350064,0,0,153,0,0.8387096774193549
C,3,250,1,5350065,0,0,128,0,0.8461538461538461
C,3,250,1,5350066,0,1,600,0,0.6
C,3,250,1,5350067,0,0,87,0,0.6666666666666666
C,3,250,1,5350060,0,0,93,0,0.7368421052631579
C,3,250,1,5350061,0,0,180,0,0.6388888888888888
C,3,250,1,5350062,0,0,91,0,0.7368421052631579
C,3,250,1,5350063,0,1,600,0,0.7
C,3,250,1,5350072,0,0,126,0,0.7307692307692307
C,3,250,1,5350073,0,0,132,0,0.7407407407407407
C,3,250,1,5350074,0,0,108,0,0.5909090909090909
C,3,250,1,5350075,0,0,101,0,0.7142857142857143
C,3,250,1,5350084,0,0,73,0,0.7333333333333333
C,3,250,1,5350085,0,0,201,0,0.6097560975609756
C,3,250,1,5350086,0,0,88,0,0.6666666666666666
C,3,250,1,5350087,0,0,142,0,0.7586206896551724
C,3,250,1,5350068,0,0,430,0,0.686046511627907
C,3,250,1,5350069,0,0,354,0,0.7323943661971831
C,3,250,1,5350070,0,0,126,0,0.8076923076923077
C,3,250,1,5350071,0,0,151,0,0.6774193548387096
C,3,250,1,5350076,0,0,101,0,0.8571428571428571
C,3,250,1,5350077,0,0,328,0,0.6212121212121212
C,3,250,1,5350078,0,1,600,0,0.8166666666666667
C,3,250,1,5350079,0,0,108,0,0.6818181818181818
C,3,250,1,5350080,0,0,114,0,0.782608695652174
C,3,250,1,5350081,0,1,600,0,0.6833333333333333
C,3,250,1,5350082,0,0,103,0,0.7142857142857143
C,3,250,1,5350083,0,0,219,0,0.7045454545454546
C,3,250,1,5350096,0,0,168,0,0.6764705882352942
C,3,250,1,5350097,0,0,105,0,0.7142857142857143
C,3,250,1,5350098,0,0,209,0,0.6904761904761905
C,3,250,1,5350099,0,0,151,0,0.7419354838709677
C,3,250,1,5350088,0,0,127,0,0.6153846153846154
C,3,250,1,5350089,0,0,154,0,0.6774193548387096
C,3,250,1,5350090,1,0,457,0,0.7282608695652174
C,3,250,1,5350091,0,0,107,0,0.8181818181818182
C,3,250,1,5350104,0,0,81,0,0.7647058823529411
C,3,250,1,5350105,0,0,51,0,0.6363636363636364
C,3,250,1,5350106,0,0,348,0,0.7
C,3,250,1,5350107,0,0,206,0,0.8571428571428571
C,3,250,1,5350092,0,1,600,0,0.7083333333333334
C,3,250,1,5350093,0,0,101,0,0.5714285714285714
C,3,250,1,5350094,0,0,226,0,0.6304347826086957
C,3,250,1,5350095,0,0,205,0,0.7560975609756098
C,3,250,1,5350108,0,0,228,0,0.6956521739130435
C,3,250,1,5350109,0,0,116,0,0.75
C,3,250,1,5350110,0,0,157,0,0.5625
C,3,250,1,5350111,0,0,70,0,0.5
C,3,250,1,5350120,1,0,311,0,0.6031746031746031
C,3,250,1,5350121,0,0,67,0,0.7142857142857143
C,3,250,1,5350122,0,0,100,0,0.8
C,3,250,1,5350123,0,0,126,0,0.7307692307692307
C,3,250,1,5350112,0,0,114,0,0.6956521739130435
C,3,250,1,5350113,0,1,600,0,0.6666666666666666
C,3,250,1,5350114,0,0,78,0,0.9375
C,3,250,1,5350115,0,0,167,0,0.7941176470588235
C,3,250,1,5350100,0,1,600,0,0.725
C,3,250,1,5350101,0,0,331,0,0.5522388059701493
C,3,250,1,5350102,0,0,211,0,0.7209302325581395
C,3,250,1,5350103,0,0,209,0,0.6904761904761905
C,3,250,1,5350136,0,0,67,0,0.7142857142857143
C,3,250,1,5350137,0,0,128,0,0.6923076923076923
C,3,250,1,5350138,0,0,153,0,0.8387096774193549
C,3,250,1,5350139,0,0,251,0,0.7254901960784313
C,3,250,1,5350124,0,0,129,0,0.8076923076923077
C,3,250,1,5350125,0,0,120,0,0.6666666666666666
C,3,250,1,5350126,0,0,303,0,0.7868852459016393
C,3,250,1,5350127,0,0,157,0,0.65625
C,3,250,1,5350116,0,0,151,0,0.6451612903225806
C,3,250,1,5350117,0,0,208,0,0.5952380952380952
C,3,250,1,5350118,0,1,600,0,0.825
C,3,250,1,5350119,0,0,115,0,0.7391304347826086
C,3,250,1,5350140,0,0,151,0,0.6129032258064516
C,3,250,1,5350141,0,0,178,0,0.6666666666666666
C,3,250,1,5350142,0,0,81,0,0.7058823529411765
C,3,250,1,5350143,0,0,79,0,0.6875
C,3,250,1,5350128,0,0,281,0,0.8070175438596491
C,3,250,1,5350129,0,0,165,0,0.6363636363636364
C,3,250,1,5350130,0,0,90,0,0.7222222222222222
C,3,250,1,5350131,0,0,260,0,0.75
C,3,250,1,5350132,0,0,171,0,0.6857142857142857
C,3,250,1,5350133,0,0,151,0,0.5806451612903226
C,3,250,1,5350134,0,0,67,0,0.7857142857142857
C,3,250,1,5350135,0,1,600,0,0.7833333333333333
C,3,250,1,5350152,0,0,137,0,0.75
C,3,250,1,5350153,0,0,190,0,0.7105263157894737
C,3,250,1,5350154,0,0,124,0,0.72
C,3,250,1,5350155,0,0,207,0,0.5476190476190477
C,3,250,1,5350156,0,0,219,0,0.8181818181818182
C,3,250,1,5350157,0,0,82,0,0.6470588235294118
C,3,250,1,5350158,0,0,112,0,0.8695652173913043
C,3,250,1,5350159,0,0,154,0,0.7096774193548387
C,3,250,1,5350172,0,0,76,0,0.6875
C,3,250,1,5350173,0,0,63,0,0.6153846153846154
C,3,250,1,5350174,0,0,116,0,0.8333333333333334
C,3,250,1,5350175,0,0,103,0,0.6190476190476191
C,3,250,1,5350144,0,0,104,0,0.5238095238095238
C,3,250,1,5350145,0,0,251,0,0.5098039215686274
C,3,250,1,5350146,0,0,82,0,0.8235294117647058
C,3,250,1,5350147,0,0,261,0,0.7358490566037735
C,3,250,1,5350164,0,0,96,0,0.7
C,3,250,1,5350165,0,0,206,0,0.6904761904761905
C,3,250,1,5350166,0,0,502,0,0.7920792079207921
C,3,250,1,5350167,0,0,153,0,0.6129032258064516
C,3,250,1,5350168,0,0,326,0,0.6818181818181818
C,3,250,1,5350169,0,1,600,0,0.7333333333333333
C,3,250,1,5350170,0,0,80,0,0.625
C,3,250,1,5350171,0,0,101,0,0.7142857142857143
C,3,250,1,5350148,0,0,486,0,0.6632653061224489
C,3,250,1,5350149,0,1,600,0,0.7583333333333333
C,3,250,1,5350150,0,0,253,0,0.7843137254901961
C,3,250,1,5350151,0,0,91,0,0.7894736842105263
C,3,250,1,5350176,0,0,134,0,0.7777777777777778
C,3,250,1,5350177,0,1,600,0,0.6666666666666666
C,3,250,1,5350178,0,0,116,0,0.75
C,3,250,1,5350179,0,0,68,0,0.8571428571428571
C,3,250,1,5350160,0,1,600,0,0.85
C,3,250,1,5350161,1,0,413,0,0.8433734939759037
C,3,250,1,5350162,0,0,158,0,0.78125
C,3,250,1,5350163,0,0,160,0,0.5
C,3,250,1,5350184,0,0,339,0,0.6911764705882353
C,3,250,1,5350185,0,0,229,0,0.8043478260869565
C,3,250,1,5350186,0,0,88,0,0.7222222222222222
C,3,250,1,5350187,0,0,233,0,0.6595744680851063
C,3,250,1,5350192,0,0,99,0,0.85
C,3,250,1,5350193,0,0,92,0,0.6842105263157895
C,3,250,1,5350194,0,0,114,0,0.7391304347826086
C,3,250,1,5350195,0,0,74,0,0.6
C,3,250,1,5350188,0,0,90,0,0.7222222222222222
C,3,250,1,5350189,0,0,428,0,0.7674418604651163
C,3,250,1,5350190,0,0,116,0,0.8333333333333334
C,3,250,1,5350191,0,0,279,0,0.6964285714285714
C,3,250,1,5350208,0,0,219,0,0.7954545454545454
C,3,250,1,5350209,0,0,109,0,0.6818181818181818
C,3,250,1,5350210,0,0,160,0,0.71875
C,3,250,1,5350211,0,0,196,0,0.75
C,3,250,1,5350180,1,0,277,0,0.7857142857142857
C,3,250,1,5350181,0,0,343,0,0.7971014492753623
C,3,250,1,5350182,0,0,95,0,0.7368421052631579
C,3,250,1,5350183,0,1,600,0,0.7666666666666667
C,3,250,1,5350196,0,0,95,0,0.7894736842105263
C,3,250,1,5350197,0,0,152,0,0.6451612903225806
C,3,250,1,5350198,0,0,314,0,0.7619047619047619
C,3,250,1,5350199,0,0,168,0,0.7941176470588235
C,3,250,1,5350204,0,0,113,0,0.6521739130434783
C,3,250,1,5350205,0,0,151,0,0.7741935483870968
C,3,250,1,5350206,0,0,254,0,0.7450980392156863
C,3,250,1,5350207,0,0,251,0,0.7058823529411765
C,3,250,1,5350200,0,0,305,0,0.5081967213114754
C,3,250,1,5350201,0,0,151,0,0.5806451612903226
C,3,250,1,5350202,0,0,308,0,0.7903225806451613
C,3,250,1,5350203,0,0,76,0,0.75
C,3,250,1,5350212,0,0,559,0,0.6696428571428571
C,3,250,1,5350213,0,0,103,0,0.5714285714285714
C,3,250,1,5350214,0,0,80,0,0.625
C,3,250,1,5350215,0,0,85,0,0.7647058823529411
C,3,250,1,5350228,0,0,87,0,0.8888888888888888
C,3,250,1,5350229,0,0,189,0,0.5526315789473685
C,3,250,1,5350230,0,0,81,0,0.6470588235294118
C,3,250,1,5350231,0,0,229,0,0.717391304347826
C,3,250,1,5350220,0,0,89,0,0.9444444444444444
C,3,250,1,5350221,0,1,600,0,0.725
C,3,250,1,5350222,0,0,164,0,0.7272727272727273
C,3,250,1,5350223,0,0,126,0,0.6923076923076923
C,3,250,1,5350232,0,0,156,0,0.84375
C,3,250,1,5350233,0,0,87,0,0.6666666666666666
C,3,250,1,5350234,0,0,66,0,0.7142857142857143
C,3,250,1,5350235,1,0,587,0,0.8559322033898306
C,3,250,1,5350224,0,0,65,0,0.8461538461538461
C,3,250,1,5350225,0,0,176,0,0.5555555555555556
C,3,250,1,5350226,1,0,379,0,0.75
C,3,250,1,5350227,0,0,283,0,0.8070175438596491
C,3,250,1,5350256,0,0,76,0,0.5625
C,3,250,1,5350257,1,0,226,0,0.782608695652174
C,3,250,1,5350258,0,0,90,0,0.7777777777777778
C,3,250,1,5350259,0,0,117,0,0.7083333333333334
C,3,250,1,5350216,0,0,123,0,0.56
C,3,250,1,5350217,0,0,113,0,0.6956521739130435
C,3,250,1,5350218,0,1,600,0,0.8166666666666667
C,3,250,1,5350219,1,0,426,0,0.6976744186046512
C,3,250,1,5350240,0,0,124,0,0.68
C,3,250,1,5350241,0,0,380,0,0.9210526315789473
C,3,250,1,5350242,0,0,253,0,0.7254901960784313
C,3,250,1,5350243,0,0,84,0,0.6470588235294118
C,3,250,1,5350236,0,0,79,0,0.8125
C,3,250,1,5350237,0,1,600,0,0.7916666666666666
C,3,250,1,5350238,0,0,101,0,0.47619047619047616
C,3,250,1,5350239,1,0,183,0,0.5675675675675675
C,3,250,1,5350252,0,0,153,0,0.6774193548387096
C,3,250,1,5350253,0,0,333,0,0.7910447761194029
C,3,250,1,5350254,0,0,78,0,0.6875
C,3,250,1,5350255,0,0,94,0,0.6842105263157895
C,3,250,1,5350248,0,0,66,0,0.6428571428571429
C,3,250,1,5350249,0,0,82,0,0.47058823529411764
C,3,250,1,5350250,0,0,405,0,0.7407407407407407
C,3,250,1,5350251,0,0,326,0,0.7121212121212122
C,3,250,1,5350260,1,0,402,0,0.9012345679012346
C,3,250,1,5350261,0,0,152,0,0.6451612903225806
C,3,250,1,5350262,0,0,126,0,0.8461538461538461
C,3,250,1,5350263,0,0,152,0,0.8064516129032258
C,3,250,1,5350264,0,0,176,0,0.8055555555555556
C,3,250,1,5350265,0,0,121,0,0.6
C,3,250,1,5350266,0,0,277,0,0.7321428571428571
C,3,250,1,5350267,0,0,105,0,0.9523809523809523
C,3,250,1,5350284,0,0,148,0,0.7333333333333333
C,3,250,1,5350285,0,0,130,0,0.5384615384615384
C,3,250,1,5350286,0,0,176,0,0.6388888888888888
C,3,250,1,5350287,0,0,103,0,0.6666666666666666
C,3,250,1,5350244,0,1,600,0,0.65
C,3,250,1,5350245,0,0,583,0,0.717948717948718
C,3,250,1,5350246,0,0,122,0,0.6
C,3,250,1,5350247,0,0,104,0,0.6666666666666666
C,3,250,1,5350276,0,0,260,0,0.8269230769230769
C,3,250,1,5350277,1,0,316,0,0.78125
C,3,250,1,5350278,0,0,90,0,0.7777777777777778
C,3,250,1,5350279,0,0,142,0,0.7931034482758621
C,3,250,1,5350272,0,0,307,0,0.6935483870967742
C,3,250,1,5350273,0,0,265,0,0.5660377358490566
C,3,250,1,5350274,0,0,76,0,0.6875
C,3,250,1,5350275,0,0,306,0,0.8064516129032258
C,3,250,1,5350288,0,0,155,0,0.8387096774193549
C,3,250,1,5350289,0,0,281,0,0.6842105263157895
C,3,250,1,5350290,0,0,145,0,0.8620689655172413
C,3,250,1,5350291,0,0,70,0,0.9285714285714286
C,3,250,1,5350280,0,1,600,0,0.7916666666666666
C,3,250,1,5350281,0,0,74,0,0.6
C,3,250,1,5350282,0,0,134,0,0.7777777777777778
C,3,250,1,5350283,0,0,85,0,0.5294117647058824
C,3,250,1,5350292,0,0,101,0,0.5238095238095238
C,3,250,1,5350293,0,0,80,0,0.6875
C,3,250,1,5350294,0,0,84,0,0.8235294117647058
C,3,250,1,5350295,0,0,317,0,0.75
C,3,250,1,5350296,0,0,81,0,0.7058823529411765
C,3,250,1,5350297,0,0,95,0,0.6842105263157895
C,3,250,1,5350298,0,0,81,0,0.5882352941176471
C,3,250,1,5350299,0,0,84,0,0.7058823529411765
C,3,250,1,5350268,0,0,235,0,0.7872340425531915
C,3,250,1,5350269,0,0,88,0,0.8888888888888888
C,3,250,1,5350270,0,0,127,0,0.7307692307692307
C,3,250,1,5350271,0,1,600,0,0.6916666666666667
C,3,250,1,5350308,0,0,72,0,0.7333333333333333
C,3,250,1,5350309,0,0,76,0,0.6875
C,3,250,1,5350310,0,0,76,0,0.5625
C,3,250,1,5350311,1,0,358,0,0.6944444444444444
C,3,250,1,5350320,0,0,126,0,0.6923076923076923
C,3,250,1,5350321,0,0,111,0,0.6956521739130435
C,3,250,1,5350322,0,0,112,0,0.5217391304347826
C,3,250,1,5350323,0,0,131,0,0.8518518518518519
C,3,250,1,5350304,0,0,282,0,0.7894736842105263
C,3,250,1,5350305,0,0,176,0,0.7222222222222222
C,3,250,1,5350306,0,0,338,0,0.8088235294117647
C,3,250,1,5350307,0,0,122,0,0.88
C,3,250,1,5350300,0,0,127,0,0.6923076923076923
C,3,250,1,5350301,1,0,276,0,0.7857142857142857
C,3,250,1,5350302,0,1,600,0,0.7583333333333333
C,3,250,1,5350303,1,0,176,0,0.5555555555555556
C,3,250,1,5350328,0,0,366,0,0.7837837837837838
C,3,250,1,5350329,0,0,85,0,0.7058823529411765
C,3,250,1,5350330,0,0,59,0,0.8333333333333334
C,3,250,1,5350331,0,0,230,0,0.717391304347826
C,3,250,1,5350312,0,0,63,0,0.6923076923076923
C,3,250,1,5350313,0,1,600,0,0.7
C,3,250,1,5350314,0,0,144,0,0.6551724137931034
C,3,250,1,5350315,0,0,151,0,0.6774193548387096
C,3,250,1,5350344,0,0,96,0,0.65
C,3,250,1,5350345,0,0,143,0,0.7586206896551724
C,3,250,1,5350346,0,0,77,0,0.6875
C,3,250,1,5350347,0,0,111,0,0.8695652173913043
C,3,250,1,5350340,0,0,92,0,0.631578947368421
C,3,250,1,5350341,0,0,59,0,0.75
C,3,250,1,5350342,0,0,226,0,0.6956521739130435
C,3,250,1,5350343,0,0,99,0,0.65
C,3,250,1,5350332,0,0,93,0,0.631578947368421
C,3,250,1,5350333,0,0,226,0,0.6304347826086957
C,3,250,1,5350334,1,0,180,0,0.5555555555555556
C,3,250,1,5350335,0,0,84,0,0.6470588235294118
C,3,250,1,5350316,0,0,113,0,0.6956521739130435
C,3,250,1,5350317,0,0,202,0,0.6585365853658537
C,3,250,1,5350318,0,1,600,0,0.725
C,3,250,1,5350319,0,0,202,0,0.8048780487804879
C,3,250,1,5350336,0,0,201,0,0.6585365853658537
C,3,250,1,5350337,0,0,98,0,0.6
C,3,250,1,5350338,0,0,182,0,0.7297297297297297
C,3,250,1,5350339,0,0,262,0,0.6792452830188679
C,3,250,1,5350324,0,0,517,0,0.7115384615384616
C,3,250,1,5350325,0,1,600,0,0.6416666666666667
C,3,250,1,5350326,0,0,78,0,0.6875
C,3,250,1,5350327,0,0,128,0,0.7692307692307693
C,3,250,1,5350356,0,0,185,0,0.5675675675675675
C,3,250,1,5350357,0,0,79,0,0.8125
C,3,250,1,5350358,0,0,104,0,0.47619047619047616
C,3,250,1,5350359,0,0,96,0,0.65
C,3,250,1,5350364,0,0,91,0,0.7368421052631579
C,3,250,1,5350365,0,0,151,0,0.7096774193548387
C,3,250,1,5350366,0,0,124,0,0.72
C,3,250,1,5350367,0,0,231,0,0.6595744680851063
C,3,250,1,5350360,0,0,92,0,0.42105263157894735
C,3,250,1,5350361,0,0,561,0,0.7522123893805309
C,3,250,1,5350362,0,0,98,0,0.7
C,3,250,1,5350363,0,0,102,0,0.7142857142857143
C,3,250,1,5350372,0,0,302,0,0.6721311475409836
C,3,250,1,5350373,1,0,176,0,0.7777777777777778
C,3,250,1,5350374,0,0,228,0,0.5652173913043478
C,3,250,1,5350375,0,0,93,0,0.7368421052631579
C,3,250,1,5350380,0,0,207,0,0.6904761904761905
C,3,250,1,5350381,0,0,65,0,0.8461538461538461
C,3,250,1,5350382,0,0,93,0,0.7894736842105263
C,3,250,1,5350383,0,0,302,0,0.7213114754098361
C,3,250,1,5350368,0,0,176,0,0.75
C,3,250,1,5350369,0,0,113,0,0.7391304347826086
C,3,250,1,5350370,0,0,407,0,0.7560975609756098
C,3,250,1,5350371,0,0,141,0,0.7586206896551724
C,3,250,1,5350348,0,1,600,0,0.7666666666666667
C,3,250,1,5350349,0,0,172,0,0.8285714285714286
C,3,250,1,5350350,0,0,55,0,0.7272727272727273
C,3,250,1,5350351,0,1,600,0,0.725
C,3,250,1,5350352,0,0,164,0,0.6060606060606061
C,3,250,1,5350353,1,0,210,0,0.7142857142857143
C,3,250,1,5350354,0,0,285,0,0.7543859649122807
C,3,250,1,5350355,0,1,600,0,0.6666666666666666
C,3,250,1,5350404,0,0,69,0,0.8571428571428571
C,3,250,1,5350405,0,0,88,0,0.7222222222222222
C,3,250,1,5350406,0,0,318,0,0.765625
C,3,250,1,5350407,0,0,268,0,0.7962962962962963
C,3,250,1,5350396,0,0,103,0,0.47619047619047616
C,3,250,1,5350397,0,0,268,0,0.7592592592592593
C,3,250,1,5350398,0,0,323,0,0.7538461538461538
C,3,250,1,5350399,0,0,64,0,0.6923076923076923
C,3,250,1,5350388,0,0,55,0,0.6363636363636364
C,3,250,1,5350389,0,0,404,0,0.7777777777777778
C,3,250,1,5350390,0,0,196,0,0.65
C,3,250,1,5350391,0,0,98,0,0.75
C,3,250,1,5350376,0,0,343,0,0.7391304347826086
C,3,250,1,5350377,0,1,600,0,0.65
C,3,250,1,5350378,0,0,257,0,0.7115384615384616
C,3,250,1,5350379,0,0,162,0,0.5757575757575758
C,3,250,1,5350400,0,0,184,0,0.8108108108108109
C,3,250,1,5350401,0,0,458,0,0.6956521739130435
C,3,250,1,5350402,0,0,130,0,0.9615384615384616
C,3,250,1,5350403,0,0,127,0,0.8076923076923077
C,3,250,1,5350408,0,0,276,0,0.7678571428571429
C,3,250,1,5350409,1,0,362,0,0.8356164383561644
C,3,250,1,5350410,0,0,83,0,0.7058823529411765
C,3,250,1,5350411,0,1,600,0,0.7583333333333333
C,3,250,1,5350392,0,0,297,0,0.6666666666666666
C,3,250,1,5350393,0,0,147,0,0.7
C,3,250,1,5350394,0,1,600,0,0.7833333333333333
C,3,250,1,5350395,0,0,154,0,0.5806451612903226
C,3,250,1,5350384,0,1,600,0,0.625
C,3,250,1,5350385,0,0,171,0,0.7428571428571429
C,3,250,1,5350386,0,0,101,0,0.7142857142857143
C,3,250,1,5350387,0,0,132,0,0.5925925925925926
C,3,250,1,5350424,0,0,93,0,0.7894736842105263
C,3,250,1,5350425,0,0,125,0,0.72
C,3,250,1,5350426,0,0,199,0,0.775
C,3,250,1,5350427,0,0,88,0,0.8888888888888888
C,3,250,1,5350416,0,0,307,0,0.7741935483870968
C,3,250,1,5350417,0,0,70,0,0.8571428571428571
C,3,250,1,5350418,0,0,183,0,0.7027027027027027
C,3,250,1,5350419,0,0,176,0,0.6666666666666666
C,3,250,1,5350432,0,0,114,0,0.8260869565217391
C,3,250,1,5350433,0,0,101,0,0.7142857142857143
C,3,250,1,5350434,0,0,200,0,0.775
C,3,250,1,5350435,0,0,176,0,0.6666666666666666
C,3,250,1,5350420,0,0,98,0,0.7
C,3,250,1,5350421,0,0,557,0,0.7321428571428571
C,3,250,1,5350422,0,0,126,0,0.5
C,3,250,1,5350423,0,0,106,0,0.6363636363636364
C,3,250,1,5350444,0,0,94,0,0.631578947368421
C,3,250,1,5350445,0,0,192,0,0.6923076923076923
C,3,250,1,5350446,0,0,89,0,0.6666666666666666
C,3,250,1,5350447,0,0,152,0,0.7419354838709677
C,3,250,1,5350440,0,0,97,0,0.65
C,3,250,1,5350441,0,0,256,0,0.6346153846153846
C,3,250,1,5350442,0,0,169,0,0.8235294117647058
C,3,250,1,5350443,0,0,282,0,0.6842105263157895
C,3,250,1,5350436,0,0,101,0,0.6190476190476191
C,3,250,1,5350437,0,1,600,0,0.725
C,3,250,1,5350438,1,0,226,0,0.7608695652173914
C,3,250,1,5350439,0,0,121,0,0.52
C,3,250,1,5350448,0,0,101,0,0.7142857142857143
C,3,250,1,5350449,0,0,253,0,0.6862745098039216
C,3,250,1,5350450,0,0,128,0,0.6538461538461539
C,3,250,1,5350451,0,0,151,0,0.7741935483870968
C,3,250,1,5350428,0,0,90,0,0.7222222222222222
C,3,250,1,5350429,0,1,600,0,0.7583333333333333
C,3,250,1,5350430,0,0,110,0,0.7727272727272727
C,3,250,1,5350431,0,0,227,0,0.782608695652174
C,3,250,1,5350412,0,1,600,0,0.7
C,3,250,1,5350413,0,0,187,0,0.47368421052631576
C,3,250,1,5350414,0,0,217,0,0.75
C,3,250,1,5350415,0,1,600,0,0.7333333333333333
C,3,250,1,5350460,0,0,93,0,0.631578947368421
C,3,250,1,5350461,0,0,355,0,0.7323943661971831
C,3,250,1,5350462,0,0,126,0,0.5769230769230769
C,3,250,1,5350463,0,0,310,0,0.6451612903225806
C,3,250,1,5350472,0,0,101,0,0.6666666666666666
C,3,250,1,5350473,0,0,73,0,0.6
C,3,250,1,5350474,0,0,126,0,0.7307692307692307
C,3,250,1,5350475,0,0,154,0,0.6774193548387096
C,3,250,1,5350456,0,0,182,0,0.6756756756756757
C,3,250,1,5350457,0,1,600,0,0.7
C,3,250,1,5350458,0,0,166,0,0.7058823529411765
C,3,250,1,5350459,0,0,128,0,0.7307692307692307
C,3,250,1,5350468,0,0,102,0,0.7619047619047619
C,3,250,1,5350469,0,0,193,0,0.7948717948717948
C,3,250,1,5350470,0,1,600,0,0.7083333333333334
C,3,250,1,5350471,0,0,132,0,0.8148148148148148
C,3,250,1,5350452,0,0,231,0,0.6595744680851063
C,3,250,1,5350453,0,0,434,0,0.7241379310344828
C,3,250,1,5350454,0,0,307,0,0.8387096774193549
C,3,250,1,5350455,0,0,167,0,0.7647058823529411
C,3,250,1,5350476,0,0,101,0,0.8095238095238095
C,3,250,1,5350477,0,0,343,0,0.7246376811594203
C,3,250,1,5350478,0,0,119,0,0.625
C,3,250,1,5350479,0,0,160,0,0.78125
C,3,250,1,5350464,0,0,99,0,0.7
C,3,250,1,5350465,0,1,600,0,0.775
C,3,250,1,5350466,0,0,267,0,0.6666666666666666
C,3,250,1,5350467,0,0,91,0,0.7894736842105263
C,3,250,1,5350484,0,0,122,0,0.76
C,3,250,1,5350485,0,0,98,0,0.7
C,3,250,1,5350486,0,0,202,0,0.8048780487804879
C,3,250,1,5350487,0,0,311,0,0.8095238095238095
C,3,250,1,5350492,0,0,94,0,0.8421052631578947
C,3,250,1,5350493,0,0,176,0,0.5833333333333334
C,3,250,1,5350494,0,0,130,0,0.7307692307692307
C,3,250,1,5350495,0,0,125,0,0.56
C,3,250,1,5350488,0,0,105,0,0.8095238095238095
C,3,250,1,5350489,0,0,151,0,0.7419354838709677
C,3,250,1,5350490,0,0,123,0,0.64
C,3,250,1,5350491,0,0,176,0,0.6666666666666666
C,3,250,1,5350496,0,0,285,0,0.7368421052631579
C,3,250,1,5350497,0,0,109,0,0.6363636363636364
C,3,250,1,5350498,0,0,92,0,0.6842105263157895
C,3,250,1,5350499,0,0,66,0,0.5714285714285714
C,3,250,1,5350480,0,0,483,0,0.6185567010309279
C,3,250,1,5350481,0,1,600,0,0.625
C,3,250,1,5350482,0,0,126,0,0.7692307692307693
C,3,250,1,5350483,0,0,292,0,0.576271186440678
B,2,250,0,5200020,1,0,91,19,0.9473684210526315
B,2,250,0,5200021,1,0,75,15,0.7333333333333333
B,2,250,0,5200022,1,0,165,33,0.9090909090909091
B,2,250,0,5200023,1,0,78,16,0.9375
B,2,250,0,5200000,0,0,133,27,0.9259259259259259
B,2,250,0,5200001,1,0,181,37,0.7027027027027027
B,2,250,0,5200002,1,0,123,25,1.0
B,2,250,0,5200003,1,0,297,60,0.6833333333333333
B,2,250,0,5200008,1,0,66,14,0.8571428571428571
B,2,250,0,5200009,1,0,130,26,0.6923076923076923
B,2,250,0,5200010,0,0,282,57,0.7543859649122807
B,2,250,0,5200011,1,0,82,17,0.9411764705882353
B,2,250,0,5200024,0,0,89,18,0.7777777777777778
B,2,250,0,5200025,0,0,224,45,0.7777777777777778
B,2,250,0,5200026,1,0,126,26,0.9230769230769231
B,2,250,0,5200027,1,0,167,34,0.8529411764705882
B,2,250,0,5200028,1,0,324,65,0.9230769230769231
B,2,250,0,5200029,0,0,173,35,0.6857142857142857
B,2,250,0,5200030,1,0,81,17,0.7647058823529411
B,2,250,0,5200031,1,0,119,24,0.7916666666666666
B,2,250,0,5200004,1,0,373,75,0.6266666666666667
B,2,250,0,5200005,0,0,152,31,0.8387096774193549
B,2,250,0,5200006,1,0,51,11,1.0
B,2,250,0,5200007,1,0,185,37,0.7567567567567568
B,2,250,0,5200032,1,0,134,27,0.7777777777777778
B,2,250,0,5200033,1,0,82,17,0.8235294117647058
B,2,250,0,5200034,1,0,187,38,0.9210526315789473
B,2,250,0,5200035,1,0,115,23,0.782608695652174
B,2,250,0,5200036,1,0,101,21,0.9047619047619048
B,2,250,0,5200037,1,0,71,15,0.8666666666666667
B,2,250,0,5200038,1,0,81,17,0.8235294117647058
B,2,250,0,5200039,1,0,109,22,0.8636363636363636
B,2,250,0,5200012,0,1,600,120,0.5833333333333334
B,2,250,0,5200013,1,0,92,19,0.7368421052631579
B,2,250,0,5200014,1,0,105,21,0.8095238095238095
B,2,250,0,5200015,1,0,182,37,0.7837837837837838
B,2,250,0,5200056,1,0,116,24,0.7916666666666666
B,2,250,0,5200057,1,0,70,14,1.0
B,2,250,0,5200058,0,0,124,25,0.8
B,2,250,0,5200059,1,0,96,20,0.7
B,2,250,0,5200016,0,0,278,56,0.9285714285714286
B,2,250,0,5200017,0,1,600,120,0.6166666666666667
B,2,250,0,5200018,1,0,121,25,0.92
B,2,250,0,5200019,1,0,117,24,0.8333333333333334
B,2,250,0,5200040,1,0,82,17,0.9411764705882353
B,2,250,0,5200041,1,0,334,67,0.7014925373134329
B,2,250,0,5200042,1,0,83,17,0.8235294117647058
B,2,250,0,5200043,1,0,208,42,0.8809523809523809
B,2,250,0,5200044,1,0,102,21,0.8095238095238095
B,2,250,0,5200045,1,0,171,35,0.9428571428571428
B,2,250,0,5200046,1,0,120,24,0.875
B,2,250,0,5200047,1,0,82,17,1.0
B,2,250,0,5200052,0,1,600,120,0.5333333333333333
B,2,250,0,5200053,1,0,66,14,0.8571428571428571
B,2,250,0,5200054,1,0,81,17,0.8235294117647058
B,2,250,0,5200055,1,0,131,27,0.6666666666666666
B,2,250,0,5200064,0,0,323,65,0.9538461538461539
B,2,250,0,5200065,1,0,97,20,0.8
B,2,250,0,5200066,1,0,137,28,0.9285714285714286
B,2,250,0,5200067,1,0,146,30,1.0
B,2,250,0,5200080,1,0,135,27,0.9259259259259259
B,2,250,0,5200081,1,0,78,16,0.9375
B,2,250,0,5200082,1,0,112,23,0.8695652173913043
B,2,250,0,5200083,1,0,148,30,1.0
B,2,250,0,5200084,1,0,80,16,0.875
B,2,250,0,5200085,1,0,144,29,0.7241379310344828
B,2,250,0,5200086,1,0,157,32,0.90625
B,2,250,0,5200087,1,0,70,14,1.0
B,2,250,0,5200060,0,0,170,34,0.6764705882352942
B,2,250,0,5200061,1,0,124,25,0.84
B,2,250,0,5200062,0,1,600,120,0.6916666666666667
B,2,250,0,5200063,1,0,173,35,0.9714285714285714
B,2,250,0,5200072,1,0,146,30,0.8
B,2,250,0,5200073,1,0,87,18,0.8888888888888888
B,2,250,0,5200074,1,0,113,23,0.8695652173913043
B,2,250,0,5200075,0,1,600,120,0.5583333333333333
B,2,250,0,5200088,1,0,129,26,0.9230769230769231
B,2,250,0,5200089,1,0,158,32,0.8125
B,2,250,0,5200090,1,0,189,38,0.7368421052631579
B,2,250,0,5200091,1,0,141,29,0.8275862068965517
B,2,250,0,5200048,0,1,600,120,0.49166666666666664
B,2,250,0,5200049,1,0,154,31,0.8387096774193549
B,2,250,0,5200050,0,1,600,120,0.4666666666666667
B,2,250,0,5200051,0,0,151,31,0.9354838709677419
B,2,250,0,5200068,1,0,85,17,0.7647058823529411
B,2,250,0,5200069,0,1,600,120,0.9166666666666666
B,2,250,0,5200070,1,0,58,12,0.9166666666666666
B,2,250,0,5200071,1,0,101,21,0.6666666666666666
B,2,250,0,5200076,1,0,123,25,0.88
B,2,250,0,5200077,1,0,130,26,0.9230769230769231
B,2,250,0,5200078,0,1,600,120,0.5416666666666666
B,2,250,0,5200079,1,0,184,37,0.918918918918919
B,2,250,0,5200096,1,0,178,36,0.8611111111111112
B,2,250,0,5200097,1,0,109,22,0.7727272727272727
B,2,250,0,5200098,1,0,356,72,0.6527777777777778
B,2,250,0,5200099,0,0,121,25,0.68
B,2,250,0,5200116,1,0,89,18,0.8888888888888888
B,2,250,0,5200117,1,0,138,28,0.8928571428571429
B,2,250,0,5200118,1,0,135,27,0.7777777777777778
B,2,250,0,5200119,1,0,109,22,0.8181818181818182
B,2,250,0,5200092,1,0,90,18,0.9444444444444444
B,2,250,0,5200093,0,1,600,120,0.6916666666666667
B,2,250,0,5200094,1,0,154,31,0.8064516129032258
B,2,250,0,5200095,1,0,76,16,1.0
B,2,250,0,5200100,1,0,130,26,0.8846153846153846
B,2,250,0,5200101,1,0,136,28,0.8571428571428571
B,2,250,0,5200102,1,0,151,31,0.8387096774193549
B,2,250,0,5200103,1,0,451,91,0.9230769230769231
B,2,250,0,5200120,1,0,112,23,0.9130434782608695
B,2,250,0,5200121,1,0,108,22,0.8636363636363636
B,2,250,0,5200122,1,0,355,71,0.7746478873239436
B,2,250,0,5200123,1,0,146,30,0.9
B,2,250,0,5200104,0,0,210,42,0.9761904761904762
B,2,250,0,5200105,1,0,85,17,0.7058823529411765
B,2,250,0,5200106,0,1,600,120,0.5166666666666667
B,2,250,0,5200107,1,0,74,15,1.0
B,2,250,0,5200128,1,0,122,25,0.8
B,2,250,0,5200129,1,0,136,28,0.8571428571428571
B,2,250,0,5200130,1,0,72,15,0.8666666666666667
B,2,250,0,5200131,1,0,111,23,0.6956521739130435
B,2,250,0,5200108,1,0,95,19,0.8421052631578947
B,2,250,0,5200109,1,0,133,27,0.7037037037037037
B,2,250,0,5200110,0,0,198,40,0.95
B,2,250,0,5200111,0,1,600,120,0.9666666666666667
B,2,250,0,5200124,1,0,150,30,0.8333333333333334
B,2,250,0,5200125,1,0,202,41,0.8292682926829268
B,2,250,0,5200126,1,0,94,19,1.0
B,2,250,0,5200127,1,0,434,87,0.7471264367816092
B,2,250,0,5200148,0,0,169,34,0.6470588235294118
B,2,250,0,5200149,1,0,184,37,0.8918918918918919
B,2,250,0,5200150,1,0,91,19,0.9473684210526315
B,2,250,0,5200151,1,0,71,15,0.9333333333333333
B,2,250,0,5200140,1,0,126,26,0.7692307692307693
B,2,250,0,5200141,1,0,286,58,0.6896551724137931
B,2,250,0,5200142,1,0,172,35,0.5428571428571428
B,2,250,0,5200143,0,0,73,15,0.9333333333333333
B,2,250,0,5200152,1,0,103,21,1.0
B,2,250,0,5200153,1,0,130,26,0.9615384615384616
B,2,250,0,5200154,1,0,81,17,0.8823529411764706
B,2,250,0,5200155,1,0,153,31,0.9354838709677419
B,2,250,0,5200136,1,0,181,37,0.9459459459459459
B,2,250,0,5200137,1,0,373,75,0.6933333333333334
B,2,250,0,5200138,0,0,168,34,0.8235294117647058
B,2,250,0,5200139,1,0,215,43,0.6976744186046512
B,2,250,0,5200144,0,0,320,64,0.828125
B,2,250,0,5200145,0,0,401,81,0.5185185185185185
B,2,250,0,5200146,1,0,143,29,1.0
B,2,250,0,5200147,1,0,130,26,0.9230769230769231
B,2,250,0,5200168,1,0,86,18,0.8333333333333334
B,2,250,0,5200169,1,0,151,31,0.9354838709677419
B,2,250,0,5200170,1,0,157,32,0.84375
B,2,250,0,5200171,1,0,61,13,1.0
B,2,250,0,5200132,0,0,277,56,0.8571428571428571
B,2,250,0,5200133,1,0,111,23,0.8260869565217391
B,2,250,0,5200134,0,0,378,76,0.6578947368421053
B,2,250,0,5200135,0,1,600,120,0.975
B,2,250,0,5200112,0,1,600,120,0.5916666666666667
B,2,250,0,5200113,0,0,202,41,0.9512195121951219
B,2,250,0,5200114,0,1,600,120,0.975
B,2,250,0,5200115,1,0,238,48,0.7291666666666666
B,2,250,0,5200172,1,0,86,18,0.8888888888888888
B,2,250,0,5200173,1,0,131,27,0.5185185185185185
B,2,250,0,5200174,1,0,106,22,0.9090909090909091
B,2,250,0,5200175,1,0,95,19,0.9473684210526315
B,2,250,0,5200164,1,0,485,97,0.9484536082474226
B,2,250,0,5200165,1,0,112,23,0.8695652173913043
B,2,250,0,5200166,1,0,120,24,0.9166666666666666
B,2,250,0,5200167,0,0,142,29,0.8620689655172413
B,2,250,0,5200160,0,0,223,45,0.8444444444444444
B,2,250,0,5200161,0,0,175,35,0.8857142857142857
B,2,250,0,5200162,0,0,338,68,0.7941176470588235
B,2,250,0,5200163,1,0,127,26,0.8461538461538461
B,2,250,0,5200180,1,0,174,35,0.7714285714285715
B,2,250,0,5200181,1,0,101,21,0.8571428571428571
B,2,250,0,5200182,1,0,82,17,0.7647058823529411
B,2,250,0,5200183,1,0,127,26,0.8076923076923077
B,2,250,0,5200204,1,0,134,27,0.7037037037037037
B,2,250,0,5200205,1,0,112,23,0.8260869565217391
B,2,250,0,5200206,0,0,273,55,0.9454545454545454
B,2,250,0,5200207,1,0,122,25,1.0
B,2,250,0,5200184,1,0,169,34,0.9117647058823529
B,2,250,0,5200185,1,0,71,15,0.9333333333333333
B,2,250,0,5200186,1,0,82,17,1.0
B,2,250,0,5200187,1,0,566,114,0.8157894736842105
B,2,250,0,5200192,1,0,64,13,0.9230769230769231
B,2,250,0,5200193,1,0,253,51,0.6470588235294118
B,2,250,0,5200194,1,0,205,41,0.8292682926829268
B,2,250,0,5200195,1,0,241,49,0.7959183673469388
B,2,250,0,5200156,0,1,600,120,0.625
B,2,250,0,5200157,1,0,118,24,0.75
B,2,250,0,5200158,1,0,140,28,0.8928571428571429
B,2,250,0,5200159,0,0,346,70,0.9571428571428572
B,2,250,0,5200188,1,0,104,21,0.8095238095238095
B,2,250,0,5200189,1,0,120,24,0.7916666666666666
B,2,250,0,5200190,0,1,600,120,0.5833333333333334
B,2,250,0,5200191,1,0,142,29,0.8275862068965517
B,2,250,0,5200196,1,0,176,36,0.8333333333333334
B,2,250,0,5200197,1,0,166,34,0.7647058823529411
B,2,250,0,5200198,0,1,600,120,0.9583333333333334
B,2,250,0,5200199,1,0,151,31,0.8064516129032258
B,2,250,0,5200216,1,0,95,19,0.8947368421052632
B,2,250,0,5200217,1,0,62,13,0.9230769230769231
B,2,250,0,5200218,1,0,119,24,0.9166666666666666
B,2,250,0,5200219,1,0,101,21,1.0
B,2,250,0,5200220,0,0,152,31,0.6774193548387096
B,2,250,0,5200221,0,0,87,18,0.9444444444444444
B,2,250,0,5200222,1,0,162,33,0.696969696969697
B,2,250,0,5200223,1,0,209,42,0.7380952380952381
B,2,250,0,5200176,1,0,118,24,0.9583333333333334
B,2,250,0,5200177,0,1,600,120,0.5916666666666667
B,2,250,0,5200178,1,0,184,37,0.8378378378378378
B,2,250,0,5200179,1,0,112,23,0.782608695652174
B,2,250,0,5200212,1,0,134,27,0.9259259259259259
B,2,250,0,5200213,1,0,112,23,0.7391304347826086
B,2,250,0,5200214,1,0,56,12,1.0
B,2,250,0,5200215,0,1,600,120,0.5833333333333334
B,2,250,0,5200200,0,1,600,120,0.75
B,2,250,0,5200201,0,0,151,31,0.6451612903225806
B,2,250,0,5200202,1,0,162,33,0.7878787878787878
B,2,250,0,5200203,1,0,123,25,0.8
B,2,250,0,5200228,1,0,66,14,0.9285714285714286
B,2,250,0,5200229,1,0,126,26,0.8461538461538461
B,2,250,0,5200230,1,0,69,14,0.9285714285714286
B,2,250,0,5200231,1,0,127,26,0.5769230769230769
B,2,250,0,5200236,1,0,99,20,0.65
B,2,250,0,5200237,1,0,245,49,0.673469387755102
B,2,250,0,5200238,1,0,60,12,0.9166666666666666
B,2,250,0,5200239,1,0,90,18,0.9444444444444444
B,2,250,0,5200244,1,0,65,13,1.0
B,2,250,0,5200245,1,0,160,32,0.75
B,2,250,0,5200246,1,0,165,33,0.7272727272727273
B,2,250,0,5200247,1,0,151,31,0.8709677419354839
B,2,250,0,5200224,0,1,600,120,0.9666666666666667
B,2,250,0,5200225,1,0,126,26,0.8076923076923077
B,2,250,0,5200226,1,0,83,17,0.9411764705882353
B,2,250,0,5200227,1,0,161,33,0.9090909090909091
B,2,250,0,5200252,1,0,72,15,1.0
B,2,250,0,5200253,1,0,121,25,0.92
B,2,250,0,5200254,1,0,146,30,0.9333333333333333
B,2,250,0,5200255,1,0,237,48,0.625
B,2,250,0,5200256,1,0,117,24,0.7083333333333334
B,2,250,0,5200257,0,0,74,15,0.9333333333333333
B,2,250,0,5200258,1,0,81,17,0.9411764705882353
B,2,250,0,5200259,1,0,125,25,0.8
B,2,250,0,5200240,1,0,258,52,0.8076923076923077
B,2,250,0,5200241,1,0,344,69,0.7101449275362319
B,2,250,0,5200242,1,0,57,12,0.8333333333333334
B,2,250,0,5200243,1,0,61,13,0.7692307692307693
B,2,250,0,5200260,1,0,116,24,0.7916666666666666
B,2,250,0,5200261,1,0,115,23,0.782608695652174
B,2,250,0,5200262,1,0,136,28,0.75
B,2,250,0,5200263,1,0,150,30,0.8333333333333334
B,2,250,0,5200248,0,0,151,31,0.6129032258064516
B,2,250,0,5200249,1,0,112,23,0.8260869565217391
B,2,250,0,5200250,1,0,71,15,0.8666666666666667
B,2,250,0,5200251,0,0,354,71,0.5492957746478874
B,2,250,0,5200264,1,0,86,18,0.9444444444444444
B,2,250,0,5200265,1,0,159,32,0.6875
B,2,250,0,5200266,1,0,212,43,0.813953488372093
B,2,250,0,5200267,1,0,102,21,0.8095238095238095
B,2,250,0,5200208,0,1,600,120,0.725
B,2,250,0,5200209,1,0,172,35,0.7142857142857143
B,2,250,0,5200210,0,1,600,120,0.975
B,2,250,0,5200211,0,1,600,120,0.9583333333333334
B,2,250,0,5200272,1,0,97,20,0.85
B,2,250,0,5200273,1,0,141,29,0.7931034482758621
B,2,250,0,5200274,0,0,150,30,0.9666666666666667
B,2,250,0,5200275,1,0,162,33,0.9393939393939394
B,2,250,0,5200232,0,0,163,33,0.9090909090909091
B,2,250,0,5200233,0,1,600,120,0.8583333333333333
B,2,250,0,5200234,1,0,121,25,0.92
B,2,250,0,5200235,0,0,234,47,0.7872340425531915
B,2,250,0,5200280,1,0,93,19,0.9473684210526315
B,2,250,0,5200281,1,0,287,58,0.8275862068965517
B,2,250,0,5200282,1,0,147,30,0.9333333333333333
B,2,250,0,5200283,1,0,148,30,0.9
B,2,250,0,5200268,1,0,187,38,0.5526315789473685
B,2,250,0,5200269,0,0,383,77,0.922077922077922
B,2,250,0,5200270,1,0,128,26,0.9615384615384616
B,2,250,0,5200271,1,0,145,29,0.7586206896551724
B,2,250,0,5200284,0,0,198,40,0.9
B,2,250,0,5200285,1,0,206,42,0.8333333333333334
B,2,250,0,5200286,1,0,131,27,0.8888888888888888
B,2,250,0,5200287,1,0,132,27,0.9629629629629629
B,2,250,0,5200292,1,0,57,12,0.9166666666666666
B,2,250,0,5200293,1,0,351,71,0.5774647887323944
B,2,250,0,5200294,1,0,101,21,0.9047619047619048
B,2,250,0,5200295,1,0,114,23,0.7391304347826086
B,2,250,0,5200296,1,0,157,32,0.84375
B,2,250,0,5200297,1,0,213,43,0.7209302325581395
B,2,250,0,5200298,1,0,158,32,0.59375
B,2,250,0,5200299,1,0,95,19,0.6842105263157895
B,2,250,0,5200300,1,0,125,25,1.0
B,2,250,0,5200301,1,0,123,25,0.84
B,2,250,0,5200302,0,0,55,11,0.8181818181818182
B,2,250,0,5200303,0,1,600,120,0.9833333333333333
B,2,250,0,5200276,1,0,122,25,1.0
B,2,250,0,5200277,0,1,600,120,0.9666666666666667
B,2,250,0,5200278,1,0,127,26,0.8076923076923077
B,2,250,0,5200279,0,1,600,120,0.7583333333333333
B,2,250,0,5200304,1,0,131,27,0.9259259259259259
B,2,250,0,5200305,1,0,230,46,0.8043478260869565
B,2,250,0,5200306,1,0,111,23,0.9130434782608695
B,2,250,0,5200307,0,0,208,42,0.8095238095238095
B,2,250,0,5200324,1,0,129,26,0.7307692307692307
B,2,250,0,5200325,1,0,147,30,0.8666666666666667
B,2,250,0,5200326,1,0,110,22,0.9090909090909091
B,2,250,0,5200327,1,0,76,16,0.6875
B,2,250,0,5200328,0,0,112,23,0.8695652173913043
B,2,250,0,5200329,1,0,128,26,0.8846153846153846
B,2,250,0,5200330,0,0,251,51,0.7058823529411765
B,2,250,0,5200331,1,0,80,16,0.9375
B,2,250,0,5200316,1,0,144,29,0.8620689655172413
B,2,250,0,5200317,0,1,600,120,0.9666666666666667
B,2,250,0,5200318,1,0,185,37,0.7027027027027027
B,2,250,0,5200319,0,0,298,60,0.9333333333333333
B,2,250,0,5200332,1,0,172,35,0.6857142857142857
B,2,250,0,5200333,1,0,66,14,1.0
B,2,250,0,5200334,1,0,240,48,0.9375
B,2,250,0,5200335,1,0,70,14,0.7142857142857143
B,2,250,0,5200288,0,1,600,120,0.95
B,2,250,0,5200289,1,0,174,35,0.7428571428571429
B,2,250,0,5200290,0,1,600,120,0.6916666666666667
B,2,250,0,5200291,1,0,140,28,0.8571428571428571
B,2,250,0,5200340,0,0,108,22,0.5454545454545454
B,2,250,0,5200341,1,0,204,41,0.8048780487804879
B,2,250,0,5200342,1,0,94,19,0.8421052631578947
B,2,250,0,5200343,1,0,130,26,0.8461538461538461
B,2,250,0,5200320,0,1,600,120,0.5666666666666667
B,2,250,0,5200321,1,0,68,14,0.9285714285714286
B,2,250,0,5200322,1,0,79,16,0.9375
B,2,250,0,5200323,0,1,600,120,0.8416666666666667
B,2,250,0,5200352,1,0,91,19,0.8947368421052632
B,2,250,0,5200353,0,0,93,19,0.6842105263157895
B,2,250,0,5200354,1,0,65,13,0.7692307692307693
B,2,250,0,5200355,1,0,106,22,0.9090909090909091
B,2,250,0,5200344,0,0,226,46,0.6521739130434783
B,2,250,0,5200345,1,0,103,21,0.9047619047619048
B,2,250,0,5200346,1,0,111,23,0.9130434782608695
B,2,250,0,5200347,0,0,401,81,0.9753086419753086
B,2,250,0,5200312,0,1,600,120,0.575
B,2,250,0,5200313,1,0,86,18,0.8888888888888888
B,2,250,0,5200314,0,1,600,120,0.5833333333333334
B,2,250,0,5200315,0,1,600,120,0.6
B,2,250,0,5200356,1,0,134,27,1.0
B,2,250,0,5200357,1,0,151,31,0.7741935483870968
B,2,250,0,5200358,1,0,221,45,0.6666666666666666
B,2,250,0,5200359,1,0,284,57,0.6491228070175439
B,2,250,0,5200360,1,0,103,21,0.8095238095238095
B,2,250,0,5200361,1,0,75,15,0.8666666666666667
B,2,250,0,5200362,0,0,240,48,0.8958333333333334
B,2,250,0,5200363,1,0,131,27,0.6666666666666666
B,2,250,0,5200336,1,0,81,17,0.7647058823529411
B,2,250,0,5200337,0,1,600,120,0.9916666666666667
B,2,250,0,5200338,0,1,600,120,0.625
B,2,250,0,5200339,1,0,73,15,1.0
B,2,250,0,5200348,1,0,83,17,0.8823529411764706
B,2,250,0,5200349,1,0,121,25,0.88
B,2,250,0,5200350,1,0,61,13,1.0
B,2,250,0,5200351,0,1,600,120,0.5083333333333333
B,2,250,0,5200308,0,1,600,120,0.65
B,2,250,0,5200309,1,0,114,23,0.9130434782608695
B,2,250,0,5200310,0,1,600,120,0.9166666666666666
B,2,250,0,5200311,1,0,226,46,0.9130434782608695
B,2,250,0,5200380,1,0,109,22,0.7272727272727273
B,2,250,0,5200381,1,0,115,23,0.8260869565217391
B,2,250,0,5200382,1,0,124,25,0.88
B,2,250,0,5200383,1,0,103,21,0.8571428571428571
B,2,250,0,5200392,0,0,141,29,0.7586206896551724
B,2,250,0,5200393,1,0,61,13,1.0
B,2,250,0,5200394,1,0,116,24,0.9166666666666666
B,2,250,0,5200395,1,0,140,28,0.8928571428571429
B,2,250,0,5200372,1,0,264,53,0.8490566037735849
B,2,250,0,5200373,1,0,74,15,0.9333333333333333
B,2,250,0,5200374,1,0,184,37,0.7567567567567568
B,2,250,0,5200375,1,0,128,26,0.8846153846153846
B,2,250,0,5200368,1,0,350,70,0.6857142857142857
B,2,250,0,5200369,1,0,130,26,0.8076923076923077
B,2,250,0,5200370,1,0,306,62,0.6774193548387096
B,2,250,0,5200371,1,0,78,16,0.625
B,2,250,0,5200384,1,0,106,22,0.9090909090909091
B,2,250,0,5200385,1,0,95,19,0.7894736842105263
B,2,250,0,5200386,0,0,175,35,0.9428571428571428
B,2,250,0,5200387,0,0,273,55,0.9636363636363636
B,2,250,0,5200364,0,0,136,28,0.75
B,2,250,0,5200365,0,0,228,46,0.8043478260869565
B,2,250,0,5200366,1,0,121,25,0.88
B,2,250,0,5200367,0,1,600,120,0.9916666666666667
B,2,250,0,5200400,1,0,129,26,0.7307692307692307
B,2,250,0,5200401,0,0,166,34,0.8235294117647058
B,2,250,0,5200402,1,0,171,35,0.8285714285714286
B,2,250,0,5200403,0,0,201,41,0.7317073170731707
B,2,250,0,5200388,1,0,260,52,0.6346153846153846
B,2,250,0,5200389,0,1,600,120,0.8416666666666667
B,2,250,0,5200390,1,0,108,22,0.9545454545454546
B,2,250,0,5200391,1,0,85,17,1.0
B,2,250,0,5200396,1,0,129,26,0.9230769230769231
B,2,250,0,5200397,1,0,250,50,0.64
B,2,250,0,5200398,1,0,214,43,0.7674418604651163
B,2,250,0,5200399,1,0,156,32,0.875
B,2,250,0,5200376,1,0,119,24,0.875
B,2,250,0,5200377,0,0,166,34,0.9705882352941176
B,2,250,0,5200378,1,0,77,16,0.9375
B,2,250,0,5200379,0,1,600,120,0.9833333333333333
B,2,250,0,5200428,1,0,76,16,0.875
B,2,250,0,5200429,1,0,59,12,1.0
B,2,250,0,5200430,1,0,85,17,0.8823529411764706
B,2,250,0,5200431,1,0,57,12,0.9166666666666666
B,2,250,0,5200420,1,0,119,24,0.9166666666666666
B,2,250,0,5200421,1,0,59,12,1.0
B,2,250,0,5200422,1,0,76,16,0.8125
B,2,250,0,5200423,1,0,183,37,0.7567567567567568
B,2,250,0,5200404,0,0,462,93,0.7311827956989247
B,2,250,0,5200405,1,0,117,24,0.7916666666666666
B,2,250,0,5200406,0,0,83,17,0.9411764705882353
B,2,250,0,5200407,1,0,115,23,0.7391304347826086
B,2,250,0,5200412,0,0,376,76,0.9605263157894737
B,2,250,0,5200413,1,0,146,30,0.8666666666666667
B,2,250,0,5200414,1,0,91,19,0.8947368421052632
B,2,250,0,5200415,1,0,146,30,0.8333333333333334
B,2,250,0,5200424,1,0,141,29,0.896551724137931
B,2,250,0,5200425,1,0,135,27,0.7407407407407407
B,2,250,0,5200426,0,0,185,37,0.6756756756756757
B,2,250,0,5200427,1,0,167,34,0.7647058823529411
B,2,250,0,5200408,0,0,176,36,0.9166666666666666
B,2,250,0,5200409,0,1,600,120,0.55
B,2,250,0,5200410,0,0,200,40,0.925
B,2,250,0,5200411,1,0,106,22,0.6363636363636364
B,2,250,0,5200436,1,0,78,16,0.875
B,2,250,0,5200437,1,0,137,28,0.8928571428571429
B,2,250,0,5200438,1,0,139,28,0.6428571428571429
B,2,250,0,5200439,1,0,105,21,0.8095238095238095
B,2,250,0,5200416,1,0,153,31,0.8709677419354839
B,2,250,0,5200417,1,0,110,22,1.0
B,2,250,0,5200418,0,1,600,120,0.975
B,2,250,0,5200419,1,0,260,52,0.7115384615384616
B,2,250,0,5200444,1,0,180,36,0.8888888888888888
B,2,250,0,5200445,1,0,125,25,0.84
B,2,250,0,5200446,1,0,113,23,0.9565217391304348
B,2,250,0,5200447,1,0,77,16,0.875
B,2,250,0,5200432,1,0,61,13,1.0
B,2,250,0,5200433,1,0,111,23,0.8260869565217391
B,2,250,0,5200434,1,0,160,32,0.75
B,2,250,0,5200435,1,0,210,42,0.7380952380952381
B,2,250,0,5200456,1,0,107,22,0.8636363636363636
B,2,250,0,5200457,1,0,221,45,0.8666666666666667
B,2,250,0,5200458,1,0,96,20,0.75
B,2,250,0,5200459,1,0,151,31,0.8709677419354839
B,2,250,0,5200448,1,0,166,34,0.8235294117647058
B,2,250,0,5200449,1,0,131,27,0.8888888888888888
B,2,250,0,5200450,1,0,96,20,1.0
B,2,250,0,5200451,1,0,89,18,0.9444444444444444
B,2,250,0,5200464,0,0,193,39,0.7692307692307693
B,2,250,0,5200465,1,0,108,22,0.9090909090909091
B,2,250,0,5200466,1,0,125,25,0.92
B,2,250,0,5200467,1,0,65,13,1.0
B,2,250,0,5200472,1,0,129,26,0.8846153846153846
B,2,250,0,5200473,1,0,74,15,0.8666666666666667
B,2,250,0,5200474,1,0,125,25,0.84
B,2,250,0,5200475,1,0,131,27,0.7407407407407407
B,2,250,0,5200440,0,1,600,120,0.55
B,2,250,0,5200441,0,0,109,22,0.9545454545454546
B,2,250,0,5200442,1,0,152,31,0.8064516129032258
B,2,250,0,5200443,1,0,146,30,0.8333333333333334
B,2,250,0,5200468,1,0,217,44,0.8863636363636364
B,2,250,0,5200469,1,0,114,23,0.9130434782608695
B,2,250,0,5200470,1,0,119,24,0.9583333333333334
B,2,250,0,5200471,1,0,91,19,0.9473684210526315
B,2,250,0,5200460,1,0,110,22,0.8636363636363636
B,2,250,0,5200461,1,0,185,37,0.8108108108108109
B,2,250,0,5200462,1,0,80,16,0.8125
B,2,250,0,5200463,1,0,460,92,0.6195652173913043
B,2,250,0,5200452,1,0,164,33,0.9090909090909091
B,2,250,0,5200453,1,0,269,54,0.7407407407407407
B,2,250,0,5200454,0,0,106,22,1.0
B,2,250,0,5200455,1,0,84,17,1.0
B,2,250,0,5200492,1,0,146,30,0.9
B,2,250,0,5200493,1,0,114,23,0.7391304347826086
B,2,250,0,5200494,1,0,133,27,0.6296296296296297
B,2,250,0,5200495,1,0,73,15,0.9333333333333333
B,2,250,0,5200484,1,0,271,55,0.9090909090909091
B,2,250,0,5200485,1,0,61,13,1.0
B,2,250,0,5200486,0,0,133,27,0.7777777777777778
B,2,250,0,5200487,1,0,76,16,0.9375
B,2,250,0,5200476,1,0,97,20,0.75
B,2,250,0,5200477,1,0,137,28,0.8571428571428571
B,2,250,0,5200478,1,0,80,16,0.875
B,2,250,0,5200479,1,0,227,46,0.7608695652173914
B,2,250,0,5200496,0,0,111,23,0.9565217391304348
B,2,250,0,5200497,1,0,211,43,0.7441860465116279
B,2,250,0,5200498,1,0,105,21,0.9047619047619048
B,2,250,0,5200499,1,0,203,41,0.7317073170731707
B,2,250,0,5200480,1,0,196,40,0.8
B,2,250,0,5200481,0,0,508,102,0.7450980392156863
B,2,250,0,5200482,1,0,144,29,0.8620689655172413
B,2,250,0,5200483,1,0,106,22,0.9545454545454546
B,2,250,0,5200488,1,0,108,22,0.9545454545454546
B,2,250,0,5200489,1,0,128,26,0.7692307692307693
B,2,250,0,5200490,0,1,600,120,0.9416666666666667
B,2,250,0,5200491,1,0,125,25,0.8
B,2,250,1,5250024,1,0,141,0,0.8620689655172413
B,2,250,1,5250025,1,0,245,0,0.7551020408163265
B,2,250,1,5250026,0,0,133,0,0.8888888888888888
B,2,250,1,5250027,1,0,118,0,0.9166666666666666
B,2,250,1,5250000,1,0,309,0,0.9193548387096774
B,2,250,1,5250001,0,0,251,0,0.8823529411764706
B,2,250,1,5250002,0,0,152,0,0.9354838709677419
B,2,250,1,5250003,1,0,231,0,0.9148936170212766
B,2,250,1,5250004,1,0,302,0,0.8524590163934426
B,2,250,1,5250005,1,0,267,0,0.9444444444444444
B,2,250,1,5250006,1,0,367,0,0.8783783783783784
B,2,250,1,5250007,1,0,110,0,0.9545454545454546
B,2,250,1,5250016,0,0,296,0,0.95
B,2,250,1,5250017,1,0,134,0,0.8518518518518519
B,2,250,1,5250018,1,0,347,0,0.8857142857142857
B,2,250,1,5250019,1,0,407,0,0.8048780487804879
B,2,250,1,5250008,1,0,405,0,0.8641975308641975
B,2,250,1,5250009,1,0,138,0,1.0
B,2,250,1,5250010,1,0,207,0,0.9047619047619048
B,2,250,1,5250011,0,0,176,0,0.8888888888888888
B,2,250,1,5250020,1,0,179,0,0.9166666666666666
B,2,250,1,5250021,1,0,299,0,0.95
B,2,250,1,5250022,1,0,293,0,0.9322033898305084
B,2,250,1,5250023,0,1,600,0,0.85
B,2,250,1,5250012,1,0,190,0,0.8421052631578947
B,2,250,1,5250013,1,0,316,0,0.90625
B,2,250,1,5250014,0,0,390,0,0.9102564102564102
B,2,250,1,5250015,1,0,187,0,0.9473684210526315
B,2,250,1,5250028,1,0,361,0,0.8493150684931506
B,2,250,1,5250029,0,1,600,0,0.8916666666666667
B,2,250,1,5250030,1,0,237,0,0.9375
B,2,250,1,5250031,1,0,227,0,0.9130434782608695
B,2,250,1,5250032,1,0,230,0,0.9565217391304348
B,2,250,1,5250033,0,1,600,0,1.0
B,2,250,1,5250034,1,0,133,0,0.8518518518518519
B,2,250,1,5250035,1,0,208,0,0.9047619047619048
B,2,250,1,5250052,1,0,396,0,0.9375
B,2,250,1,5250053,1,0,196,0,0.925
B,2,250,1,5250054,1,0,138,0,0.8928571428571429
B,2,250,1,5250055,0,0,201,0,0.8292682926829268
B,2,250,1,5250048,1,0,125,0,0.96
B,2,250,1,5250049,0,1,600,0,0.9833333333333333
B,2,250,1,5250050,1,0,269,0,0.8888888888888888
B,2,250,1,5250051,1,0,210,0,0.9285714285714286
B,2,250,1,5250040,0,1,600,0,0.9
B,2,250,1,5250041,1,0,211,0,0.9767441860465116
B,2,250,1,5250042,1,0,135,0,0.9259259259259259
B,2,250,1,5250043,1,0,447,0,0.8666666666666667
B,2,250,1,5250036,1,0,302,0,0.9016393442622951
B,2,250,1,5250037,1,0,433,0,0.9655172413793104
B,2,250,1,5250038,0,0,430,0,0.8837209302325582
B,2,250,1,5250039,1,0,437,0,0.8863636363636364
B,2,250,1,5250064,0,0,109,0,0.7727272727272727
B,2,250,1,5250065,0,0,289,0,0.9827586206896551
B,2,250,1,5250066,0,1,600,0,0.9083333333333333
B,2,250,1,5250067,1,0,183,0,0.918918918918919
B,2,250,1,5250056,0,0,394,0,0.9493670886075949
B,2,250,1,5250057,1,0,250,0,0.98
B,2,250,1,5250058,1,0,551,0,0.963963963963964
B,2,250,1,5250059,0,0,451,0,0.9010989010989011
B,2,250,1,5250044,1,0,500,0,0.89
B,2,250,1,5250045,1,0,391,0,0.8607594936708861
B,2,250,1,5250046,0,0,348,0,0.8714285714285714
B,2,250,1,5250047,0,1,600,0,0.9833333333333333
B,2,250,1,5250068,1,0,162,0,0.8787878787878788
B,2,250,1,5250069,0,0,465,0,0.9032258064516129
B,2,250,1,5250070,1,0,138,0,0.8928571428571429
B,2,250,1,5250071,1,0,339,0,0.8676470588235294
B,2,250,1,5250060,0,1,600,0,0.9166666666666666
B,2,250,1,5250061,0,1,600,0,0.9416666666666667
B,2,250,1,5250062,0,1,600,0,0.9166666666666666
B,2,250,1,5250063,0,0,269,0,0.8703703703703703
B,2,250,1,5250076,1,0,531,0,0.8317757009345794
B,2,250,1,5250077,0,0,193,0,0.9230769230769231
B,2,250,1,5250078,0,1,600,0,0.9666666666666667
B,2,250,1,5250079,0,0,101,0,0.9047619047619048
B,2,250,1,5250084,1,0,406,0,0.8292682926829268
B,2,250,1,5250085,1,0,190,0,0.9736842105263158
B,2,250,1,5250086,1,0,174,0,0.9428571428571428
B,2,250,1,5250087,1,0,256,0,0.8076923076923077
B,2,250,1,5250096,1,0,193,0,0.9230769230769231
B,2,250,1,5250097,0,0,142,0,0.9310344827586207
B,2,250,1,5250098,1,0,147,0,1.0
B,2,250,1,5250099,0,0,102,0,0.8571428571428571
B,2,250,1,5250092,0,0,244,0,0.9387755102040817
B,2,250,1,5250093,1,0,173,0,0.8571428571428571
B,2,250,1,5250094,0,1,600,0,0.7583333333333333
B,2,250,1,5250095,1,0,152,0,0.8709677419354839
B,2,250,1,5250080,0,0,436,0,0.9659090909090909
B,2,250,1,5250081,0,0,402,0,0.9506172839506173
B,2,250,1,5250082,1,0,452,0,0.8571428571428571
B,2,250,1,5250083,0,0,209,0,0.9285714285714286
B,2,250,1,5250072,1,0,463,0,0.967741935483871
B,2,250,1,5250073,0,1,600,0,0.7833333333333333
B,2,250,1,5250074,1,0,554,0,0.9279279279279279
B,2,250,1,5250075,1,0,224,0,0.8888888888888888
B,2,250,1,5250100,0,1,600,0,0.9083333333333333
B,2,250,1,5250101,1,0,304,0,0.8524590163934426
B,2,250,1,5250102,0,0,307,0,0.9354838709677419
B,2,250,1,5250103,0,0,314,0,0.8888888888888888
B,2,250,1,5250088,1,0,479,0,0.9166666666666666
B,2,250,1,5250089,0,1,600,0,0.85
B,2,250,1,5250090,0,1,600,0,0.9333333333333333
B,2,250,1,5250091,1,0,116,0,0.9166666666666666
B,2,250,1,5250112,1,0,300,0,0.8666666666666667
B,2,250,1,5250113,0,0,166,0,0.8823529411764706
B,2,250,1,5250114,1,0,286,0,0.8620689655172413
B,2,250,1,5250115,1,0,215,0,0.9302325581395349
B,2,250,1,5250108,1,0,196,0,0.925
B,2,250,1,5250109,0,0,303,0,0.8524590163934426
B,2,250,1,5250110,0,0,176,0,0.9722222222222222
B,2,250,1,5250111,1,0,179,0,0.8611111111111112
B,2,250,1,5250104,1,0,536,0,0.8703703703703703
B,2,250,1,5250105,1,0,194,0,1.0
B,2,250,1,5250106,0,1,600,0,0.8333333333333334
B,2,250,1,5250107,1,0,376,0,0.881578947368421
B,2,250,1,5250116,1,0,354,0,0.9014084507042254
B,2,250,1,5250117,1,0,198,0,0.8
B,2,250,1,5250118,1,0,526,0,0.7924528301886793
B,2,250,1,5250119,1,0,249,0,0.94
B,2,250,1,5250128,0,0,405,0,0.8888888888888888
B,2,250,1,5250129,1,0,263,0,0.8490566037735849
B,2,250,1,5250130,1,0,357,0,0.9305555555555556
B,2,250,1,5250131,1,0,237,0,0.9791666666666666
B,2,250,1,5250140,0,0,403,0,0.9753086419753086
B,2,250,1,5250141,0,0,379,0,0.8947368421052632
B,2,250,1,5250142,1,0,279,0,0.875
B,2,250,1,5250143,0,0,101,0,0.9047619047619048
B,2,250,1,5250120,0,1,600,0,0.8416666666666667
B,2,250,1,5250121,0,1,600,0,0.95
B,2,250,1,5250122,0,0,321,0,0.8769230769230769
B,2,250,1,5250123,0,0,271,0,0.8909090909090909
B,2,250,1,5250124,0,1,600,0,0.9333333333333333
B,2,250,1,5250125,1,0,328,0,0.8939393939393939
B,2,250,1,5250126,0,1,600,0,0.975
B,2,250,1,5250127,1,0,405,0,0.9753086419753086
B,2,250,1,5250136,0,0,180,0,0.9166666666666666
B,2,250,1,5250137,0,1,600,0,0.9916666666666667
B,2,250,1,5250138,1,0,297,0,0.9666666666666667
B,2,250,1,5250139,1,0,297,0,0.9333333333333333
B,2,250,1,5250132,0,1,600,0,0.9333333333333333
B,2,250,1,5250133,1,0,171,0,0.9142857142857143
B,2,250,1,5250134,0,1,600,0,0.9916666666666667
B,2,250,1,5250135,0,1,600,0,0.9583333333333334
B,2,250,1,5250144,0,1,600,0,0.8916666666666667
B,2,250,1,5250145,0,0,209,0,0.9761904761904762
B,2,250,1,5250146,1,0,361,0,0.8493150684931506
B,2,250,1,5250147,0,0,526,0,0.8773584905660378
B,2,250,1,5250148,0,1,600,0,0.8333333333333334
B,2,250,1,5250149,0,1,600,0,0.9083333333333333
B,2,250,1,5250150,0,1,600,0,0.8333333333333334
B,2,250,1,5250151,1,0,389,0,0.9230769230769231
B,2,250,1,5250172,1,0,227,0,0.9130434782608695
B,2,250,1,5250173,0,0,101,0,0.9523809523809523
B,2,250,1,5250174,0,0,91,0,0.6842105263157895
B,2,250,1,5250175,1,0,297,0,0.95
B,2,250,1,5250164,1,0,351,0,0.9295774647887324
B,2,250,1,5250165,1,0,155,0,0.967741935483871
B,2,250,1,5250166,1,0,98,0,0.95
B,2,250,1,5250167,0,1,600,0,0.9666666666666667
B,2,250,1,5250156,1,0,199,0,0.95
B,2,250,1,5250157,0,1,600,0,0.9583333333333334
B,2,250,1,5250158,1,0,157,0,0.9375
B,2,250,1,5250159,1,0,279,0,0.8571428571428571
B,2,250,1,5250160,1,0,277,0,0.875
B,2,250,1,5250161,1,0,277,0,0.875
B,2,250,1,5250162,0,1,600,0,0.875
B,2,250,1,5250163,0,0,151,0,0.7741935483870968
B,2,250,1,5250152,0,1,600,0,0.95
B,2,250,1,5250153,0,1,600,0,0.9666666666666667
B,2,250,1,5250154,1,0,267,0,0.9074074074074074
B,2,250,1,5250155,0,1,600,0,0.9166666666666666
B,2,250,1,5250176,1,0,306,0,0.967741935483871
B,2,250,1,5250177,1,0,137,0,0.8928571428571429
B,2,250,1,5250178,1,0,262,0,0.9056603773584906
B,2,250,1,5250179,1,0,119,0,0.9166666666666666
B,2,250,1,5250168,1,0,125,0,0.96
B,2,250,1,5250169,1,0,225,0,0.9111111111111111
B,2,250,1,5250170,0,1,600,0,0.9416666666666667
B,2,250,1,5250171,0,1,600,0,0.85
B,2,250,1,5250188,1,0,243,0,0.9591836734693877
B,2,250,1,5250189,0,0,374,0,0.92
B,2,250,1,5250190,0,0,249,0,0.86
B,2,250,1,5250191,1,0,411,0,0.8433734939759037
B,2,250,1,5250196,1,0,149,0,0.9333333333333333
B,2,250,1,5250197,1,0,295,0,0.7966101694915254
B,2,250,1,5250198,1,0,208,0,0.9285714285714286
B,2,250,1,5250199,0,0,426,0,0.9069767441860465
B,2,250,1,5250184,1,0,290,0,0.8620689655172413
B,2,250,1,5250185,1,0,221,0,0.8666666666666667
B,2,250,1,5250186,1,0,252,0,0.9607843137254902
B,2,250,1,5250187,0,1,600,0,0.8916666666666667
B,2,250,1,5250192,0,0,433,0,0.9655172413793104
B,2,250,1,5250193,1,0,255,0,0.9215686274509803
B,2,250,1,5250194,1,0,318,0,0.84375
B,2,250,1,5250195,0,0,229,0,0.9565217391304348
B,2,250,1,5250180,0,1,600,0,0.9083333333333333
B,2,250,1,5250181,1,0,139,0,0.9285714285714286
B,2,250,1,5250182,0,1,600,0,0.8333333333333334
B,2,250,1,5250183,1,0,144,0,0.896551724137931
B,2,250,1,5250200,1,0,182,0,0.9459459459459459
B,2,250,1,5250201,1,0,562,0,0.8495575221238938
B,2,250,1,5250202,1,0,109,0,0.9090909090909091
B,2,250,1,5250203,1,0,285,0,0.9298245614035088
B,2,250,1,5250208,1,0,182,0,0.918918918918919
B,2,250,1,5250209,0,1,600,0,0.8833333333333333
B,2,250,1,5250210,1,0,305,0,0.9180327868852459
B,2,250,1,5250211,0,0,458,0,0.8913043478260869
B,2,250,1,5250212,1,0,294,0,0.9830508474576272
B,2,250,1,5250213,1,0,265,0,0.9245283018867925
B,2,250,1,5250214,1,0,275,0,0.8727272727272727
B,2,250,1,5250215,0,1,600,0,0.8666666666666667
B,2,250,1,5250204,0,1,600,0,0.975
B,2,250,1,5250205,0,0,275,0,0.9454545454545454
B,2,250,1,5250206,1,0,462,0,0.8817204301075269
B,2,250,1,5250207,1,0,191,0,0.7692307692307693
B,2,250,1,5250216,1,0,140,0,0.8928571428571429
B,2,250,1,5250217,1,0,346,0,0.9285714285714286
B,2,250,1,5250218,1,0,105,0,0.9523809523809523
B,2,250,1,5250219,0,0,259,0,0.9615384615384616
B,2,250,1,5250224,1,0,163,0,0.9090909090909091
B,2,250,1,5250225,0,1,600,0,0.9333333333333333
B,2,250,1,5250226,1,0,218,0,0.8863636363636364
B,2,250,1,5250227,0,0,252,0,0.9607843137254902
B,2,250,1,5250220,1,0,329,0,0.8787878787878788
B,2,250,1,5250221,1,0,191,0,0.8717948717948718
B,2,250,1,5250222,0,0,388,0,0.8333333333333334
B,2,250,1,5250223,0,0,478,0,0.8645833333333334
B,2,250,1,5250232,1,0,190,0,0.9473684210526315
B,2,250,1,5250233,1,0,316,0,0.90625
B,2,250,1,5250234,0,1,600,0,0.9583333333333334
B,2,250,1,5250235,1,0,143,0,0.8620689655172413
B,2,250,1,5250244,1,0,130,0,0.8461538461538461
B,2,250,1,5250245,1,0,149,0,0.8666666666666667
B,2,250,1,5250246,1,0,218,0,0.9090909090909091
B,2,250,1,5250247,1,0,457,0,0.8804347826086957
B,2,250,1,5250252,1,0,162,0,0.8484848484848485
B,2,250,1,5250253,1,0,108,0,0.9545454545454546
B,2,250,1,5250254,0,0,151,0,0.967741935483871
B,2,250,1,5250255,1,0,315,0,0.8412698412698413
B,2,250,1,5250228,0,0,301,0,0.7868852459016393
B,2,250,1,5250229,0,0,328,0,0.9242424242424242
B,2,250,1,5250230,1,0,372,0,0.84
B,2,250,1,5250231,1,0,566,0,0.8421052631578947
B,2,250,1,5250240,0,0,145,0,0.7931034482758621
B,2,250,1,5250241,1,0,370,0,0.9459459459459459
B,2,250,1,5250242,1,0,142,0,0.9655172413793104
B,2,250,1,5250243,0,1,600,0,0.8416666666666667
B,2,250,1,5250256,1,0,364,0,0.8493150684931506
B,2,250,1,5250257,1,0,128,0,0.8846153846153846
B,2,250,1,5250258,1,0,155,0,0.8064516129032258
B,2,250,1,5250259,1,0,300,0,0.9333333333333333
B,2,250,1,5250236,1,0,314,0,0.8888888888888888
B,2,250,1,5250237,1,0,439,0,0.8636363636363636
B,2,250,1,5250238,1,0,225,0,0.8222222222222222
B,2,250,1,5250239,0,1,600,0,0.9333333333333333
B,2,250,1,5250268,1,0,133,0,0.9629629629629629
B,2,250,1,5250269,1,0,289,0,0.8275862068965517
B,2,250,1,5250270,1,0,249,0,0.92
B,2,250,1,5250271,1,0,156,0,0.90625
B,2,250,1,5250248,0,1,600,0,0.9083333333333333
B,2,250,1,5250249,1,0,275,0,0.9454545454545454
B,2,250,1,5250250,0,1,600,0,0.9416666666666667
B,2,250,1,5250251,0,0,282,0,0.9298245614035088
B,2,250,1,5250264,0,0,103,0,0.8571428571428571
B,2,250,1,5250265,0,1,600,0,0.8916666666666667
B,2,250,1,5250266,1,0,192,0,0.8717948717948718
B,2,250,1,5250267,1,0,276,0,0.9107142857142857
B,2,250,1,5250260,0,1,600,0,0.9416666666666667
B,2,250,1,5250261,0,1,600,0,0.9833333333333333
B,2,250,1,5250262,1,0,130,0,0.8846153846153846
B,2,250,1,5250263,1,0,507,0,0.8235294117647058
B,2,250,1,5250280,0,0,276,0,0.9642857142857143
B,2,250,1,5250281,0,0,151,0,0.967741935483871
B,2,250,1,5250282,0,1,600,0,0.9333333333333333
B,2,250,1,5250283,0,0,412,0,0.963855421686747
B,2,250,1,5250288,1,0,156,0,0.90625
B,2,250,1,5250289,1,0,273,0,0.9272727272727272
B,2,250,1,5250290,0,0,256,0,0.9807692307692307
B,2,250,1,5250291,0,1,600,0,0.6916666666666667
B,2,250,1,5250296,1,0,207,0,0.9285714285714286
B,2,250,1,5250297,1,0,176,0,0.9722222222222222
B,2,250,1,5250298,1,0,340,0,0.8529411764705882
B,2,250,1,5250299,1,0,176,0,0.8333333333333334
B,2,250,1,5250284,0,0,177,0,0.8888888888888888
B,2,250,1,5250285,1,0,197,0,0.925
B,2,250,1,5250286,0,1,600,0,0.8583333333333333
B,2,250,1,5250287,1,0,313,0,0.8888888888888888
B,2,250,1,5250272,1,0,302,0,0.8032786885245902
B,2,250,1,5250273,0,1,600,0,0.7916666666666666
B,2,250,1,5250274,1,0,236,0,0.9166666666666666
B,2,250,1,5250275,0,1,600,0,0.95
B,2,250,1,5250276,1,0,206,0,0.8571428571428571
B,2,250,1,5250277,1,0,295,0,0.9322033898305084
B,2,250,1,5250278,0,1,600,0,0.9416666666666667
B,2,250,1,5250279,0,1,600,0,0.9333333333333333
B,2,250,1,5250292,0,0,228,0,0.8695652173913043
B,2,250,1,5250293,0,1,600,0,0.8333333333333334
B,2,250,1,5250294,1,0,153,0,1.0
B,2,250,1,5250295,1,0,224,0,0.9111111111111111
B,2,250,1,5250300,1,0,123,0,0.92
B,2,250,1,5250301,0,0,267,0,0.9259259259259259
B,2,250,1,5250302,0,0,206,0,0.9761904761904762
B,2,250,1,5250303,0,0,152,0,0.8709677419354839
B,2,250,1,5250316,1,0,208,0,0.9523809523809523
B,2,250,1,5250317,1,0,379,0,0.8947368421052632
B,2,250,1,5250318,1,0,159,0,0.9375
B,2,250,1,5250319,1,0,140,0,0.8214285714285714
B,2,250,1,5250328,1,0,191,0,0.9230769230769231
B,2,250,1,5250329,0,0,201,0,0.8780487804878049
B,2,250,1,5250330,1,0,121,0,0.92
B,2,250,1,5250331,1,0,205,0,0.926829268292683
B,2,250,1,5250304,1,0,221,0,0.8888888888888888
B,2,250,1,5250305,0,1,600,0,0.9166666666666666
B,2,250,1,5250306,0,0,376,0,1.0
B,2,250,1,5250307,1,0,181,0,0.7297297297297297
B,2,250,1,5250340,1,0,230,0,0.8043478260869565
B,2,250,1,5250341,0,0,201,0,0.9024390243902439
B,2,250,1,5250342,0,0,93,0,0.7894736842105263
B,2,250,1,5250343,1,0,200,0,0.95
B,2,250,1,5250312,0,1,600,0,0.925
B,2,250,1,5250313,1,0,130,0,0.9230769230769231
B,2,250,1,5250314,1,0,430,0,0.8604651162790697
B,2,250,1,5250315,0,0,380,0,0.9605263157894737
B,2,250,1,5250320,0,0,219,0,0.8409090909090909
B,2,250,1,5250321,1,0,293,0,0.8983050847457628
B,2,250,1,5250322,0,1,600,0,0.8583333333333333
B,2,250,1,5250323,1,0,167,0,0.8529411764705882
B,2,250,1,5250336,0,1,600,0,0.9333333333333333
B,2,250,1,5250337,0,0,226,0,0.9565217391304348
B,2,250,1,5250338,0,0,204,0,0.9024390243902439
B,2,250,1,5250339,1,0,148,0,0.9
B,2,250,1,5250324,1,0,207,0,0.8095238095238095
B,2,250,1,5250325,0,0,487,0,0.9285714285714286
B,2,250,1,5250326,1,0,330,0,0.8333333333333334
B,2,250,1,5250327,0,1,600,0,0.8583333333333333
B,2,250,1,5250308,0,1,600,0,0.8666666666666667
B,2,250,1,5250309,1,0,325,0,0.8
B,2,250,1,5250310,0,1,600,0,0.9083333333333333
B,2,250,1,5250311,0,1,600,0,0.95
B,2,250,1,5250344,0,0,151,0,0.8709677419354839
B,2,250,1,5250345,1,0,565,0,0.9203539823008849
B,2,250,1,5250346,1,0,339,0,0.8235294117647058
B,2,250,1,5250347,1,0,224,0,0.8666666666666667
B,2,250,1,5250348,0,1,600,0,0.9666666666666667
B,2,250,1,5250349,1,0,255,0,0.8627450980392157
B,2,250,1,5250350,1,0,260,0,0.9230769230769231
B,2,250,1,5250351,1,0,174,0,0.8571428571428571
B,2,250,1,5250332,0,1,600,0,0.8833333333333333
B,2,250,1,5250333,0,1,600,0,0.9833333333333333
B,2,250,1,5250334,0,1,600,0,0.8083333333333333
B,2,250,1,5250335,1,0,233,0,0.8936170212765957
B,2,250,1,5250356,1,0,497,0,0.85
B,2,250,1,5250357,1,0,153,0,0.967741935483871
B,2,250,1,5250358,1,0,164,0,0.9090909090909091
B,2,250,1,5250359,0,1,600,0,0.9083333333333333
B,2,250,1,5250352,1,0,427,0,0.8488372093023255
B,2,250,1,5250353,0,1,600,0,0.85
B,2,250,1,5250354,0,1,600,0,0.975
B,2,250,1,5250355,0,0,351,0,0.7887323943661971
B,2,250,1,5250372,1,0,312,0,0.9365079365079365
B,2,250,1,5250373,0,1,600,0,0.975
B,2,250,1,5250374,1,0,305,0,0.8524590163934426
B,2,250,1,5250375,1,0,215,0,0.8604651162790697
B,2,250,1,5250380,1,0,249,0,0.94
B,2,250,1,5250381,1,0,522,0,0.8666666666666667
B,2,250,1,5250382,1,0,205,0,0.9024390243902439
B,2,250,1,5250383,1,0,166,0,0.9411764705882353
B,2,250,1,5250360,0,1,600,0,0.9
B,2,250,1,5250361,0,1,600,0,0.8416666666666667
B,2,250,1,5250362,0,1,600,0,0.7416666666666667
B,2,250,1,5250363,1,0,305,0,0.9016393442622951
B,2,250,1,5250364,0,1,600,0,0.975
B,2,250,1,5250365,1,0,407,0,0.8780487804878049
B,2,250,1,5250366,0,1,600,0,0.925
B,2,250,1,5250367,0,0,346,0,0.8571428571428571
B,2,250,1,5250368,0,0,334,0,0.9552238805970149
B,2,250,1,5250369,0,1,600,0,0.8
B,2,250,1,5250370,0,1,600,0,0.9583333333333334
B,2,250,1,5250371,0,1,600,0,0.8833333333333333
B,2,250,1,5250384,0,0,76,0,0.9375
B,2,250,1,5250385,0,0,126,0,0.8461538461538461
B,2,250,1,5250386,0,1,600,0,0.7916666666666666
B,2,250,1,5250387,1,0,132,0,0.9259259259259259
B,2,250,1,5250400,1,0,236,0,0.875
B,2,250,1,5250401,1,0,157,0,0.875
B,2,250,1,5250402,1,0,225,0,0.8444444444444444
B,2,250,1,5250403,0,0,87,0,0.6666666666666666
B,2,250,1,5250376,0,1,600,0,0.9666666666666667
B,2,250,1,5250377,1,0,324,0,0.9538461538461539
B,2,250,1,5250378,0,1,600,0,0.9583333333333334
B,2,250,1,5250379,0,1,600,0,0.9083333333333333
B,2,250,1,5250392,1,0,202,0,1.0
B,2,250,1,5250393,1,0,198,0,0.825
B,2,250,1,5250394,0,0,251,0,0.8823529411764706
B,2,250,1,5250395,0,1,600,0,0.95
B,2,250,1,5250388,1,0,303,0,0.9344262295081968
B,2,250,1,5250389,1,0,133,0,0.8148148148148148
B,2,250,1,5250390,1,0,341,0,0.855072463768116
B,2,250,1,5250391,0,1,600,0,0.9083333333333333
B,2,250,1,5250412,1,0,262,0,0.8490566037735849
B,2,250,1,5250413,1,0,229,0,0.9130434782608695
B,2,250,1,5250414,0,0,431,0,0.9425287356321839
B,2,250,1,5250415,1,0,149,0,0.9
B,2,250,1,5250408,0,0,76,0,0.8125
B,2,250,1,5250409,1,0,450,0,0.9333333333333333
B,2,250,1,5250410,1,0,334,0,0.8805970149253731
B,2,250,1,5250411,1,0,393,0,0.8227848101265823
B,2,250,1,5250396,0,1,600,0,0.975
B,2,250,1,5250397,1,0,276,0,0.8392857142857143
B,2,250,1,5250398,1,0,146,0,0.7666666666666667
B,2,250,1,5250399,0,1,600,0,0.9666666666666667
B,2,250,1,5250404,1,0,134,0,0.8518518518518519
B,2,250,1,5250405,1,0,329,0,0.9090909090909091
B,2,250,1,5250406,0,1,600,0,0.875
B,2,250,1,5250407,0,1,600,0,0.8416666666666667
B,2,250,1,5250428,1,0,280,0,0.7857142857142857
B,2,250,1,5250429,1,0,137,0,0.8571428571428571
B,2,250,1,5250430,1,0,117,0,0.9583333333333334
B,2,250,1,5250431,1,0,227,0,0.9130434782608695
B,2,250,1,5250416,0,0,277,0,0.8571428571428571
B,2,250,1,5250417,1,0,180,0,0.9166666666666666
B,2,250,1,5250418,0,0,101,0,0.8095238095238095
B,2,250,1,5250419,1,0,460,0,0.8695652173913043
B,2,250,1,5250420,1,0,177,0,0.8888888888888888
B,2,250,1,5250421,1,0,401,0,0.8518518518518519
B,2,250,1,5250422,1,0,139,0,0.9285714285714286
B,2,250,1,5250423,0,1,600,0,0.9083333333333333
B,2,250,1,5250424,0,1,600,0,0.825
B,2,250,1,5250425,1,0,143,0,0.9310344827586207
B,2,250,1,5250426,0,1,600,0,0.85
B,2,250,1,5250427,1,0,278,0,0.8214285714285714
B,2,250,1,5250432,0,1,600,0,0.875
B,2,250,1,5250433,1,0,462,0,0.9032258064516129
B,2,250,1,5250434,1,0,232,0,0.9148936170212766
B,2,250,1,5250435,1,0,125,0,0.96
B,2,250,1,5250436,0,1,600,0,0.9083333333333333
B,2,250,1,5250437,1,0,584,0,0.8974358974358975
B,2,250,1,5250438,1,0,436,0,0.8636363636363636
B,2,250,1,5250439,1,0,210,0,0.9285714285714286
B,2,250,1,5250444,0,0,126,0,0.9230769230769231
B,2,250,1,5250445,0,0,591,0,0.865546218487395
B,2,250,1,5250446,0,0,185,0,0.8648648648648649
B,2,250,1,5250447,1,0,138,0,0.9285714285714286
B,2,250,1,5250440,1,0,101,0,0.8095238095238095
B,2,250,1,5250441,0,1,600,0,0.8333333333333334
B,2,250,1,5250442,1,0,244,0,0.9591836734693877
B,2,250,1,5250443,0,1,600,0,0.8666666666666667
B,2,250,1,5250452,1,0,366,0,0.9459459459459459
B,2,250,1,5250453,1,0,220,0,0.7954545454545454
B,2,250,1,5250454,1,0,306,0,0.9193548387096774
B,2,250,1,5250455,0,1,600,0,0.825
B,2,250,1,5250456,1,0,358,0,0.8888888888888888
B,2,250,1,5250457,1,0,409,0,0.926829268292683
B,2,250,1,5250458,1,0,219,0,0.8863636363636364
B,2,250,1,5250459,0,0,301,0,0.9836065573770492
B,2,250,1,5250460,1,0,129,0,0.9615384615384616
B,2,250,1,5250461,1,0,151,0,0.8709677419354839
B,2,250,1,5250462,1,0,383,0,0.8831168831168831
B,2,250,1,5250463,1,0,337,0,0.8823529411764706
B,2,250,1,5250448,1,0,229,0,0.9130434782608695
B,2,250,1,5250449,1,0,472,0,0.9052631578947369
B,2,250,1,5250450,0,1,600,0,0.9416666666666667
B,2,250,1,5250451,0,1,600,0,0.8916666666666667
B,2,250,1,5250472,1,0,243,0,0.9387755102040817
B,2,250,1,5250473,1,0,324,0,0.7846153846153846
B,2,250,1,5250474,1,0,353,0,0.9154929577464789
B,2,250,1,5250475,0,0,406,0,0.8658536585365854
B,2,250,1,5250476,1,0,386,0,0.8974358974358975
B,2,250,1,5250477,1,0,183,0,0.8918918918918919
B,2,250,1,5250478,1,0,197,0,0.95
B,2,250,1,5250479,1,0,386,0,0.9615384615384616
B,2,250,1,5250484,1,0,149,0,0.9666666666666667
B,2,250,1,5250485,1,0,170,0,0.8529411764705882
B,2,250,1,5250486,1,0,214,0,0.8837209302325582
B,2,250,1,5250487,0,1,600,0,0.9083333333333333
B,2,250,1,5250464,0,0,491,0,0.98989898989899
B,2,250,1,5250465,0,1,600,0,0.975
B,2,250,1,5250466,1,0,523,0,0.9714285714285714
B,2,250,1,5250467,1,0,329,0,0.8939393939393939
B,2,250,1,5250468,1,0,146,0,0.9666666666666667
B,2,250,1,5250469,0,1,600,0,0.9666666666666667
B,2,250,1,5250470,0,1,600,0,0.8166666666666667
B,2,250,1,5250471,1,0,477,0,0.9270833333333334
B,2,250,1,5250480,0,1,600,0,0.95
B,2,250,1,5250481,1,0,257,0,0.9230769230769231
B,2,250,1,5250482,1,0,254,0,0.9019607843137255
B,2,250,1,5250483,1,0,293,0,0.9491525423728814
B,2,250,1,5250492,1,0,191,0,0.8974358974358975
B,2,250,1,5250493,1,0,232,0,0.9787234042553191
B,2,250,1,5250494,0,0,597,0,0.875
B,2,250,1,5250495,1,0,140,0,0.8928571428571429
B,2,250,1,5250488,0,0,177,0,0.8333333333333334
B,2,250,1,5250489,1,0,464,0,0.8064516129032258
B,2,250,1,5250490,1,0,222,0,0.9333333333333333
B,2,250,1,5250491,1,0,468,0,0.8723404255319149
B,2,250,1,5250496,0,0,223,0,0.8444444444444444
B,2,250,1,5250497,1,0,242,0,0.9387755102040817
B,2,250,1,5250498,1,0,125,0,0.88
B,2,250,1,5250499,1,0,434,0,0.9540229885057471
B,3,250,0,5300012,1,0,128,26,0.8076923076923077
B,3,250,0,5300013,1,0,88,18,0.8333333333333334
B,3,250,0,5300014,1,0,76,16,0.9375
B,3,250,0,5300015,1,0,127,26,0.8076923076923077
B,3,250,0,5300020,1,0,141,29,0.7241379310344828
B,3,250,0,5300021,1,0,75,15,0.9333333333333333
B,3,250,0,5300022,1,0,137,28,0.9285714285714286
B,3,250,0,5300023,1,0,93,19,0.9473684210526315
B,3,250,0,5300004,1,0,169,34,0.8235294117647058
B,3,250,0,5300005,1,0,243,49,0.9591836734693877
B,3,250,0,5300006,1,0,81,17,0.9411764705882353
B,3,250,0,5300007,1,0,209,42,0.6428571428571429
B,3,250,0,5300028,1,0,394,79,0.8227848101265823
B,3,250,0,5300029,1,0,154,31,0.9032258064516129
B,3,250,0,5300030,1,0,81,17,0.8823529411764706
B,3,250,0,5300031,1,0,83,17,1.0
B,3,250,0,5300016,1,0,128,26,0.9615384615384616
B,3,250,0,5300017,1,0,144,29,0.896551724137931
B,3,250,0,5300018,1,0,263,53,0.660377358490566
B,3,250,0,5300019,1,0,152,31,0.7741935483870968
B,3,250,0,5300000,1,0,253,51,0.7450980392156863
B,3,250,0,5300001,0,1,600,120,0.5666666666666667
B,3,250,0,5300002,1,0,118,24,0.9166666666666666
B,3,250,0,5300003,1,0,80,16,0.875
B,3,250,0,5300024,0,0,183,37,0.9459459459459459
B,3,250,0,5300025,1,0,153,31,0.6774193548387096
B,3,250,0,5300026,0,1,600,120,0.975
B,3,250,0,5300027,1,0,64,13,0.9230769230769231
B,3,250,0,5300044,0,0,157,32,0.6875
B,3,250,0,5300045,1,0,78,16,0.875
B,3,250,0,5300046,1,0,165,33,0.8484848484848485
B,3,250,0,5300047,1,0,74,15,0.9333333333333333
B,3,250,0,5300008,1,0,169,34,0.7941176470588235
B,3,250,0,5300009,0,1,600,120,0.975
B,3,250,0,5300010,0,0,321,65,0.7230769230769231
B,3,250,0,5300011,0,0,348,70,0.9714285714285714
B,3,250,0,5300036,0,0,157,32,0.9375
B,3,250,0,5300037,1,0,155,31,0.8709677419354839
B,3,250,0,5300038,1,0,117,24,0.875
B,3,250,0,5300039,0,1,600,120,0.5583333333333333
B,3,250,0,5300040,1,0,86,18,0.8888888888888888
B,3,250,0,5300041,1,0,233,47,0.6595744680851063
B,3,250,0,5300042,0,0,330,66,0.6515151515151515
B,3,250,0,5300043,1,0,140,28,0.8214285714285714
B,3,250,0,5300068,1,0,112,23,0.8260869565217391
B,3,250,0,5300069,1,0,114,23,0.9130434782608695
B,3,250,0,5300070,1,0,143,29,0.6896551724137931
B,3,250,0,5300071,1,0,149,30,0.9666666666666667
B,3,250,0,5300032,1,0,133,27,0.9629629629629629
B,3,250,0,5300033,0,1,600,120,0.8416666666666667
B,3,250,0,5300034,0,1,600,120,0.6583333333333333
B,3,250,0,5300035,0,0,267,54,0.8888888888888888
B,3,250,0,5300048,0,1,600,120,0.85
B,3,250,0,5300049,1,0,234,47,0.7659574468085106
B,3,250,0,5300050,1,0,174,35,0.6857142857142857
B,3,250,0,5300051,1,0,107,22,0.9545454545454546
B,3,250,0,5300052,1,0,147,30,0.9333333333333333
B,3,250,0,5300053,1,0,128,26,0.8461538461538461
B,3,250,0,5300054,1,0,354,71,0.7183098591549296
B,3,250,0,5300055,1,0,253,51,0.6666666666666666
B,3,250,0,5300060,1,0,110,22,0.7727272727272727
B,3,250,0,5300061,0,0,166,34,0.8823529411764706
B,3,250,0,5300062,0,1,600,120,0.7083333333333334
B,3,250,0,5300063,1,0,96,20,0.8
B,3,250,0,5300064,0,1,600,120,1.0
B,3,250,0,5300065,1,0,128,26,0.8846153846153846
B,3,250,0,5300066,1,0,119,24,0.9583333333333334
B,3,250,0,5300067,1,0,135,27,0.8888888888888888
B,3,250,0,5300056,1,0,141,29,0.9310344827586207
B,3,250,0,5300057,1,0,309,62,0.8870967741935484
B,3,250,0,5300058,1,0,274,55,0.6909090909090909
B,3,250,0,5300059,1,0,262,53,0.6226415094339622
B,3,250,0,5300080,1,0,166,34,0.8235294117647058
B,3,250,0,5300081,1,0,123,25,0.96
B,3,250,0,5300082,1,0,308,62,0.7741935483870968
B,3,250,0,5300083,1,0,119,24,0.9583333333333334
B,3,250,0,5300072,1,0,285,57,0.8245614035087719
B,3,250,0,5300073,1,0,146,30,0.9333333333333333
B,3,250,0,5300074,0,0,174,35,0.9142857142857143
B,3,250,0,5300075,1,0,229,46,0.8695652173913043
B,3,250,0,5300084,1,0,124,25,1.0
B,3,250,0,5300085,1,0,228,46,0.6956521739130435
B,3,250,0,5300086,1,0,197,40,0.7
B,3,250,0,5300087,1,0,83,17,1.0
B,3,250,0,5300096,1,0,75,15,1.0
B,3,250,0,5300097,1,0,141,29,0.9310344827586207
B,3,250,0,5300098,1,0,149,30,0.9666666666666667
B,3,250,0,5300099,1,0,106,22,0.8636363636363636
B,3,250,0,5300076,0,0,271,55,0.9454545454545454
B,3,250,0,5300077,0,0,234,47,0.9148936170212766
B,3,250,0,5300078,0,1,600,120,0.775
B,3,250,0,5300079,1,0,97,20,0.75
B,3,250,0,5300104,1,0,72,15,0.9333333333333333
B,3,250,0,5300105,1,0,66,14,0.9285714285714286
B,3,250,0,5300106,1,0,77,16,0.875
B,3,250,0,5300107,1,0,117,24,0.9166666666666666
B,3,250,0,5300088,1,0,92,19,0.8947368421052632
B,3,250,0,5300089,0,0,279,56,0.7857142857142857
B,3,250,0,5300090,1,0,399,80,0.8875
B,3,250,0,5300091,1,0,303,61,0.7868852459016393
B,3,250,0,5300120,1,0,148,30,0.8666666666666667
B,3,250,0,5300121,1,0,88,18,0.8888888888888888
B,3,250,0,5300122,0,0,184,37,0.8648648648648649
B,3,250,0,5300123,1,0,138,28,1.0
B,3,250,0,5300116,1,0,72,15,0.9333333333333333
B,3,250,0,5300117,1,0,177,36,0.8888888888888888
B,3,250,0,5300118,1,0,146,30,0.8333333333333334
B,3,250,0,5300119,1,0,149,30,0.8666666666666667
B,3,250,0,5300092,1,0,173,35,0.6857142857142857
B,3,250,0,5300093,1,0,100,20,0.9
B,3,250,0,5300094,0,1,600,120,0.6
B,3,250,0,5300095,0,0,156,32,0.78125
B,3,250,0,5300100,1,0,153,31,0.8709677419354839
B,3,250,0,5300101,1,0,194,39,0.8974358974358975
B,3,250,0,5300102,1,0,88,18,0.8333333333333334
B,3,250,0,5300103,0,0,206,42,0.9047619047619048
B,3,250,0,5300132,1,0,109,22,0.9545454545454546
B,3,250,0,5300133,1,0,131,27,0.8888888888888888
B,3,250,0,5300134,1,0,107,22,0.8181818181818182
B,3,250,0,5300135,1,0,76,16,1.0
B,3,250,0,5300128,1,0,132,27,0.7407407407407407
B,3,250,0,5300129,1,0,86,18,0.8333333333333334
B,3,250,0,5300130,1,0,246,50,0.88
B,3,250,0,5300131,0,0,453,91,0.7472527472527473
B,3,250,0,5300108,0,1,600,120,0.9833333333333333
B,3,250,0,5300109,1,0,87,18,1.0
B,3,250,0,5300110,1,0,81,17,0.8823529411764706
B,3,250,0,5300111,0,1,600,120,0.9666666666666667
B,3,250,0,5300140,1,0,96,20,0.9
B,3,250,0,5300141,1,0,482,97,0.6701030927835051
B,3,250,0,5300142,1,0,138,28,0.9642857142857143
B,3,250,0,5300143,1,0,62,13,0.6153846153846154
B,3,250,0,5300148,1,0,111,23,0.9565217391304348
B,3,250,0,5300149,1,0,578,116,0.6637931034482759
B,3,250,0,5300150,1,0,107,22,0.8636363636363636
B,3,250,0,5300151,0,0,120,24,0.9583333333333334
B,3,250,0,5300144,1,0,107,22,0.7727272727272727
B,3,250,0,5300145,0,1,600,120,0.55
B,3,250,0,5300146,1,0,108,22,0.8636363636363636
B,3,250,0,5300147,1,0,111,23,1.0
B,3,250,0,5300124,0,0,482,97,0.979381443298969
B,3,250,0,5300125,1,0,89,18,0.7777777777777778
B,3,250,0,5300126,0,1,600,120,0.7666666666666667
B,3,250,0,5300127,0,1,600,120,0.9916666666666667
B,3,250,0,5300136,1,0,456,92,0.6521739130434783
B,3,250,0,5300137,1,0,101,21,0.8571428571428571
B,3,250,0,5300138,0,1,600,120,0.6583333333333333
B,3,250,0,5300139,0,0,138,28,0.6785714285714286
B,3,250,0,5300152,0,0,252,51,0.9411764705882353
B,3,250,0,5300153,0,0,200,40,0.875
B,3,250,0,5300154,1,0,166,34,0.8529411764705882
B,3,250,0,5300155,1,0,409,82,0.7439024390243902
B,3,250,0,5300112,0,1,600,120,0.9916666666666667
B,3,250,0,5300113,0,1,600,120,0.6083333333333333
B,3,250,0,5300114,1,0,73,15,0.9333333333333333
B,3,250,0,5300115,0,0,294,59,0.6101694915254238
B,3,250,0,5300164,1,0,74,15,1.0
B,3,250,0,5300165,1,0,222,45,0.8444444444444444
B,3,250,0,5300166,0,0,227,46,0.9130434782608695
B,3,250,0,5300167,0,0,195,39,0.9487179487179487
B,3,250,0,5300176,1,0,156,32,0.875
B,3,250,0,5300177,0,0,174,35,0.9142857142857143
B,3,250,0,5300178,1,0,102,21,0.8095238095238095
B,3,250,0,5300179,1,0,81,17,1.0
B,3,250,0,5300156,1,0,169,34,0.9117647058823529
B,3,250,0,5300157,1,0,136,28,0.7857142857142857
B,3,250,0,5300158,1,0,196,40,0.85
B,3,250,0,5300159,0,1,600,120,0.6333333333333333
B,3,250,0,5300184,1,0,71,15,1.0
B,3,250,0,5300185,1,0,158,32,0.9375
B,3,250,0,5300186,1,0,124,25,0.92
B,3,250,0,5300187,1,0,96,20,0.9
B,3,250,0,5300180,1,0,73,15,1.0
B,3,250,0,5300181,1,0,192,39,0.7692307692307693
B,3,250,0,5300182,0,0,199,40,0.6
B,3,250,0,5300183,1,0,147,30,0.8666666666666667
B,3,250,0,5300160,1,0,310,62,0.5483870967741935
B,3,250,0,5300161,1,0,219,44,0.6363636363636364
B,3,250,0,5300162,0,0,275,55,0.8
B,3,250,0,5300163,0,1,600,120,0.65
B,3,250,0,5300172,0,0,227,46,0.9347826086956522
B,3,250,0,5300173,1,0,121,25,0.92
B,3,250,0,5300174,1,0,127,26,0.9230769230769231
B,3,250,0,5300175,0,0,573,115,1.0
B,3,250,0,5300188,1,0,86,18,0.8888888888888888
B,3,250,0,5300189,0,0,319,64,0.8125
B,3,250,0,5300190,1,0,118,24,0.9583333333333334
B,3,250,0,5300191,1,0,150,30,0.9666666666666667
B,3,250,0,5300168,0,1,600,120,0.6666666666666666
B,3,250,0,5300169,1,0,78,16,0.9375
B,3,250,0,5300170,1,0,275,55,0.8
B,3,250,0,5300171,0,0,197,40,0.875
B,3,250,0,5300208,1,0,178,36,0.9444444444444444
B,3,250,0,5300209,1,0,169,34,0.9117647058823529
B,3,250,0,5300210,1,0,187,38,0.7105263157894737
B,3,250,0,5300211,1,0,154,31,0.8387096774193549
B,3,250,0,5300192,0,0,80,16,0.6875
B,3,250,0,5300193,0,0,80,16,0.75
B,3,250,0,5300194,0,1,600,120,0.9416666666666667
B,3,250,0,5300195,1,0,167,34,0.7647058823529411
B,3,250,0,5300200,1,0,128,26,0.9615384615384616
B,3,250,0,5300201,1,0,225,45,0.7777777777777778
B,3,250,0,5300202,1,0,147,30,0.9333333333333333
B,3,250,0,5300203,1,0,204,41,0.8536585365853658
B,3,250,0,5300196,1,0,126,26,0.8846153846153846
B,3,250,0,5300197,0,0,313,63,0.5873015873015873
B,3,250,0,5300198,1,0,130,26,0.8461538461538461
B,3,250,0,5300199,0,1,600,120,0.6333333333333333
B,3,250,0,5300204,1,0,130,26,0.9615384615384616
B,3,250,0,5300205,0,1,600,120,0.8416666666666667
B,3,250,0,5300206,1,0,92,19,1.0
B,3,250,0,5300207,1,0,143,29,0.9310344827586207
B,3,250,0,5300240,1,0,115,23,0.9565217391304348
B,3,250,0,5300241,1,0,73,15,0.9333333333333333
B,3,250,0,5300242,1,0,129,26,0.9230769230769231
B,3,250,0,5300243,1,0,81,17,0.9411764705882353
B,3,250,0,5300220,1,0,86,18,0.7777777777777778
B,3,250,0,5300221,0,1,600,120,0.975
B,3,250,0,5300222,1,0,126,26,0.8076923076923077
B,3,250,0,5300223,1,0,187,38,0.5
B,3,250,0,5300232,0,0,109,22,0.8636363636363636
B,3,250,0,5300233,1,0,81,17,0.8235294117647058
B,3,250,0,5300234,1,0,96,20,0.9
B,3,250,0,5300235,1,0,364,73,0.9726027397260274
B,3,250,0,5300228,0,1,600,120,0.7416666666666667
B,3,250,0,5300229,1,0,84,17,0.9411764705882353
B,3,250,0,5300230,1,0,138,28,0.9285714285714286
B,3,250,0,5300231,1,0,79,16,0.9375
B,3,250,0,5300212,1,0,226,46,0.7608695652173914
B,3,250,0,5300213,1,0,389,78,0.6923076923076923
B,3,250,0,5300214,0,1,600,120,0.9916666666666667
B,3,250,0,5300215,1,0,137,28,0.8928571428571429
B,3,250,0,5300236,1,0,72,15,1.0
B,3,250,0,5300237,1,0,138,28,0.9285714285714286
B,3,250,0,5300238,1,0,104,21,0.8095238095238095
B,3,250,0,5300239,0,1,600,120,0.5833333333333334
B,3,250,0,5300216,0,1,600,120,0.48333333333333334
B,3,250,0,5300217,1,0,449,90,0.7777777777777778
B,3,250,0,5300218,1,0,132,27,0.9629629629629629
B,3,250,0,5300219,1,0,334,67,0.7761194029850746
B,3,250,0,5300244,1,0,133,27,0.7777777777777778
B,3,250,0,5300245,1,0,93,19,0.8421052631578947
B,3,250,0,5300246,1,0,220,44,0.7954545454545454
B,3,250,0,5300247,1,0,132,27,0.9259259259259259
B,3,250,0,5300224,0,0,430,86,0.8953488372093024
B,3,250,0,5300225,1,0,431,87,0.8850574712643678
B,3,250,0,5300226,1,0,149,30,0.8333333333333334
B,3,250,0,5300227,0,1,600,120,0.7583333333333333
B,3,250,0,5300272,1,0,161,33,0.9393939393939394
B,3,250,0,5300273,1,0,172,35,0.8857142857142857
B,3,250,0,5300274,1,0,137,28,0.7857142857142857
B,3,250,0,5300275,1,0,79,16,1.0
B,3,250,0,5300252,0,1,600,120,0.975
B,3,250,0,5300253,1,0,120,24,0.875
B,3,250,0,5300254,1,0,218,44,0.7045454545454546
B,3,250,0,5300255,1,0,84,17,1.0
B,3,250,0,5300268,1,0,155,31,0.8387096774193549
B,3,250,0,5300269,1,0,247,50,0.74
B,3,250,0,5300270,1,0,103,21,1.0
B,3,250,0,5300271,1,0,420,84,0.75
B,3,250,0,5300260,1,0,160,32,0.71875
B,3,250,0,5300261,1,0,137,28,0.7857142857142857
B,3,250,0,5300262,0,1,600,120,0.9666666666666667
B,3,250,0,5300263,1,0,97,20,0.85
B,3,250,0,5300248,0,1,600,120,0.9666666666666667
B,3,250,0,5300249,0,0,211,43,0.6976744186046512
B,3,250,0,5300250,1,0,203,41,0.8780487804878049
B,3,250,0,5300251,1,0,279,56,0.8035714285714286
B,3,250,0,5300264,1,0,221,45,0.6666666666666666
B,3,250,0,5300265,0,1,600,120,0.5916666666666667
B,3,250,0,5300266,1,0,115,23,1.0
B,3,250,0,5300267,1,0,214,43,0.6046511627906976
B,3,250,0,5300292,1,0,113,23,0.9130434782608695
B,3,250,0,5300293,1,0,119,24,0.875
B,3,250,0,5300294,1,0,152,31,0.7096774193548387
B,3,250,0,5300295,1,0,78,16,0.9375
B,3,250,0,5300288,1,0,93,19,0.8947368421052632
B,3,250,0,5300289,1,0,77,16,0.875
B,3,250,0,5300290,1,0,101,21,0.9523809523809523
B,3,250,0,5300291,1,0,293,59,0.6949152542372882
B,3,250,0,5300284,0,0,151,31,0.6774193548387096
B,3,250,0,5300285,0,0,311,63,0.6984126984126984
B,3,250,0,5300286,1,0,306,62,0.967741935483871
B,3,250,0,5300287,1,0,122,25,0.92
B,3,250,0,5300300,1,0,154,31,0.6451612903225806
B,3,250,0,5300301,1,0,74,15,0.9333333333333333
B,3,250,0,5300302,1,0,134,27,0.8888888888888888
B,3,250,0,5300303,1,0,111,23,0.8695652173913043
B,3,250,0,5300276,0,1,600,120,0.6083333333333333
B,3,250,0,5300277,0,1,600,120,0.975
B,3,250,0,5300278,1,0,126,26,0.8461538461538461
B,3,250,0,5300279,1,0,122,25,1.0
B,3,250,0,5300280,0,0,220,44,0.7954545454545454
B,3,250,0,5300281,1,0,272,55,0.9454545454545454
B,3,250,0,5300282,0,1,600,120,0.9333333333333333
B,3,250,0,5300283,0,0,329,66,0.9545454545454546
B,3,250,0,5300320,1,0,253,51,0.6078431372549019
B,3,250,0,5300321,1,0,134,27,0.8888888888888888
B,3,250,0,5300322,1,0,86,18,0.8333333333333334
B,3,250,0,5300323,1,0,85,17,0.8823529411764706
B,3,250,0,5300256,0,1,600,120,0.9416666666666667
B,3,250,0,5300257,1,0,149,30,0.7333333333333333
B,3,250,0,5300258,0,1,600,120,0.8833333333333333
B,3,250,0,5300259,0,1,600,120,0.6333333333333333
B,3,250,0,5300316,1,0,125,25,0.96
B,3,250,0,5300317,0,0,546,110,0.6818181818181818
B,3,250,0,5300318,1,0,192,39,0.7948717948717948
B,3,250,0,5300319,1,0,195,39,1.0
B,3,250,0,5300324,1,0,127,26,0.9230769230769231
B,3,250,0,5300325,1,0,82,17,0.8823529411764706
B,3,250,0,5300326,1,0,262,53,0.9056603773584906
B,3,250,0,5300327,1,0,198,40,0.9
B,3,250,0,5300308,1,0,156,32,0.78125
B,3,250,0,5300309,0,1,600,120,0.975
B,3,250,0,5300310,1,0,145,29,0.9655172413793104
B,3,250,0,5300311,1,0,72,15,0.8666666666666667
B,3,250,0,5300304,0,1,600,120,0.6166666666666667
B,3,250,0,5300305,0,0,531,107,1.0
B,3,250,0,5300306,0,0,301,61,0.4262295081967213
B,3,250,0,5300307,1,0,140,28,0.8571428571428571
B,3,250,0,5300312,1,0,319,64,0.765625
B,3,250,0,5300313,1,0,132,27,0.9629629629629629
B,3,250,0,5300314,1,0,212,43,0.813953488372093
B,3,250,0,5300315,0,1,600,120,0.9583333333333334
B,3,250,0,5300336,1,0,91,19,0.8947368421052632
B,3,250,0,5300337,1,0,171,35,0.8571428571428571
B,3,250,0,5300338,1,0,159,32,0.78125
B,3,250,0,5300339,1,0,200,40,0.775
B,3,250,0,5300296,0,0,326,66,0.9848484848484849
B,3,250,0,5300297,0,1,600,120,0.5916666666666667
B,3,250,0,5300298,1,0,385,77,0.6623376623376623
B,3,250,0,5300299,0,1,600,120,0.6
B,3,250,0,5300344,1,0,85,17,0.9411764705882353
B,3,250,0,5300345,1,0,104,21,1.0
B,3,250,0,5300346,0,0,196,40,0.9
B,3,250,0,5300347,1,0,198,40,0.85
B,3,250,0,5300332,1,0,165,33,0.696969696969697
B,3,250,0,5300333,1,0,252,51,1.0
B,3,250,0,5300334,1,0,249,50,0.74
B,3,250,0,5300335,1,0,75,15,0.9333333333333333
B,3,250,0,5300340,0,0,540,108,0.9444444444444444
B,3,250,0,5300341,1,0,91,19,1.0
B,3,250,0,5300342,1,0,131,27,0.8888888888888888
B,3,250,0,5300343,1,0,132,27,0.7777777777777778
B,3,250,0,5300328,0,1,600,120,0.5666666666666667
B,3,250,0,5300329,1,0,80,16,0.8125
B,3,250,0,5300330,1,0,146,30,0.9666666666666667
B,3,250,0,5300331,1,0,141,29,0.8275862068965517
B,3,250,0,5300356,1,0,100,20,0.95
B,3,250,0,5300357,1,0,164,33,0.8181818181818182
B,3,250,0,5300358,1,0,118,24,0.7916666666666666
B,3,250,0,5300359,1,0,210,42,0.6904761904761905
B,3,250,0,5300364,1,0,297,60,0.8166666666666667
B,3,250,0,5300365,1,0,105,21,0.9523809523809523
B,3,250,0,5300366,1,0,80,16,0.9375
B,3,250,0,5300367,1,0,56,12,0.9166666666666666
B,3,250,0,5300352,1,0,166,34,0.9117647058823529
B,3,250,0,5300353,1,0,127,26,0.9615384615384616
B,3,250,0,5300354,0,0,498,100,0.64
B,3,250,0,5300355,1,0,183,37,0.7027027027027027
B,3,250,0,5300360,1,0,224,45,0.6
B,3,250,0,5300361,1,0,139,28,0.9285714285714286
B,3,250,0,5300362,1,0,219,44,0.8636363636363636
B,3,250,0,5300363,1,0,301,61,0.6885245901639344
B,3,250,0,5300372,1,0,89,18,0.7222222222222222
B,3,250,0,5300373,1,0,78,16,0.9375
B,3,250,0,5300374,1,0,152,31,0.967741935483871
B,3,250,0,5300375,1,0,157,32,0.875
B,3,250,0,5300348,0,1,600,120,0.9083333333333333
B,3,250,0,5300349,1,0,76,16,0.9375
B,3,250,0,5300350,1,0,127,26,0.8076923076923077
B,3,250,0,5300351,0,1,600,120,0.9666666666666667
B,3,250,0,5300368,1,0,129,26,0.9615384615384616
B,3,250,0,5300369,1,0,120,24,0.7916666666666666
B,3,250,0,5300370,0,1,600,120,0.9083333333333333
B,3,250,0,5300371,1,0,123,25,1.0
B,3,250,0,5300376,1,0,90,18,0.7777777777777778
B,3,250,0,5300377,1,0,121,25,0.96
B,3,250,0,5300378,1,0,73,15,0.8666666666666667
B,3,250,0,5300379,0,1,600,120,0.525
B,3,250,0,5300388,1,0,126,26,0.9230769230769231
B,3,250,0,5300389,1,0,254,51,0.7254901960784313
B,3,250,0,5300390,1,0,117,24,0.875
B,3,250,0,5300391,1,0,163,33,0.8484848484848485
B,3,250,0,5300400,1,0,163,33,0.7575757575757576
B,3,250,0,5300401,1,0,110,22,0.8181818181818182
B,3,250,0,5300402,1,0,130,26,0.9230769230769231
B,3,250,0,5300403,1,0,218,44,0.8636363636363636
B,3,250,0,5300384,0,1,600,120,0.7666666666666667
B,3,250,0,5300385,1,0,101,21,0.8571428571428571
B,3,250,0,5300386,1,0,206,42,0.6666666666666666
B,3,250,0,5300387,0,0,185,37,0.7837837837837838
B,3,250,0,5300408,0,0,179,36,0.7222222222222222
B,3,250,0,5300409,1,0,123,25,0.96
B,3,250,0,5300410,1,0,109,22,0.9545454545454546
B,3,250,0,5300411,1,0,89,18,0.9444444444444444
B,3,250,0,5300380,1,0,182,37,0.8918918918918919
B,3,250,0,5300381,0,1,600,120,0.8833333333333333
B,3,250,0,5300382,1,0,79,16,0.8125
B,3,250,0,5300383,0,0,294,59,0.7966101694915254
B,3,250,0,5300396,1,0,135,27,0.9259259259259259
B,3,250,0,5300397,1,0,80,16,0.9375
B,3,250,0,5300398,0,0,211,43,0.7674418604651163
B,3,250,0,5300399,0,1,600,120,0.95
B,3,250,0,5300412,1,0,194,39,0.8461538461538461
B,3,250,0,5300413,0,1,600,120,0.575
B,3,250,0,5300414,1,0,128,26,0.9230769230769231
B,3,250,0,5300415,1,0,111,23,0.9130434782608695
B,3,250,0,5300392,1,0,259,52,0.7692307692307693
B,3,250,0,5300393,0,1,600,120,0.65
B,3,250,0,5300394,0,0,267,54,0.9444444444444444
B,3,250,0,5300395,1,0,259,52,0.8846153846153846
B,3,250,0,5300432,1,0,108,22,0.9090909090909091
B,3,250,0,5300433,1,0,87,18,0.9444444444444444
B,3,250,0,5300434,0,0,193,39,0.8205128205128205
B,3,250,0,5300435,0,0,198,40,0.9
B,3,250,0,5300416,0,1,600,120,0.5583333333333333
B,3,250,0,5300417,1,0,82,17,0.8235294117647058
B,3,250,0,5300418,1,0,96,20,0.85
B,3,250,0,5300419,1,0,73,15,0.9333333333333333
B,3,250,0,5300428,1,0,156,32,0.9375
B,3,250,0,5300429,1,0,265,53,0.6792452830188679
B,3,250,0,5300430,1,0,138,28,0.8571428571428571
B,3,250,0,5300431,1,0,126,26,0.8461538461538461
B,3,250,0,5300440,1,0,98,20,1.0
B,3,250,0,5300441,0,0,164,33,0.9393939393939394
B,3,250,0,5300442,1,0,90,18,0.8888888888888888
B,3,250,0,5300443,1,0,80,16,0.9375
B,3,250,0,5300420,1,0,97,20,0.85
B,3,250,0,5300421,1,0,122,25,0.92
B,3,250,0,5300422,1,0,136,28,0.8571428571428571
B,3,250,0,5300423,0,1,600,120,0.8083333333333333
B,3,250,0,5300404,0,0,246,50,0.8
B,3,250,0,5300405,0,1,600,120,0.6416666666666667
B,3,250,0,5300406,0,0,464,93,0.6774193548387096
B,3,250,0,5300407,1,0,152,31,0.9354838709677419
B,3,250,0,5300436,1,0,112,23,0.9130434782608695
B,3,250,0,5300437,1,0,74,15,0.8666666666666667
B,3,250,0,5300438,1,0,195,39,0.8461538461538461
B,3,250,0,5300439,1,0,103,21,0.7619047619047619
B,3,250,0,5300424,0,0,170,34,0.6470588235294118
B,3,250,0,5300425,0,0,376,76,0.5921052631578947
B,3,250,0,5300426,1,0,142,29,0.8620689655172413
B,3,250,0,5300427,1,0,225,45,0.8888888888888888
B,3,250,0,5300452,0,0,121,25,0.88
B,3,250,0,5300453,1,0,108,22,0.9545454545454546
B,3,250,0,5300454,0,0,197,40,0.975
B,3,250,0,5300455,1,0,79,16,0.875
B,3,250,0,5300448,1,0,144,29,0.8275862068965517
B,3,250,0,5300449,1,0,136,28,0.8928571428571429
B,3,250,0,5300450,1,0,209,42,0.6904761904761905
B,3,250,0,5300451,1,0,138,28,0.7857142857142857
B,3,250,0,5300456,1,0,150,30,0.9
B,3,250,0,5300457,1,0,75,15,0.8666666666666667
B,3,250,0,5300458,0,1,600,120,0.7
B,3,250,0,5300459,0,0,122,25,0.76
B,3,250,0,5300444,0,1,600,120,0.9833333333333333
B,3,250,0,5300445,1,0,111,23,0.9130434782608695
B,3,250,0,5300446,1,0,81,17,1.0
B,3,250,0,5300447,1,0,181,37,0.9459459459459459
B,3,250,0,5300472,1,0,157,32,0.96875
B,3,250,0,5300473,1,0,83,17,0.9411764705882353
B,3,250,0,5300474,1,0,198,40,0.85
B,3,250,0,5300475,1,0,202,41,0.7073170731707317
B,3,250,0,5300460,0,0,397,80,0.975
B,3,250,0,5300461,1,0,130,26,0.8076923076923077
B,3,250,0,5300462,0,0,129,26,0.8076923076923077
B,3,250,0,5300463,0,0,270,54,0.8148148148148148
B,3,250,0,5300484,1,0,125,25,0.88
B,3,250,0,5300485,1,0,146,30,0.8666666666666667
B,3,250,0,5300486,1,0,128,26,0.9615384615384616
B,3,250,0,5300487,1,0,93,19,0.8421052631578947
B,3,250,0,5300468,0,1,600,120,0.9583333333333334
B,3,250,0,5300469,1,0,122,25,0.76
B,3,250,0,5300470,0,0,351,71,0.4647887323943662
B,3,250,0,5300471,0,0,147,30,0.8666666666666667
B,3,250,0,5300476,0,0,195,39,0.9230769230769231
B,3,250,0,5300477,0,0,258,52,0.8461538461538461
B,3,250,0,5300478,1,0,91,19,0.8947368421052632
B,3,250,0,5300479,1,0,146,30,0.9
B,3,250,0,5300488,0,0,124,25,0.84
B,3,250,0,5300489,1,0,330,66,0.696969696969697
B,3,250,0,5300490,1,0,267,54,0.6851851851851852
B,3,250,0,5300491,1,0,142,29,0.9310344827586207
B,3,250,0,5300464,0,1,600,120,0.95
B,3,250,0,5300465,1,0,112,23,0.9565217391304348
B,3,250,0,5300466,1,0,219,44,0.6818181818181818
B,3,250,0,5300467,0,1,600,120,0.9833333333333333
B,3,250,0,5300480,1,0,92,19,0.8947368421052632
B,3,250,0,5300481,1,0,192,39,0.6666666666666666
B,3,250,0,5300482,1,0,365,73,0.9041095890410958
B,3,250,0,5300483,0,1,600,120,0.6
B,3,250,0,5300492,1,0,134,27,0.7407407407407407
B,3,250,0,5300493,1,0,157,32,1.0
B,3,250,0,5300494,0,1,600,120,0.65
B,3,250,0,5300495,1,0,227,46,0.717391304347826
B,3,250,0,5300496,0,1,600,120,0.8583333333333333
B,3,250,0,5300497,1,0,247,50,0.74
B,3,250,0,5300498,0,0,123,25,0.88
B,3,250,0,5300499,1,0,97,20,0.75
B,3,250,1,5350020,1,0,108,0,0.8636363636363636
B,3,250,1,5350021,1,0,111,0,0.8695652173913043
B,3,250,1,5350022,1,0,83,0,0.7647058823529411
B,3,250,1,5350023,1,0,341,0,0.8405797101449275
B,3,250,1,5350028,1,0,237,0,0.875
B,3,250,1,5350029,1,0,127,0,0.9615384615384616
B,3,250,1,5350030,1,0,213,0,0.8837209302325582
B,3,250,1,5350031,1,0,234,0,0.851063829787234
B,3,250,1,5350008,1,0,135,0,0.8888888888888888
B,3,250,1,5350009,1,0,97,0,0.8
B,3,250,1,5350010,1,0,168,0,0.8823529411764706
B,3,250,1,5350011,1,0,323,0,0.8769230769230769
B,3,250,1,5350024,1,0,134,0,0.9629629629629629
B,3,250,1,5350025,1,0,246,0,0.86
B,3,250,1,5350026,1,0,157,0,0.8125
B,3,250,1,5350027,1,0,217,0,0.8636363636363636
B,3,250,1,5350000,1,0,444,0,0.7191011235955056
B,3,250,1,5350001,1,0,64,0,1.0
B,3,250,1,5350002,1,0,178,0,0.9166666666666666
B,3,250,1,5350003,1,0,166,0,0.9411764705882353
B,3,250,1,5350016,1,0,146,0,1.0
B,3,250,1,5350017,1,0,567,0,0.7807017543859649
B,3,250,1,5350018,1,0,185,0,0.8108108108108109
B,3,250,1,5350019,1,0,137,0,1.0
B,3,250,1,5350004,1,0,141,0,0.8620689655172413
B,3,250,1,5350005,1,0,268,0,0.8703703703703703
B,3,250,1,5350006,1,0,284,0,0.8771929824561403
B,3,250,1,5350007,0,1,600,0,0.8083333333333333
B,3,250,1,5350012,0,1,600,0,0.9416666666666667
B,3,250,1,5350013,1,0,175,0,0.8571428571428571
B,3,250,1,5350014,1,0,134,0,0.9259259259259259
B,3,250,1,5350015,1,0,158,0,0.96875
B,3,250,1,5350032,1,0,167,0,0.8823529411764706
B,3,250,1,5350033,0,0,226,0,0.9347826086956522
B,3,250,1,5350034,1,0,244,0,0.8979591836734694
B,3,250,1,5350035,1,0,146,0,0.9333333333333333
B,3,250,1,5350052,1,0,82,0,0.8823529411764706
B,3,250,1,5350053,1,0,67,0,0.9285714285714286
B,3,250,1,5350054,1,0,132,0,0.8518518518518519
B,3,250,1,5350055,1,0,90,0,0.8888888888888888
B,3,250,1,5350036,1,0,177,0,0.8333333333333334
B,3,250,1,5350037,1,0,232,0,0.8723404255319149
B,3,250,1,5350038,1,0,378,0,0.7631578947368421
B,3,250,1,5350039,0,0,153,0,0.8387096774193549
B,3,250,1,5350040,1,0,158,0,0.78125
B,3,250,1,5350041,1,0,243,0,0.7755102040816326
B,3,250,1,5350042,1,0,117,0,0.875
B,3,250,1,5350043,1,0,274,0,0.9090909090909091
B,3,250,1,5350056,1,0,171,0,0.8857142857142857
B,3,250,1,5350057,1,0,127,0,0.9230769230769231
B,3,250,1,5350058,1,0,160,0,0.90625
B,3,250,1,5350059,1,0,184,0,0.9459459459459459
B,3,250,1,5350048,1,0,235,0,0.851063829787234
B,3,250,1,5350049,1,0,110,0,0.9545454545454546
B,3,250,1,5350050,1,0,179,0,0.7777777777777778
B,3,250,1,5350051,1,0,113,0,0.782608695652174
B,3,250,1,5350068,1,0,88,0,0.7777777777777778
B,3,250,1,5350069,1,0,125,0,0.96
B,3,250,1,5350070,1,0,192,0,0.9230769230769231
B,3,250,1,5350071,1,0,137,0,0.9285714285714286
B,3,250,1,5350060,1,0,292,0,0.8135593220338984
B,3,250,1,5350061,1,0,170,0,0.8529411764705882
B,3,250,1,5350062,1,0,152,0,0.8064516129032258
B,3,250,1,5350063,1,0,94,0,0.9473684210526315
B,3,250,1,5350064,1,0,93,0,0.8421052631578947
B,3,250,1,5350065,1,0,111,0,0.9130434782608695
B,3,250,1,5350066,1,0,419,0,0.75
B,3,250,1,5350067,1,0,101,0,0.8571428571428571
B,3,250,1,5350044,1,0,493,0,0.7575757575757576
B,3,250,1,5350045,0,0,258,0,0.9038461538461539
B,3,250,1,5350046,1,0,153,0,0.8709677419354839
B,3,250,1,5350047,1,0,263,0,0.8113207547169812
B,3,250,1,5350072,1,0,136,0,0.9642857142857143
B,3,250,1,5350073,1,0,176,0,0.8333333333333334
B,3,250,1,5350074,1,0,153,0,0.8709677419354839
B,3,250,1,5350075,0,0,299,0,0.8333333333333334
B,3,250,1,5350080,1,0,131,0,0.8148148148148148
B,3,250,1,5350081,1,0,196,0,0.825
B,3,250,1,5350082,1,0,177,0,0.9166666666666666
B,3,250,1,5350083,1,0,134,0,0.8888888888888888
B,3,250,1,5350096,1,0,79,0,0.875
B,3,250,1,5350097,1,0,115,0,0.9130434782608695
B,3,250,1,5350098,1,0,270,0,0.8518518518518519
B,3,250,1,5350099,1,0,151,0,0.9032258064516129
B,3,250,1,5350076,1,0,111,0,0.9130434782608695
B,3,250,1,5350077,1,0,295,0,0.8983050847457628
B,3,250,1,5350078,1,0,123,0,0.92
B,3,250,1,5350079,1,0,193,0,0.8461538461538461
B,3,250,1,5350088,1,0,259,0,0.8269230769230769
B,3,250,1,5350089,1,0,142,0,0.8275862068965517
B,3,250,1,5350090,1,0,152,0,0.8709677419354839
B,3,250,1,5350091,1,0,167,0,0.8235294117647058
B,3,250,1,5350092,1,0,200,0,0.8
B,3,250,1,5350093,1,0,171,0,0.8285714285714286
B,3,250,1,5350094,1,0,91,0,0.9473684210526315
B,3,250,1,5350095,1,0,208,0,0.7619047619047619
B,3,250,1,5350108,1,0,196,0,0.825
B,3,250,1,5350109,1,0,132,0,0.8148148148148148
B,3,250,1,5350110,1,0,193,0,0.8717948717948718
B,3,250,1,5350111,0,0,115,0,0.5652173913043478
B,3,250,1,5350084,1,0,192,0,0.7692307692307693
B,3,250,1,5350085,0,1,600,0,0.7833333333333333
B,3,250,1,5350086,1,0,111,0,0.782608695652174
B,3,250,1,5350087,1,0,245,0,0.9387755102040817
B,3,250,1,5350112,1,0,203,0,0.7073170731707317
B,3,250,1,5350113,1,0,324,0,0.8
B,3,250,1,5350114,1,0,202,0,0.8780487804878049
B,3,250,1,5350115,1,0,288,0,0.7586206896551724
B,3,250,1,5350104,1,0,166,0,0.9117647058823529
B,3,250,1,5350105,0,1,600,0,0.7916666666666666
B,3,250,1,5350106,1,0,120,0,0.7916666666666666
B,3,250,1,5350107,1,0,101,0,0.7142857142857143
B,3,250,1,5350120,1,0,186,0,0.868421052631579
B,3,250,1,5350121,1,0,234,0,0.8297872340425532
B,3,250,1,5350122,1,0,183,0,0.8648648648648649
B,3,250,1,5350123,1,0,106,0,0.9545454545454546
B,3,250,1,5350124,1,0,206,0,0.8095238095238095
B,3,250,1,5350125,1,0,254,0,0.8235294117647058
B,3,250,1,5350126,1,0,277,0,0.8571428571428571
B,3,250,1,5350127,1,0,195,0,0.8205128205128205
B,3,250,1,5350100,1,0,106,0,0.8636363636363636
B,3,250,1,5350101,0,0,351,0,0.8169014084507042
B,3,250,1,5350102,0,1,600,0,0.8916666666666667
B,3,250,1,5350103,0,1,600,0,0.925
B,3,250,1,5350132,1,0,118,0,0.9166666666666666
B,3,250,1,5350133,0,0,161,0,0.8484848484848485
B,3,250,1,5350134,1,0,143,0,0.9655172413793104
B,3,250,1,5350135,1,0,175,0,0.8571428571428571
B,3,250,1,5350116,1,0,153,0,0.8709677419354839
B,3,250,1,5350117,1,0,97,0,0.95
B,3,250,1,5350118,0,1,600,0,0.8833333333333333
B,3,250,1,5350119,1,0,211,0,0.7441860465116279
B,3,250,1,5350140,1,0,178,0,0.8611111111111112
B,3,250,1,5350141,1,0,113,0,0.8260869565217391
B,3,250,1,5350142,1,0,124,0,0.92
B,3,250,1,5350143,1,0,206,0,0.9047619047619048
B,3,250,1,5350128,0,0,156,0,0.8125
B,3,250,1,5350129,1,0,227,0,0.9347826086956522
B,3,250,1,5350130,0,0,339,0,0.7794117647058824
B,3,250,1,5350131,1,0,287,0,0.8275862068965517
B,3,250,1,5350136,1,0,384,0,0.8051948051948052
B,3,250,1,5350137,1,0,191,0,0.8461538461538461
B,3,250,1,5350138,1,0,337,0,0.8235294117647058
B,3,250,1,5350139,1,0,182,0,0.8648648648648649
B,3,250,1,5350144,1,0,266,0,0.8518518518518519
B,3,250,1,5350145,1,0,373,0,0.88
B,3,250,1,5350146,1,0,226,0,0.8695652173913043
B,3,250,1,5350147,1,0,212,0,0.8372093023255814
B,3,250,1,5350152,1,0,185,0,0.8378378378378378
B,3,250,1,5350153,1,0,206,0,0.8809523809523809
B,3,250,1,5350154,1,0,118,0,0.9166666666666666
B,3,250,1,5350155,1,0,134,0,0.7777777777777778
B,3,250,1,5350160,1,0,54,0,0.7272727272727273
B,3,250,1,5350161,1,0,101,0,0.9523809523809523
B,3,250,1,5350162,1,0,434,0,0.8275862068965517
B,3,250,1,5350163,1,0,105,0,0.9523809523809523
B,3,250,1,5350156,1,0,124,0,0.88
B,3,250,1,5350157,1,0,246,0,0.82
B,3,250,1,5350158,1,0,304,0,0.7049180327868853
B,3,250,1,5350159,0,0,272,0,0.9090909090909091
B,3,250,1,5350180,1,0,92,0,0.7368421052631579
B,3,250,1,5350181,1,0,153,0,0.9354838709677419
B,3,250,1,5350182,1,0,125,0,0.84
B,3,250,1,5350183,1,0,101,0,0.9047619047619048
B,3,250,1,5350176,1,0,167,0,0.9411764705882353
B,3,250,1,5350177,1,0,104,0,0.9523809523809523
B,3,250,1,5350178,1,0,119,0,0.7916666666666666
B,3,250,1,5350179,0,0,233,0,0.8723404255319149
B,3,250,1,5350168,1,0,137,0,0.9642857142857143
B,3,250,1,5350169,1,0,202,0,0.926829268292683
B,3,250,1,5350170,1,0,399,0,0.85
B,3,250,1,5350171,1,0,159,0,0.84375
B,3,250,1,5350164,1,0,163,0,0.8484848484848485
B,3,250,1,5350165,1,0,207,0,0.9047619047619048
B,3,250,1,5350166,0,0,101,0,0.8095238095238095
B,3,250,1,5350167,1,0,248,0,0.9
B,3,250,1,5350148,1,0,237,0,0.75
B,3,250,1,5350149,1,0,280,0,0.9285714285714286
B,3,250,1,5350150,1,0,196,0,0.85
B,3,250,1,5350151,1,0,482,0,0.8041237113402062
B,3,250,1,5350188,1,0,157,0,0.78125
B,3,250,1,5350189,1,0,158,0,0.9375
B,3,250,1,5350190,1,0,111,0,0.782608695652174
B,3,250,1,5350191,1,0,73,0,0.8666666666666667
B,3,250,1,5350172,1,0,218,0,0.9545454545454546
B,3,250,1,5350173,1,0,299,0,0.85
B,3,250,1,5350174,1,0,234,0,0.8297872340425532
B,3,250,1,5350175,1,0,153,0,0.9032258064516129
B,3,250,1,5350196,1,0,212,0,0.8604651162790697
B,3,250,1,5350197,0,0,101,0,0.9047619047619048
B,3,250,1,5350198,1,0,251,0,0.9215686274509803
B,3,250,1,5350199,1,0,110,0,0.8636363636363636
B,3,250,1,5350184,1,0,388,0,0.8717948717948718
B,3,250,1,5350185,1,0,290,0,0.7931034482758621
B,3,250,1,5350186,1,0,440,0,0.7840909090909091
B,3,250,1,5350187,0,0,101,0,0.8571428571428571
B,3,250,1,5350204,1,0,336,0,0.8823529411764706
B,3,250,1,5350205,1,0,353,0,0.8450704225352113
B,3,250,1,5350206,1,0,145,0,0.8620689655172413
B,3,250,1,5350207,1,0,309,0,0.8225806451612904
B,3,250,1,5350192,1,0,268,0,0.9259259259259259
B,3,250,1,5350193,1,0,147,0,0.8
B,3,250,1,5350194,1,0,180,0,0.9722222222222222
B,3,250,1,5350195,1,0,350,0,0.7571428571428571
B,3,250,1,5350200,0,0,301,0,0.7377049180327869
B,3,250,1,5350201,1,0,206,0,0.8571428571428571
B,3,250,1,5350202,1,0,312,0,0.8571428571428571
B,3,250,1,5350203,1,0,177,0,0.7222222222222222
B,3,250,1,5350216,1,0,174,0,0.8
B,3,250,1,5350217,1,0,236,0,0.875
B,3,250,1,5350218,1,0,115,0,0.9130434782608695
B,3,250,1,5350219,1,0,134,0,0.9259259259259259
B,3,250,1,5350208,1,0,129,0,0.8461538461538461
B,3,250,1,5350209,1,0,151,0,0.8387096774193549
B,3,250,1,5350210,0,1,600,0,0.8666666666666667
B,3,250,1,5350211,1,0,228,0,0.8695652173913043
B,3,250,1,5350220,1,0,334,0,0.8059701492537313
B,3,250,1,5350221,1,0,297,0,0.8166666666666667
B,3,250,1,5350222,1,0,132,0,0.9259259259259259
B,3,250,1,5350223,0,0,160,0,0.78125
B,3,250,1,5350228,1,0,205,0,0.8780487804878049
B,3,250,1,5350229,1,0,123,0,0.92
B,3,250,1,5350230,1,0,200,0,0.9
B,3,250,1,5350231,0,0,127,0,0.7307692307692307
B,3,250,1,5350224,1,0,108,0,0.8636363636363636
B,3,250,1,5350225,1,0,248,0,0.9
B,3,250,1,5350226,1,0,147,0,0.8
B,3,250,1,5350227,1,0,238,0,0.9375
B,3,250,1,5350212,1,0,116,0,0.9166666666666666
B,3,250,1,5350213,1,0,145,0,0.9310344827586207
B,3,250,1,5350214,0,1,600,0,0.9
B,3,250,1,5350215,1,0,181,0,0.8108108108108109
B,3,250,1,5350240,1,0,224,0,0.9111111111111111
B,3,250,1,5350241,1,0,105,0,0.9047619047619048
B,3,250,1,5350242,1,0,278,0,0.8392857142857143
B,3,250,1,5350243,1,0,179,0,0.8888888888888888
B,3,250,1,5350232,1,0,334,0,0.8059701492537313
B,3,250,1,5350233,1,0,176,0,0.8611111111111112
B,3,250,1,5350234,1,0,126,0,0.8461538461538461
B,3,250,1,5350235,1,0,149,0,0.9333333333333333
B,3,250,1,5350236,1,0,178,0,0.8333333333333334
B,3,250,1,5350237,1,0,113,0,0.8695652173913043
B,3,250,1,5350238,1,0,232,0,0.8723404255319149
B,3,250,1,5350239,1,0,283,0,0.9122807017543859
B,3,250,1,5350244,1,0,230,0,0.8260869565217391
B,3,250,1,5350245,1,0,201,0,0.7804878048780488
B,3,250,1,5350246,1,0,380,0,0.868421052631579
B,3,250,1,5350247,0,1,600,0,0.925
B,3,250,1,5350256,1,0,194,0,0.8205128205128205
B,3,250,1,5350257,1,0,254,0,0.8235294117647058
B,3,250,1,5350258,0,0,139,0,0.8571428571428571
B,3,250,1,5350259,0,0,140,0,0.8928571428571429
B,3,250,1,5350248,0,1,600,0,0.9416666666666667
B,3,250,1,5350249,1,0,200,0,0.9
B,3,250,1,5350250,1,0,248,0,0.84
B,3,250,1,5350251,1,0,114,0,0.8260869565217391
B,3,250,1,5350260,1,0,229,0,0.8043478260869565
B,3,250,1,5350261,1,0,311,0,0.9206349206349206
B,3,250,1,5350262,1,0,146,0,0.8
B,3,250,1,5350263,1,0,89,0,0.8888888888888888
B,3,250,1,5350272,1,0,163,0,0.7575757575757576
B,3,250,1,5350273,1,0,343,0,0.8405797101449275
B,3,250,1,5350274,0,0,92,0,0.9473684210526315
B,3,250,1,5350275,1,0,157,0,0.8125
B,3,250,1,5350268,0,1,600,0,0.8333333333333334
B,3,250,1,5350269,1,0,146,0,0.8
B,3,250,1,5350270,1,0,78,0,0.9375
B,3,250,1,5350271,1,0,164,0,0.9393939393939394
B,3,250,1,5350252,1,0,152,0,0.8709677419354839
B,3,250,1,5350253,0,1,600,0,0.9
B,3,250,1,5350254,1,0,143,0,0.896551724137931
B,3,250,1,5350255,1,0,523,0,0.780952380952381
B,3,250,1,5350264,1,0,226,0,0.9130434782608695
B,3,250,1,5350265,0,0,369,0,0.9864864864864865
B,3,250,1,5350266,1,0,268,0,0.8888888888888888
B,3,250,1,5350267,1,0,221,0,0.9555555555555556
B,3,250,1,5350276,1,0,149,0,0.9
B,3,250,1,5350277,1,0,150,0,0.9
B,3,250,1,5350278,1,0,258,0,0.8653846153846154
B,3,250,1,5350279,0,0,157,0,0.84375
B,3,250,1,5350284,1,0,220,0,0.8181818181818182
B,3,250,1,5350285,1,0,64,0,1.0
B,3,250,1,5350286,1,0,289,0,0.8793103448275862
B,3,250,1,5350287,1,0,150,0,0.7
B,3,250,1,5350280,1,0,283,0,0.8245614035087719
B,3,250,1,5350281,1,0,165,0,0.7878787878787878
B,3,250,1,5350282,1,0,131,0,0.7777777777777778
B,3,250,1,5350283,1,0,227,0,0.7391304347826086
B,3,250,1,5350288,1,0,210,0,0.9285714285714286
B,3,250,1,5350289,1,0,163,0,0.9696969696969697
B,3,250,1,5350290,1,0,99,0,0.75
B,3,250,1,5350291,0,0,252,0,0.9215686274509803
B,3,250,1,5350292,1,0,112,0,0.8260869565217391
B,3,250,1,5350293,1,0,167,0,0.8823529411764706
B,3,250,1,5350294,1,0,113,0,0.9565217391304348
B,3,250,1,5350295,1,0,162,0,0.8484848484848485
B,3,250,1,5350304,1,0,118,0,0.9166666666666666
B,3,250,1,5350305,0,0,363,0,0.7397260273972602
B,3,250,1,5350306,1,0,171,0,0.8
B,3,250,1,5350307,1,0,137,0,0.8571428571428571
B,3,250,1,5350320,1,0,142,0,0.7931034482758621
B,3,250,1,5350321,1,0,247,0,0.96
B,3,250,1,5350322,1,0,166,0,0.7647058823529411
B,3,250,1,5350323,1,0,128,0,0.9230769230769231
B,3,250,1,5350308,1,0,346,0,0.6857142857142857
B,3,250,1,5350309,1,0,121,0,0.92
B,3,250,1,5350310,1,0,286,0,0.8275862068965517
B,3,250,1,5350311,1,0,153,0,0.7741935483870968
B,3,250,1,5350324,1,0,136,0,0.8214285714285714
B,3,250,1,5350325,1,0,204,0,0.7804878048780488
B,3,250,1,5350326,1,0,151,0,0.8709677419354839
B,3,250,1,5350327,1,0,99,0,0.85
B,3,250,1,5350312,1,0,186,0,0.8947368421052632
B,3,250,1,5350313,1,0,314,0,0.8571428571428571
B,3,250,1,5350314,1,0,114,0,0.7391304347826086
B,3,250,1,5350315,1,0,164,0,0.7575757575757576
B,3,250,1,5350316,1,0,264,0,0.8113207547169812
B,3,250,1,5350317,1,0,256,0,0.6923076923076923
B,3,250,1,5350318,1,0,215,0,0.9069767441860465
B,3,250,1,5350319,0,0,136,0,0.7857142857142857
B,3,250,1,5350296,1,0,265,0,0.7924528301886793
B,3,250,1,5350297,0,1,600,0,0.8333333333333334
B,3,250,1,5350298,1,0,223,0,0.7777777777777778
B,3,250,1,5350299,1,0,319,0,0.84375
B,3,250,1,5350300,1,0,420,0,0.8690476190476191
B,3,250,1,5350301,1,0,236,0,0.7708333333333334
B,3,250,1,5350302,1,0,244,0,0.8775510204081632
B,3,250,1,5350303,1,0,204,0,0.8536585365853658
B,3,250,1,5350328,1,0,183,0,0.972972972972973
B,3,250,1,5350329,1,0,100,0,0.95
B,3,250,1,5350330,1,0,117,0,0.875
B,3,250,1,5350331,1,0,131,0,1.0
B,3,250,1,5350348,1,0,134,0,0.8518518518518519
B,3,250,1,5350349,1,0,203,0,0.8048780487804879
B,3,250,1,5350350,1,0,154,0,0.8387096774193549
B,3,250,1,5350351,1,0,120,0,0.875
B,3,250,1,5350332,1,0,132,0,0.8518518518518519
B,3,250,1,5350333,1,0,424,0,0.8352941176470589
B,3,250,1,5350334,1,0,127,0,0.7307692307692307
B,3,250,1,5350335,1,0,119,0,0.9166666666666666
B,3,250,1,5350336,1,0,220,0,0.7954545454545454
B,3,250,1,5350337,1,0,272,0,0.8909090909090909
B,3,250,1,5350338,1,0,97,0,0.95
B,3,250,1,5350339,1,0,260,0,0.8269230769230769
B,3,250,1,5350340,0,0,498,0,0.83
B,3,250,1,5350341,1,0,235,0,0.9574468085106383
B,3,250,1,5350342,1,0,89,0,0.8888888888888888
B,3,250,1,5350343,0,0,161,0,0.7878787878787878
B,3,250,1,5350344,1,0,443,0,0.7528089887640449
B,3,250,1,5350345,1,0,153,0,0.8709677419354839
B,3,250,1,5350346,1,0,126,0,0.7692307692307693
B,3,250,1,5350347,1,0,196,0,0.85
B,3,250,1,5350364,0,0,62,0,0.7692307692307693
B,3,250,1,5350365,1,0,113,0,0.782608695652174
B,3,250,1,5350366,1,0,134,0,0.8888888888888888
B,3,250,1,5350367,1,0,103,0,0.9523809523809523
B,3,250,1,5350352,1,0,169,0,0.8823529411764706
B,3,250,1,5350353,1,0,316,0,0.703125
B,3,250,1,5350354,1,0,152,0,0.8709677419354839
B,3,250,1,5350355,1,0,168,0,0.9411764705882353
B,3,250,1,5350368,1,0,231,0,0.9148936170212766
B,3,250,1,5350369,1,0,158,0,0.875
B,3,250,1,5350370,1,0,126,0,0.8846153846153846
B,3,250,1,5350371,1,0,122,0,0.92
B,3,250,1,5350372,1,0,156,0,0.875
B,3,250,1,5350373,1,0,94,0,0.7894736842105263
B,3,250,1,5350374,1,0,120,0,0.9166666666666666
B,3,250,1,5350375,1,0,237,0,0.8958333333333334
B,3,250,1,5350356,1,0,120,0,0.9166666666666666
B,3,250,1,5350357,1,0,180,0,0.75
B,3,250,1,5350358,1,0,229,0,0.8695652173913043
B,3,250,1,5350359,1,0,267,0,0.7962962962962963
B,3,250,1,5350376,1,0,123,0,0.84
B,3,250,1,5350377,1,0,159,0,0.8125
B,3,250,1,5350378,0,1,600,0,0.7666666666666667
B,3,250,1,5350379,1,0,250,0,0.86
B,3,250,1,5350388,1,0,119,0,0.8333333333333334
B,3,250,1,5350389,1,0,151,0,0.8387096774193549
B,3,250,1,5350390,0,0,76,0,0.8125
B,3,250,1,5350391,1,0,232,0,0.8297872340425532
B,3,250,1,5350360,1,0,288,0,0.9310344827586207
B,3,250,1,5350361,1,0,339,0,0.8676470588235294
B,3,250,1,5350362,1,0,356,0,0.8611111111111112
B,3,250,1,5350363,1,0,309,0,0.7741935483870968
B,3,250,1,5350384,1,0,215,0,0.8604651162790697
B,3,250,1,5350385,1,0,141,0,0.9310344827586207
B,3,250,1,5350386,1,0,197,0,0.95
B,3,250,1,5350387,1,0,327,0,0.8333333333333334
B,3,250,1,5350400,1,0,167,0,0.8529411764705882
B,3,250,1,5350401,1,0,77,0,1.0
B,3,250,1,5350402,1,0,208,0,0.9523809523809523
B,3,250,1,5350403,1,0,183,0,1.0
B,3,250,1,5350380,0,0,201,0,0.7804878048780488
B,3,250,1,5350381,1,0,386,0,0.8846153846153846
B,3,250,1,5350382,1,0,105,0,0.9047619047619048
B,3,250,1,5350383,1,0,193,0,1.0
B,3,250,1,5350392,1,0,290,0,0.6896551724137931
B,3,250,1,5350393,1,0,182,0,0.918918918918919
B,3,250,1,5350394,1,0,236,0,0.7291666666666666
B,3,250,1,5350395,1,0,82,0,0.8823529411764706
B,3,250,1,5350396,1,0,233,0,0.6808510638297872
B,3,250,1,5350397,1,0,102,0,0.9523809523809523
B,3,250,1,5350398,1,0,209,0,0.8809523809523809
B,3,250,1,5350399,0,0,447,0,0.7333333333333333
B,3,250,1,5350412,1,0,111,0,0.782608695652174
B,3,250,1,5350413,1,0,196,0,0.9
B,3,250,1,5350414,1,0,104,0,0.7142857142857143
B,3,250,1,5350415,1,0,263,0,0.9433962264150944
B,3,250,1,5350404,1,0,386,0,0.8717948717948718
B,3,250,1,5350405,1,0,156,0,0.875
B,3,250,1,5350406,1,0,117,0,0.75
B,3,250,1,5350407,1,0,125,0,0.8
B,3,250,1,5350416,1,0,208,0,0.8571428571428571
B,3,250,1,5350417,1,0,152,0,0.8387096774193549
B,3,250,1,5350418,0,0,286,0,0.7586206896551724
B,3,250,1,5350419,1,0,140,0,0.8214285714285714
B,3,250,1,5350408,1,0,183,0,0.972972972972973
B,3,250,1,5350409,1,0,310,0,0.8548387096774194
B,3,250,1,5350410,1,0,166,0,0.7941176470588235
B,3,250,1,5350411,1,0,100,0,0.9
B,3,250,1,5350432,1,0,126,0,0.8076923076923077
B,3,250,1,5350433,1,0,114,0,0.8695652173913043
B,3,250,1,5350434,1,0,111,0,0.8260869565217391
B,3,250,1,5350435,1,0,98,0,0.9
B,3,250,1,5350428,0,0,188,0,0.7631578947368421
B,3,250,1,5350429,1,0,118,0,0.8333333333333334
B,3,250,1,5350430,1,0,117,0,0.9166666666666666
B,3,250,1,5350431,1,0,204,0,0.8048780487804879
B,3,250,1,5350420,1,0,153,0,0.8709677419354839
B,3,250,1,5350421,1,0,278,0,0.8928571428571429
B,3,250,1,5350422,1,0,296,0,0.8
B,3,250,1,5350423,1,0,301,0,0.8852459016393442
B,3,250,1,5350424,1,0,208,0,0.7142857142857143
B,3,250,1,5350425,0,0,246,0,0.8
B,3,250,1,5350426,1,0,540,0,0.8518518518518519
B,3,250,1,5350427,1,0,105,0,0.8095238095238095
B,3,250,1,5350440,0,0,262,0,0.9622641509433962
B,3,250,1,5350441,1,0,166,0,0.7647058823529411
B,3,250,1,5350442,0,0,268,0,0.9629629629629629
B,3,250,1,5350443,0,0,158,0,0.90625
B,3,250,1,5350452,1,0,127,0,1.0
B,3,250,1,5350453,1,0,182,0,0.918918918918919
B,3,250,1,5350454,1,0,192,0,0.8461538461538461
B,3,250,1,5350455,1,0,133,0,0.8148148148148148
B,3,250,1,5350444,1,0,163,0,0.7272727272727273
B,3,250,1,5350445,1,0,225,0,0.8888888888888888
B,3,250,1,5350446,1,0,129,0,0.8461538461538461
B,3,250,1,5350447,1,0,254,0,0.9019607843137255
B,3,250,1,5350436,1,0,132,0,0.8888888888888888
B,3,250,1,5350437,1,0,316,0,0.8125
B,3,250,1,5350438,1,0,144,0,0.9310344827586207
B,3,250,1,5350439,1,0,194,0,0.8974358974358975
B,3,250,1,5350448,1,0,373,0,0.8533333333333334
B,3,250,1,5350449,1,0,69,0,0.7857142857142857
B,3,250,1,5350450,1,0,267,0,0.7592592592592593
B,3,250,1,5350451,1,0,157,0,0.875
B,3,250,1,5350456,1,0,202,0,0.7317073170731707
B,3,250,1,5350457,1,0,137,0,0.7857142857142857
B,3,250,1,5350458,0,0,510,0,0.7647058823529411
B,3,250,1,5350459,1,0,123,0,0.92
B,3,250,1,5350460,0,0,219,0,0.8181818181818182
B,3,250,1,5350461,1,0,181,0,0.8648648648648649
B,3,250,1,5350462,1,0,160,0,0.8125
B,3,250,1,5350463,1,0,106,0,0.7272727272727273
B,3,250,1,5350472,1,0,91,0,0.7368421052631579
B,3,250,1,5350473,1,0,145,0,0.7931034482758621
B,3,250,1,5350474,1,0,381,0,0.7792207792207793
B,3,250,1,5350475,1,0,234,0,0.9574468085106383
B,3,250,1,5350480,1,0,83,0,0.8823529411764706
B,3,250,1,5350481,1,0,194,0,0.8461538461538461
B,3,250,1,5350482,1,0,213,0,0.8372093023255814
B,3,250,1,5350483,1,0,251,0,0.8235294117647058
B,3,250,1,5350484,1,0,202,0,0.9024390243902439
B,3,250,1,5350485,1,0,290,0,0.8620689655172413
B,3,250,1,5350486,0,0,207,0,0.8809523809523809
B,3,250,1,5350487,1,0,206,0,0.7619047619047619
B,3,250,1,5350476,1,0,208,0,0.9285714285714286
B,3,250,1,5350477,1,0,129,0,0.8461538461538461
B,3,250,1,5350478,0,0,319,0,0.84375
B,3,250,1,5350479,1,0,161,0,0.9090909090909091
B,3,250,1,5350464,0,1,600,0,0.8583333333333333
B,3,250,1,5350465,1,0,218,0,0.8636363636363636
B,3,250,1,5350466,1,0,144,0,0.7931034482758621
B,3,250,1,5350467,1,0,239,0,0.9375
B,3,250,1,5350488,1,0,170,0,0.7352941176470589
B,3,250,1,5350489,0,1,600,0,0.8333333333333334
B,3,250,1,5350490,1,0,144,0,0.896551724137931
B,3,250,1,5350491,1,0,107,0,0.8181818181818182
B,3,250,1,5350468,1,0,303,0,0.819672131147541
B,3,250,1,5350469,1,0,202,0,0.975609756097561
B,3,250,1,5350470,0,1,600,0,0.9333333333333333
B,3,250,1,5350471,1,0,373,0,0.88
B,3,250,1,5350496,1,0,131,0,0.9629629629629629
B,3,250,1,5350497,1,0,160,0,0.9375
B,3,250,1,5350498,1,0,260,0,0.8461538461538461
B,3,250,1,5350499,1,0,114,0,0.782608695652174
B,3,250,1,5350492,0,0,307,0,0.8709677419354839
B,3,250,1,5350493,1,0,241,0,0.8571428571428571
B,3,250,1,5350494,1,0,211,0,0.8372093023255814
B,3,250,1,5350495,0,0,224,0,0.9111111111111111
