condition,rate_ms,zeroed,seed,win,draw,steps,n_messages,window_open_frac
A,100,0,1100000,1,0,164,82,0.8170731707317073
A,100,0,1100001,0,0,248,124,0.9435483870967742
A,100,0,1100002,1,0,59,30,1.0
A,500,0,1500000,1,0,133,14,0.7142857142857143
A,500,0,1500001,1,0,135,14,0.9285714285714286
A,500,0,1500002,1,0,111,12,0.75
A,250,1,1750000,0,1,600,0,0.95
A,250,1,1750001,1,0,128,0,0.8846153846153846
A,250,1,1750002,1,0,262,0,0.49056603773584906
C,100,0,1100000,1,0,118,59,0.7627118644067796
C,100,0,1100001,1,0,94,47,0.8936170212765957
C,100,0,1100002,1,0,70,35,0.9714285714285714
C,500,0,1500000,1,0,81,9,1.0
C,500,0,1500001,1,0,98,10,1.0
C,500,0,1500002,1,0,114,12,0.9166666666666666
C,250,1,1750000,0,1,600,0,0.975
C,250,1,1750001,1,0,446,0,0.9444444444444444
C,250,1,1750002,0,0,137,0,0.8571428571428571
B,100,0,1100000,1,0,159,80,0.875
B,100,0,1100001,1,0,158,79,0.8354430379746836
B,100,0,1100002,0,1,600,300,0.5633333333333334
B,500,0,1500000,1,0,103,11,0.8181818181818182
B,500,0,1500001,1,0,132,14,0.9285714285714286
B,500,0,1500002,1,0,238,24,0.5416666666666666
B,250,1,1750000,1,0,174,0,0.8285714285714286
B,250,1,1750001,1,0,197,0,0.875
B,250,1,1750002,0,0,282,0,0.8245614035087719
A,50,0,1050008,1,0,118,118,0.9576271186440678
A,50,0,1050009,1,0,121,121,0.9421487603305785
A,50,0,1050010,1,0,113,113,0.7168141592920354
A,50,0,1050011,1,0,74,74,0.8783783783783784
A,50,0,1050032,1,0,171,171,0.8421052631578947
A,50,0,1050033,1,0,146,146,0.6917808219178082
A,50,0,1050034,1,0,69,69,0.782608695652174
A,50,0,1050035,1,0,140,140,0.9214285714285714
A,50,0,1050028,1,0,140,140,0.65
A,50,0,1050029,1,0,65,65,0.8923076923076924
A,50,0,1050030,0,1,600,600,0.5766666666666667
A,50,0,1050031,1,0,76,76,0.9473684210526315
A,50,0,1050016,1,0,426,426,0.9859154929577465
A,50,0,1050017,1,0,63,63,0.9206349206349206
A,50,0,1050018,1,0,173,173,0.7745664739884393
A,50,0,1050019,1,0,117,117,0.8632478632478633
A,50,0,1050020,1,0,105,105,0.6476190476190476
A,50,0,1050021,1,0,202,202,0.8118811881188119
A,50,0,1050022,0,1,600,600,0.955
A,50,0,1050023,1,0,84,84,0.7380952380952381
A,50,0,1050012,0,1,600,600,0.605
A,50,0,1050013,1,0,67,67,0.835820895522388
A,50,0,1050014,1,0,72,72,0.7361111111111112
A,50,0,1050015,0,0,132,132,0.5984848484848485
A,50,0,1050024,0,0,151,151,0.6026490066225165
A,50,0,1050025,1,0,262,262,0.7480916030534351
A,50,0,1050026,1,0,78,78,0.7948717948717948
A,50,0,1050027,0,1,600,600,0.97
A,50,0,1050036,1,0,68,68,0.8382352941176471
A,50,0,1050037,1,0,151,151,0.9072847682119205
A,50,0,1050038,1,0,72,72,0.9027777777777778
A,50,0,1050039,1,0,60,60,0.9
A,50,0,1050040,0,0,101,101,0.6732673267326733
A,50,0,1050041,1,0,62,62,0.9516129032258065
A,50,0,1050042,1,0,144,144,0.6736111111111112
A,50,0,1050043,1,0,61,61,0.9180327868852459
A,50,0,1050048,1,0,60,60,0.9166666666666666
A,50,0,1050049,1,0,107,107,0.9813084112149533
A,50,0,1050050,1,0,109,109,0.7614678899082569
A,50,0,1050051,1,0,74,74,0.6891891891891891
A,50,0,1050004,0,1,600,600,0.72
A,50,0,1050005,1,0,141,141,0.8652482269503546
A,50,0,1050006,1,0,95,95,0.7578947368421053
A,50,0,1050007,1,0,178,178,0.8539325842696629
A,50,0,1050000,0,0,171,171,0.9415204678362573
A,50,0,1050001,0,1,600,600,0.9116666666666666
A,50,0,1050002,1,0,93,93,0.9139784946236559
A,50,0,1050003,1,0,402,402,0.9626865671641791
A,50,0,1050052,1,0,131,131,0.7709923664122137
A,50,0,1050053,1,0,86,86,0.7558139534883721
A,50,0,1050054,1,0,131,131,0.816793893129771
A,50,0,1050055,1,0,77,77,0.6883116883116883
A,50,0,1050064,1,0,135,135,0.7777777777777778
A,50,0,1050065,0,0,68,68,0.8676470588235294
A,50,0,1050066,0,0,147,147,0.48299319727891155
A,50,0,1050067,1,0,76,76,0.8552631578947368
A,50,0,1050076,1,0,74,74,0.8783783783783784
A,50,0,1050077,1,0,158,158,0.8227848101265823
A,50,0,1050078,1,0,64,64,0.875
A,50,0,1050079,1,0,58,58,0.9137931034482759
A,50,0,1050068,1,0,80,80,0.825
A,50,0,1050069,1,0,102,102,0.7745098039215687
A,50,0,1050070,1,0,123,123,0.8861788617886179
A,50,0,1050071,1,0,170,170,0.788235294117647
A,50,0,1050044,1,0,65,65,0.8769230769230769
A,50,0,1050045,0,0,76,76,0.7236842105263158
A,50,0,1050046,0,1,600,600,0.96
A,50,0,1050047,1,0,137,137,0.8248175182481752
A,50,0,1050056,1,0,370,370,0.9405405405405406
A,50,0,1050057,1,0,119,119,0.7478991596638656
A,50,0,1050058,0,0,76,76,0.5526315789473685
A,50,0,1050059,1,0,87,87,0.9425287356321839
A,50,0,1050072,0,0,209,209,0.84688995215311
A,50,0,1050073,1,0,81,81,0.9012345679012346
A,50,0,1050074,1,0,84,84,0.9761904761904762
A,50,0,1050075,1,0,201,201,0.6119402985074627
A,50,0,1050080,0,0,216,216,0.7453703703703703
A,50,0,1050081,1,0,81,81,0.8888888888888888
A,50,0,1050082,1,0,130,130,0.7923076923076923
A,50,0,1050083,1,0,158,158,0.8987341772151899
A,50,0,1050084,1,0,206,206,0.7475728155339806
A,50,0,1050085,1,0,117,117,0.9487179487179487
A,50,0,1050086,1,0,99,99,0.7878787878787878
A,50,0,1050087,1,0,126,126,0.6746031746031746
A,50,0,1050100,1,0,58,58,0.8620689655172413
A,50,0,1050101,1,0,153,153,0.8300653594771242
A,50,0,1050102,1,0,123,123,0.5691056910569106
A,50,0,1050103,1,0,74,74,0.7297297297297297
A,50,0,1050088,1,0,135,135,0.8
A,50,0,1050089,1,0,190,190,0.7263157894736842
A,50,0,1050090,1,0,87,87,0.735632183908046
A,50,0,1050091,1,0,124,124,0.717741935483871
A,50,0,1050104,1,0,68,68,0.8970588235294118
A,50,0,1050105,0,0,286,286,0.6783216783216783
A,50,0,1050106,1,0,120,120,0.7
A,50,0,1050107,1,0,144,144,0.7569444444444444
A,50,0,1050108,1,0,121,121,0.8016528925619835
A,50,0,1050109,1,0,69,69,0.855072463768116
A,50,0,1050110,1,0,80,80,0.9375
A,50,0,1050111,1,0,80,80,0.825
A,50,0,1050060,1,0,114,114,0.631578947368421
A,50,0,1050061,1,0,175,175,0.6514285714285715
A,50,0,1050062,0,1,600,600,0.97
A,50,0,1050063,1,0,76,76,0.8552631578947368
A,50,0,1050116,0,0,277,277,0.9711191335740073
A,50,0,1050117,1,0,137,137,0.6861313868613139
A,50,0,1050118,1,0,87,87,0.9080459770114943
A,50,0,1050119,1,0,126,126,0.8174603174603174
A,50,0,1050096,1,0,90,90,0.8888888888888888
A,50,0,1050097,1,0,103,103,0.8058252427184466
A,50,0,1050098,0,1,600,600,0.9366666666666666
A,50,0,1050099,0,1,600,600,0.9566666666666667
A,50,0,1050120,1,0,71,71,0.8873239436619719
A,50,0,1050121,0,1,600,600,0.955
A,50,0,1050122,1,0,144,144,0.7222222222222222
A,50,0,1050123,1,0,176,176,0.8579545454545454
A,50,0,1050112,1,0,382,382,0.9214659685863874
A,50,0,1050113,0,0,76,76,0.7894736842105263
A,50,0,1050114,1,0,335,335,0.6626865671641791
A,50,0,1050115,0,0,76,76,0.5394736842105263
A,50,0,1050124,0,1,600,600,0.5833333333333334
A,50,0,1050125,1,0,58,58,0.896551724137931
A,50,0,1050126,1,0,152,152,0.7236842105263158
A,50,0,1050127,1,0,134,134,0.7089552238805971
A,50,0,1050092,0,1,600,600,0.9833333333333333
A,50,0,1050093,1,0,310,310,0.7677419354838709
A,50,0,1050094,0,1,600,600,0.9916666666666667
A,50,0,1050095,1,0,123,123,0.4796747967479675
A,50,0,1050136,1,0,181,181,0.7237569060773481
A,50,0,1050137,0,0,126,126,0.6825396825396826
A,50,0,1050138,1,0,113,113,0.7876106194690266
A,50,0,1050139,1,0,194,194,0.6855670103092784
A,50,0,1050132,1,0,317,317,0.5299684542586751
A,50,0,1050133,0,0,141,141,0.9219858156028369
A,50,0,1050134,1,0,114,114,0.7894736842105263
A,50,0,1050135,0,1,600,600,0.9516666666666667
A,50,0,1050128,1,0,100,100,0.89
A,50,0,1050129,0,0,217,217,0.8986175115207373
A,50,0,1050130,1,0,257,257,0.5992217898832685
A,50,0,1050131,0,1,600,600,0.9583333333333334
A,50,0,1050144,0,0,100,100,0.57
A,50,0,1050145,1,0,225,225,0.6088888888888889
A,50,0,1050146,1,0,95,95,0.8210526315789474
A,50,0,1050147,0,0,77,77,0.7792207792207793
A,50,0,1050160,1,0,71,71,0.6901408450704225
A,50,0,1050161,1,0,130,130,0.8384615384615385
A,50,0,1050162,1,0,123,123,0.6666666666666666
A,50,0,1050163,0,0,61,61,0.7049180327868853
A,50,0,1050156,1,0,114,114,0.8508771929824561
A,50,0,1050157,1,0,75,75,0.8133333333333334
A,50,0,1050158,1,0,97,97,0.9072164948453608
A,50,0,1050159,1,0,247,247,0.6639676113360324
A,50,0,1050176,1,0,105,105,0.780952380952381
A,50,0,1050177,1,0,78,78,0.8333333333333334
A,50,0,1050178,1,0,76,76,0.7236842105263158
A,50,0,1050179,1,0,99,99,0.7878787878787878
A,50,0,1050140,0,0,155,155,0.7096774193548387
A,50,0,1050141,1,0,225,225,0.5288888888888889
A,50,0,1050142,1,0,116,116,0.7758620689655172
A,50,0,1050143,0,1,600,600,0.96
A,50,0,1050172,1,0,74,74,0.8513513513513513
A,50,0,1050173,1,0,195,195,0.8717948717948718
A,50,0,1050174,0,0,176,176,0.7556818181818182
A,50,0,1050175,1,0,74,74,0.8918918918918919
A,50,0,1050152,1,0,235,235,0.7659574468085106
A,50,0,1050153,1,0,106,106,0.7641509433962265
A,50,0,1050154,0,0,520,520,0.7923076923076923
A,50,0,1050155,1,0,121,121,0.8016528925619835
A,50,0,1050188,1,0,75,75,0.7333333333333333
A,50,0,1050189,1,0,189,189,0.8359788359788359
A,50,0,1050190,1,0,125,125,0.688
A,50,0,1050191,1,0,72,72,0.7916666666666666
A,50,0,1050148,1,0,106,106,0.7169811320754716
A,50,0,1050149,0,1,600,600,0.9533333333333334
A,50,0,1050150,1,0,99,99,0.8585858585858586
A,50,0,1050151,1,0,109,109,0.8899082568807339
A,50,0,1050200,1,0,73,73,0.8767123287671232
A,50,0,1050201,1,0,96,96,0.7083333333333334
A,50,0,1050202,1,0,81,81,0.7037037037037037
A,50,0,1050203,1,0,77,77,0.8311688311688312
A,50,0,1050204,1,0,81,81,0.8271604938271605
A,50,0,1050205,0,0,111,111,0.5945945945945946
A,50,0,1050206,1,0,66,66,0.9696969696969697
A,50,0,1050207,1,0,91,91,0.5824175824175825
A,50,0,1050184,1,0,104,104,0.7211538461538461
A,50,0,1050185,1,0,393,393,0.9389312977099237
A,50,0,1050186,1,0,79,79,0.8734177215189873
A,50,0,1050187,0,0,402,402,0.7910447761194029
A,50,0,1050168,1,0,64,64,0.90625
A,50,0,1050169,1,0,146,146,0.726027397260274
A,50,0,1050170,0,1,600,600,0.9883333333333333
A,50,0,1050171,0,1,600,600,0.98
A,50,0,1050164,1,0,136,136,0.8455882352941176
A,50,0,1050165,0,1,600,600,0.9666666666666667
A,50,0,1050166,0,1,600,600,0.9733333333333334
A,50,0,1050167,1,0,76,76,0.8947368421052632
A,50,0,1050212,1,0,217,217,0.6866359447004609
A,50,0,1050213,1,0,120,120,0.9
A,50,0,1050214,1,0,73,73,0.863013698630137
A,50,0,1050215,1,0,106,106,0.7452830188679245
A,50,0,1050180,1,0,199,199,0.678391959798995
A,50,0,1050181,0,1,600,600,0.985
A,50,0,1050182,0,1,600,600,0.9833333333333333
A,50,0,1050183,1,0,205,205,0.6585365853658537
A,50,0,1050192,1,0,132,132,0.8484848484848485
A,50,0,1050193,1,0,121,121,0.8099173553719008
A,50,0,1050194,0,0,201,201,0.9800995024875622
A,50,0,1050195,1,0,569,569,0.9156414762741653
A,50,0,1050208,1,0,136,136,0.7573529411764706
A,50,0,1050209,0,0,343,343,0.8950437317784257
A,50,0,1050210,1,0,83,83,0.7710843373493976
A,50,0,1050211,1,0,157,157,0.7515923566878981
A,50,0,1050228,1,0,99,99,0.7373737373737373
A,50,0,1050229,1,0,109,109,0.8348623853211009
A,50,0,1050230,1,0,159,159,0.7547169811320755
A,50,0,1050231,1,0,62,62,0.8709677419354839
A,50,0,1050216,1,0,161,161,0.7142857142857143
A,50,0,1050217,1,0,340,340,0.9647058823529412
A,50,0,1050218,1,0,91,91,0.8681318681318682
A,50,0,1050219,1,0,276,276,0.9818840579710145
A,50,0,1050240,1,0,66,66,0.8636363636363636
A,50,0,1050241,1,0,161,161,0.6211180124223602
A,50,0,1050242,0,0,126,126,0.7142857142857143
A,50,0,1050243,1,0,84,84,0.7976190476190477
A,50,0,1050220,1,0,120,120,0.7583333333333333
A,50,0,1050221,1,0,117,117,0.6752136752136753
A,50,0,1050222,0,1,600,600,0.9866666666666667
A,50,0,1050223,1,0,65,65,0.8307692307692308
A,50,0,1050196,1,0,109,109,0.926605504587156
A,50,0,1050197,1,0,97,97,0.8144329896907216
A,50,0,1050198,0,1,600,600,0.935
A,50,0,1050199,1,0,532,532,0.8796992481203008
A,50,0,1050252,1,0,58,58,0.8103448275862069
A,50,0,1050253,1,0,202,202,0.7970297029702971
A,50,0,1050254,1,0,61,61,0.9180327868852459
A,50,0,1050255,0,0,76,76,0.7631578947368421
A,50,0,1050244,1,0,159,159,0.8301886792452831
A,50,0,1050245,1,0,73,73,0.8904109589041096
A,50,0,1050246,0,0,338,338,0.9497041420118343
A,50,0,1050247,1,0,119,119,0.8487394957983193
A,50,0,1050224,1,0,181,181,0.7790055248618785
A,50,0,1050225,1,0,79,79,0.9113924050632911
A,50,0,1050226,1,0,209,209,0.5502392344497608
A,50,0,1050227,0,1,600,600,0.965
A,50,0,1050260,0,0,189,189,0.7142857142857143
A,50,0,1050261,1,0,83,83,0.7469879518072289
A,50,0,1050262,1,0,217,217,0.8202764976958525
A,50,0,1050263,1,0,98,98,0.7448979591836735
A,50,0,1050256,1,0,180,180,0.8444444444444444
A,50,0,1050257,1,0,76,76,0.7763157894736842
A,50,0,1050258,1,0,92,92,0.8369565217391305
A,50,0,1050259,1,0,301,301,0.6644518272425249
A,50,0,1050272,1,0,170,170,0.7705882352941177
A,50,0,1050273,1,0,75,75,0.8933333333333333
A,50,0,1050274,1,0,59,59,0.847457627118644
A,50,0,1050275,0,0,126,126,0.6666666666666666
A,50,0,1050248,1,0,122,122,0.7377049180327869
A,50,0,1050249,0,1,600,600,0.9866666666666667
A,50,0,1050250,1,0,86,86,0.7558139534883721
A,50,0,1050251,1,0,139,139,0.8705035971223022
A,50,0,1050268,1,0,136,136,0.8014705882352942
A,50,0,1050269,1,0,115,115,0.7391304347826086
A,50,0,1050270,1,0,118,118,0.8898305084745762
A,50,0,1050271,1,0,179,179,0.8156424581005587
A,50,0,1050276,1,0,83,83,0.8433734939759037
A,50,0,1050277,1,0,56,56,0.8571428571428571
A,50,0,1050278,1,0,106,106,0.7830188679245284
A,50,0,1050279,0,0,183,183,0.7650273224043715
A,50,0,1050284,1,0,62,62,0.9193548387096774
A,50,0,1050285,1,0,133,133,0.8571428571428571
A,50,0,1050286,0,0,156,156,0.7628205128205128
A,50,0,1050287,1,0,97,97,0.7731958762886598
A,50,0,1050292,1,0,86,86,0.6511627906976745
A,50,0,1050293,1,0,97,97,0.7525773195876289
A,50,0,1050294,0,0,76,76,0.8289473684210527
A,50,0,1050295,1,0,128,128,0.640625
A,50,0,1050280,1,0,141,141,0.6312056737588653
A,50,0,1050281,1,0,329,329,0.6778115501519757
A,50,0,1050282,1,0,56,56,0.8214285714285714
A,50,0,1050283,1,0,74,74,0.8378378378378378
A,50,0,1050236,0,1,600,600,0.9383333333333334
A,50,0,1050237,0,1,600,600,0.9583333333333334
A,50,0,1050238,1,0,126,126,0.7619047619047619
A,50,0,1050239,1,0,73,73,0.9178082191780822
A,50,0,1050264,0,1,600,600,0.9833333333333333
A,50,0,1050265,0,0,138,138,0.7101449275362319
A,50,0,1050266,0,0,126,126,0.8174603174603174
A,50,0,1050267,0,0,113,113,0.6548672566371682
A,50,0,1050288,1,0,226,226,0.8495575221238938
A,50,0,1050289,1,0,111,111,0.8288288288288288
A,50,0,1050290,0,0,164,164,0.8414634146341463
A,50,0,1050291,1,0,81,81,0.8271604938271605
A,50,0,1050300,1,0,68,68,0.8235294117647058
A,50,0,1050301,1,0,66,66,0.8939393939393939
A,50,0,1050302,1,0,95,95,0.8315789473684211
A,50,0,1050303,1,0,206,206,0.7864077669902912
A,50,0,1050312,1,0,62,62,0.9354838709677419
A,50,0,1050313,1,0,94,94,0.6382978723404256
A,50,0,1050314,1,0,122,122,0.6885245901639344
A,50,0,1050315,1,0,225,225,0.6044444444444445
A,50,0,1050320,1,0,71,71,0.9154929577464789
A,50,0,1050321,0,0,151,151,0.6754966887417219
A,50,0,1050322,1,0,98,98,0.7653061224489796
A,50,0,1050323,1,0,79,79,0.9240506329113924
A,50,0,1050232,0,1,600,600,0.9666666666666667
A,50,0,1050233,0,0,143,143,0.8951048951048951
A,50,0,1050234,0,1,600,600,0.7516666666666667
A,50,0,1050235,1,0,158,158,0.8227848101265823
A,50,0,1050324,1,0,116,116,0.8879310344827587
A,50,0,1050325,1,0,153,153,0.7058823529411765
A,50,0,1050326,1,0,66,66,0.8787878787878788
A,50,0,1050327,1,0,110,110,0.8
A,50,0,1050316,1,0,378,378,0.9682539682539683
A,50,0,1050317,1,0,132,132,0.7878787878787878
A,50,0,1050318,1,0,179,179,0.8435754189944135
A,50,0,1050319,1,0,65,65,0.8461538461538461
A,50,0,1050296,0,1,600,600,0.9783333333333334
A,50,0,1050297,0,0,206,206,0.8252427184466019
A,50,0,1050298,1,0,69,69,0.7246376811594203
A,50,0,1050299,0,0,255,255,0.8588235294117647
A,50,0,1050328,1,0,74,74,0.5675675675675675
A,50,0,1050329,1,0,76,76,0.8289473684210527
A,50,0,1050330,1,0,274,274,0.5401459854014599
A,50,0,1050331,1,0,129,129,0.7984496124031008
A,50,0,1050304,0,1,600,600,0.955
A,50,0,1050305,1,0,87,87,0.7126436781609196
A,50,0,1050306,1,0,101,101,0.7326732673267327
A,50,0,1050307,1,0,147,147,0.6394557823129252
A,50,0,1050332,1,0,136,136,0.6029411764705882
A,50,0,1050333,1,0,138,138,0.7753623188405797
A,50,0,1050334,1,0,93,93,0.8709677419354839
A,50,0,1050335,1,0,165,165,0.7757575757575758
A,50,0,1050336,1,0,122,122,0.8360655737704918
A,50,0,1050337,1,0,129,129,0.7441860465116279
A,50,0,1050338,1,0,91,91,0.8241758241758241
A,50,0,1050339,1,0,113,113,0.7964601769911505
A,50,0,1050344,1,0,73,73,0.9178082191780822
A,50,0,1050345,1,0,84,84,0.6071428571428571
A,50,0,1050346,1,0,104,104,0.6923076923076923
A,50,0,1050347,1,0,97,97,0.8041237113402062
A,50,0,1050340,1,0,86,86,0.9534883720930233
A,50,0,1050341,1,0,94,94,0.8404255319148937
A,50,0,1050342,1,0,204,204,0.8137254901960784
A,50,0,1050343,1,0,113,113,0.7345132743362832
A,50,0,1050308,1,0,82,82,0.7195121951219512
A,50,0,1050309,1,0,167,167,0.7904191616766467
A,50,0,1050310,1,0,67,67,0.8805970149253731
A,50,0,1050311,0,1,600,600,0.9883333333333333
A,50,0,1050364,1,0,69,69,0.7101449275362319
A,50,0,1050365,1,0,63,63,0.9047619047619048
A,50,0,1050366,1,0,122,122,0.7377049180327869
A,50,0,1050367,1,0,59,59,0.9491525423728814
A,50,0,1050356,1,0,156,156,0.7051282051282052
A,50,0,1050357,1,0,137,137,0.7518248175182481
A,50,0,1050358,1,0,73,73,0.863013698630137
A,50,0,1050359,1,0,148,148,0.6621621621621622
A,50,0,1050376,1,0,102,102,0.9019607843137255
A,50,0,1050377,1,0,84,84,0.9166666666666666
A,50,0,1050378,1,0,276,276,0.9565217391304348
A,50,0,1050379,0,0,55,55,0.5636363636363636
A,50,0,1050352,1,0,105,105,0.7619047619047619
A,50,0,1050353,1,0,86,86,0.813953488372093
A,50,0,1050354,0,1,600,600,0.9816666666666667
A,50,0,1050355,0,0,88,88,0.7954545454545454
A,50,0,1050384,1,0,406,406,0.5591133004926109
A,50,0,1050385,1,0,104,104,0.8942307692307693
A,50,0,1050386,1,0,187,187,0.7540106951871658
A,50,0,1050387,1,0,112,112,0.7321428571428571
A,50,0,1050348,0,0,87,87,0.6436781609195402
A,50,0,1050349,1,0,492,492,0.7195121951219512
A,50,0,1050350,1,0,410,410,0.6585365853658537
A,50,0,1050351,1,0,80,80,0.875
A,50,0,1050372,1,0,56,56,0.9464285714285714
A,50,0,1050373,1,0,128,128,0.8984375
A,50,0,1050374,0,1,600,600,0.975
A,50,0,1050375,1,0,179,179,0.7597765363128491
A,50,0,1050360,1,0,190,190,0.6894736842105263
A,50,0,1050361,0,1,600,600,0.765
A,50,0,1050362,1,0,131,131,0.8091603053435115
A,50,0,1050363,1,0,81,81,0.8395061728395061
A,50,0,1050368,1,0,127,127,0.8267716535433071
A,50,0,1050369,1,0,96,96,0.8020833333333334
A,50,0,1050370,0,1,600,600,0.6033333333333334
A,50,0,1050371,1,0,208,208,0.7836538461538461
A,50,0,1050388,1,0,207,207,0.7922705314009661
A,50,0,1050389,1,0,79,79,0.8607594936708861
A,50,0,1050390,1,0,200,200,0.725
A,50,0,1050391,1,0,137,137,0.781021897810219
A,50,0,1050380,1,0,76,76,0.7368421052631579
A,50,0,1050381,1,0,183,183,0.8469945355191257
A,50,0,1050382,0,1,600,600,0.9766666666666667
A,50,0,1050383,1,0,65,65,0.8923076923076924
A,50,0,1050396,1,0,114,114,0.8421052631578947
A,50,0,1050397,1,0,83,83,0.7831325301204819
A,50,0,1050398,1,0,73,73,0.684931506849315
A,50,0,1050399,1,0,82,82,0.7804878048780488
A,50,0,1050404,1,0,60,60,0.8666666666666667
A,50,0,1050405,1,0,87,87,0.6896551724137931
A,50,0,1050406,1,0,147,147,0.6190476190476191
A,50,0,1050407,0,0,77,77,0.7012987012987013
A,50,0,1050408,1,0,76,76,0.8947368421052632
A,50,0,1050409,1,0,95,95,0.8210526315789474
A,50,0,1050410,1,0,132,132,0.75
A,50,0,1050411,1,0,128,128,0.5625
A,50,0,1050416,1,0,127,127,0.6850393700787402
A,50,0,1050417,1,0,182,182,0.6758241758241759
A,50,0,1050418,1,0,77,77,0.6363636363636364
A,50,0,1050419,1,0,68,68,0.8823529411764706
A,50,0,1050392,0,0,280,280,0.9785714285714285
A,50,0,1050393,1,0,123,123,0.6097560975609756
A,50,0,1050394,1,0,202,202,0.7277227722772277
A,50,0,1050395,1,0,302,302,0.8774834437086093
A,50,0,1050420,1,0,103,103,0.7766990291262136
A,50,0,1050421,0,0,220,220,0.6181818181818182
A,50,0,1050422,0,0,151,151,0.8807947019867549
A,50,0,1050423,1,0,67,67,0.835820895522388
A,50,0,1050428,1,0,123,123,0.8536585365853658
A,50,0,1050429,1,0,64,64,0.8125
A,50,0,1050430,1,0,112,112,0.9017857142857143
A,50,0,1050431,1,0,96,96,0.90625
A,50,0,1050424,0,0,104,104,0.7211538461538461
A,50,0,1050425,1,0,291,291,0.711340206185567
A,50,0,1050426,1,0,82,82,0.6707317073170732
A,50,0,1050427,1,0,124,124,0.7983870967741935
A,50,0,1050436,1,0,212,212,0.7830188679245284
A,50,0,1050437,1,0,57,57,0.8596491228070176
A,50,0,1050438,0,0,113,113,0.6194690265486725
A,50,0,1050439,1,0,73,73,0.8356164383561644
A,50,0,1050452,1,0,71,71,0.8591549295774648
A,50,0,1050453,1,0,58,58,1.0
A,50,0,1050454,1,0,57,57,0.8421052631578947
A,50,0,1050455,0,1,111,111,0.6036036036036037
A,50,0,1050448,1,0,91,91,0.6593406593406593
A,50,0,1050449,1,0,92,92,0.8804347826086957
A,50,0,1050450,1,0,93,93,0.5053763440860215
A,50,0,1050451,1,0,217,217,0.6728110599078341
A,50,0,1050412,0,0,178,178,0.7528089887640449
A,50,0,1050413,1,0,467,467,0.7366167023554604
A,50,0,1050414,1,0,132,132,0.8257575757575758
A,50,0,1050415,1,0,171,171,0.8362573099415205
A,50,0,1050400,1,0,74,74,0.8648648648648649
A,50,0,1050401,1,0,111,111,0.8018018018018018
A,50,0,1050402,0,1,600,600,0.9666666666666667
A,50,0,1050403,1,0,65,65,0.9076923076923077
A,50,0,1050456,1,0,137,137,0.9416058394160584
A,50,0,1050457,1,0,70,70,0.8857142857142857
A,50,0,1050458,1,0,97,97,0.6288659793814433
A,50,0,1050459,1,0,104,104,0.75
A,50,0,1050432,1,0,83,83,0.8554216867469879
A,50,0,1050433,1,0,201,201,0.8258706467661692
A,50,0,1050434,1,0,117,117,0.7008547008547008
A,50,0,1050435,0,1,600,600,0.9583333333333334
A,50,0,1050444,1,0,104,104,0.7596153846153846
A,50,0,1050445,0,0,101,101,0.8415841584158416
A,50,0,1050446,0,1,600,600,0.9783333333333334
A,50,0,1050447,1,0,145,145,0.896551724137931
A,50,0,1050468,1,0,88,88,0.875
A,50,0,1050469,1,0,100,100,0.71
A,50,0,1050470,1,0,108,108,0.8148148148148148
A,50,0,1050471,1,0,137,137,0.781021897810219
A,50,0,1050460,1,0,145,145,0.8551724137931035
A,50,0,1050461,1,0,113,113,0.7964601769911505
A,50,0,1050462,1,0,139,139,0.7410071942446043
A,50,0,1050463,1,0,155,155,0.7741935483870968
A,50,0,1050484,0,0,126,126,0.9444444444444444
A,50,0,1050485,0,0,173,173,0.8959537572254336
A,50,0,1050486,1,0,64,64,0.875
A,50,0,1050487,1,0,78,78,0.8589743589743589
A,50,0,1050492,1,0,136,136,0.5661764705882353
A,50,0,1050493,1,0,78,78,0.782051282051282
A,50,0,1050494,1,0,73,73,0.863013698630137
A,50,0,1050495,1,0,164,164,0.6707317073170732
A,50,0,1050488,1,0,80,80,0.7625
A,50,0,1050489,1,0,186,186,0.8010752688172043
A,50,0,1050490,1,0,70,70,0.8571428571428571
A,50,0,1050491,0,0,145,145,0.5655172413793104
A,50,0,1050480,1,0,150,150,0.7533333333333333
A,50,0,1050481,1,0,120,120,0.8416666666666667
A,50,0,1050482,1,0,112,112,0.6964285714285714
A,50,0,1050483,1,0,335,335,0.6746268656716418
A,50,0,1050440,1,0,213,213,0.92018779342723
A,50,0,1050441,0,1,600,600,0.8666666666666667
A,50,0,1050442,1,0,77,77,0.8961038961038961
A,50,0,1050443,0,0,164,164,0.8048780487804879
A,50,0,1050476,0,1,600,600,0.9783333333333334
A,50,0,1050477,1,0,192,192,0.703125
A,50,0,1050478,1,0,90,90,0.9222222222222223
A,50,0,1050479,1,0,61,61,0.9016393442622951
A,50,0,1050464,0,1,600,600,0.945
A,50,0,1050465,1,0,183,183,0.6830601092896175
A,50,0,1050466,1,0,163,163,0.754601226993865
A,50,0,1050467,1,0,329,329,0.6170212765957447
A,50,0,1050496,1,0,60,60,0.8666666666666667
A,50,0,1050497,0,1,600,600,0.99
A,50,0,1050498,1,0,123,123,0.8699186991869918
A,50,0,1050499,1,0,111,111,0.7837837837837838
A,50,0,1050472,1,0,144,144,0.8055555555555556
A,50,0,1050473,1,0,211,211,0.6018957345971564
A,50,0,1050474,0,0,314,314,0.9171974522292994
A,50,0,1050475,0,1,600,600,0.99
A,100,0,1100003,1,0,71,36,0.8888888888888888
A,100,0,1100004,1,0,100,50,0.78
A,100,0,1100005,1,0,110,55,0.9090909090909091
A,100,0,1100006,1,0,57,29,0.9310344827586207
A,100,0,1100011,0,0,101,51,0.8431372549019608
A,100,0,1100012,1,0,82,41,0.8048780487804879
A,100,0,1100013,1,0,155,78,0.7948717948717948
A,100,0,1100014,1,0,115,58,0.7241379310344828
A,100,0,1100007,1,0,74,37,0.8918918918918919
A,100,0,1100008,0,0,239,120,0.8416666666666667
A,100,0,1100009,1,0,143,72,0.9583333333333334
A,100,0,1100010,1,0,82,41,0.7073170731707317
A,100,0,1100023,1,0,89,45,0.7333333333333333
A,100,0,1100024,1,0,92,46,0.6086956521739131
A,100,0,1100025,1,0,213,107,0.7009345794392523
A,100,0,1100026,1,0,189,95,0.7578947368421053
A,100,0,1100015,1,0,57,29,0.8620689655172413
A,100,0,1100016,1,0,62,31,0.7096774193548387
A,100,0,1100017,1,0,119,60,0.8
A,100,0,1100018,1,0,455,228,0.7149122807017544
A,100,0,1100047,1,0,72,36,0.8611111111111112
A,100,0,1100048,1,0,96,48,0.7916666666666666
A,100,0,1100049,1,0,132,66,0.7121212121212122
A,100,0,1100050,1,0,107,54,0.8333333333333334
A,100,0,1100039,0,0,211,106,0.6415094339622641
A,100,0,1100040,1,0,98,49,0.6938775510204082
A,100,0,1100041,1,0,93,47,0.9148936170212766
A,100,0,1100042,1,0,174,87,0.8045977011494253
A,100,0,1100035,1,0,131,66,0.6818181818181818
A,100,0,1100036,0,0,62,31,0.8709677419354839
A,100,0,1100037,0,0,163,82,0.8048780487804879
A,100,0,1100038,1,0,312,156,0.9615384615384616
A,100,0,1100043,1,0,261,131,0.7022900763358778
A,100,0,1100044,1,0,83,42,0.6190476190476191
A,100,0,1100045,1,0,111,56,0.7857142857142857
A,100,0,1100046,0,0,126,63,0.9841269841269841
A,100,0,1100051,1,0,147,74,0.7297297297297297
A,100,0,1100052,1,0,80,40,0.725
A,100,0,1100053,1,0,89,45,0.8888888888888888
A,100,0,1100054,1,0,102,51,0.8431372549019608
A,100,0,1100055,1,0,103,52,0.8269230769230769
A,100,0,1100056,1,0,76,38,0.6052631578947368
A,100,0,1100057,1,0,117,59,0.9491525423728814
A,100,0,1100058,0,0,105,53,0.49056603773584906
A,100,0,1100031,1,0,226,113,0.9646017699115044
A,100,0,1100032,0,0,51,26,0.5384615384615384
A,100,0,1100033,1,0,78,39,0.8717948717948718
A,100,0,1100034,0,1,600,300,0.98
A,100,0,1100067,1,0,57,29,0.7931034482758621
A,100,0,1100068,1,0,119,60,0.8666666666666667
A,100,0,1100069,0,0,104,52,0.5384615384615384
A,100,0,1100070,1,0,67,34,0.9411764705882353
A,100,0,1100019,0,1,600,300,0.9733333333333334
A,100,0,1100020,1,0,74,37,0.8648648648648649
A,100,0,1100021,1,0,70,35,1.0
A,100,0,1100022,0,0,241,121,0.9421487603305785
A,100,0,1100079,1,0,58,29,0.7931034482758621
A,100,0,1100080,1,0,161,81,0.9012345679012346
A,100,0,1100081,1,0,114,57,0.7719298245614035
A,100,0,1100082,1,0,119,60,0.75
A,100,0,1100059,1,0,134,67,0.7164179104477612
A,100,0,1100060,1,0,466,233,0.9527896995708155
A,100,0,1100061,0,0,76,38,0.7105263157894737
A,100,0,1100062,1,0,77,39,0.9230769230769231
A,100,0,1100063,1,0,126,63,0.8095238095238095
A,100,0,1100064,0,0,437,219,0.9452054794520548
A,100,0,1100065,1,0,117,59,0.864406779661017
A,100,0,1100066,1,0,56,28,1.0
A,100,0,1100027,0,1,600,300,0.98
A,100,0,1100028,0,1,600,300,0.8166666666666667
A,100,0,1100029,1,0,114,57,0.7017543859649122
A,100,0,1100030,1,0,111,56,0.6964285714285714
A,100,0,1100083,1,0,103,52,0.8461538461538461
A,100,0,1100084,1,0,247,124,0.9354838709677419
A,100,0,1100085,1,0,73,37,0.972972972972973
A,100,0,1100086,1,0,187,94,0.6808510638297872
A,100,0,1100087,1,0,98,49,0.7551020408163265
A,100,0,1100088,1,0,77,39,0.8974358974358975
A,100,0,1100089,1,0,266,133,0.8721804511278195
A,100,0,1100090,1,0,76,38,0.8421052631578947
A,100,0,1100091,1,0,79,40,0.85
A,100,0,1100092,1,0,153,77,0.7662337662337663
A,100,0,1100093,1,0,123,62,0.7741935483870968
A,100,0,1100094,0,0,111,56,0.5357142857142857
A,100,0,1100099,1,0,89,45,0.6444444444444445
A,100,0,1100100,1,0,94,47,0.9148936170212766
A,100,0,1100101,1,0,68,34,0.9117647058823529
A,100,0,1100102,1,0,99,50,0.9
A,100,0,1100071,1,0,170,85,0.6941176470588235
A,100,0,1100072,1,0,182,91,0.7912087912087912
A,100,0,1100073,0,0,250,125,0.568
A,100,0,1100074,1,0,272,136,0.7867647058823529
A,100,0,1100075,1,0,80,40,0.825
A,100,0,1100076,0,1,600,300,0.9766666666666667
A,100,0,1100077,1,0,96,48,0.8333333333333334
A,100,0,1100078,1,0,66,33,0.8181818181818182
A,100,0,1100103,1,0,62,31,0.8709677419354839
A,100,0,1100104,1,0,69,35,0.6857142857142857
A,100,0,1100105,1,0,131,66,0.7272727272727273
A,100,0,1100106,1,0,67,34,0.8823529411764706
A,100,0,1100119,1,0,65,33,0.9090909090909091
A,100,0,1100120,1,0,133,67,0.7313432835820896
A,100,0,1100121,1,0,81,41,0.7560975609756098
A,100,0,1100122,1,0,151,76,0.8289473684210527
A,100,0,1100123,1,0,74,37,0.8108108108108109
A,100,0,1100124,1,0,133,67,0.7761194029850746
A,100,0,1100125,1,0,68,34,0.9117647058823529
A,100,0,1100126,1,0,151,76,0.6447368421052632
A,100,0,1100095,1,0,200,100,0.69
A,100,0,1100096,1,0,56,28,1.0
A,100,0,1100097,1,0,157,79,0.8987341772151899
A,100,0,1100098,0,1,600,300,0.9933333333333333
A,100,0,1100135,1,0,82,41,0.7317073170731707
A,100,0,1100136,1,0,135,68,0.8823529411764706
A,100,0,1100137,1,0,116,58,0.7413793103448276
A,100,0,1100138,1,0,88,44,0.7727272727272727
A,100,0,1100111,1,0,109,55,0.7272727272727273
A,100,0,1100112,1,0,98,49,0.7959183673469388
A,100,0,1100113,0,1,600,300,0.9566666666666667
A,100,0,1100114,1,0,85,43,0.7906976744186046
A,100,0,1100131,1,0,165,83,0.9518072289156626
A,100,0,1100132,1,0,96,48,0.7708333333333334
A,100,0,1100133,1,0,70,35,0.9428571428571428
A,100,0,1100134,1,0,406,203,0.9310344827586207
A,100,0,1100139,0,0,126,63,0.873015873015873
A,100,0,1100140,1,0,101,51,0.9411764705882353
A,100,0,1100141,1,0,67,34,0.8235294117647058
A,100,0,1100142,0,0,174,87,0.7011494252873564
A,100,0,1100107,1,0,100,50,0.72
A,100,0,1100108,0,0,480,240,0.9375
A,100,0,1100109,1,0,239,120,0.9416666666666667
A,100,0,1100110,1,0,89,45,0.9555555555555556
A,100,0,1100127,1,0,135,68,0.7794117647058824
A,100,0,1100128,1,0,58,29,0.9310344827586207
A,100,0,1100129,0,0,208,104,0.9711538461538461
A,100,0,1100130,0,1,600,300,0.9566666666666667
A,100,0,1100147,1,0,204,102,0.8137254901960784
A,100,0,1100148,1,0,58,29,0.7931034482758621
A,100,0,1100149,1,0,95,48,0.8125
A,100,0,1100150,0,0,105,53,0.7924528301886793
A,100,0,1100159,1,0,127,64,0.609375
A,100,0,1100160,1,0,58,29,0.9655172413793104
A,100,0,1100161,1,0,161,81,0.8518518518518519
A,100,0,1100162,1,0,57,29,0.896551724137931
A,100,0,1100155,1,0,59,30,0.8666666666666667
A,100,0,1100156,1,0,131,66,0.7878787878787878
A,100,0,1100157,1,0,166,83,0.6746987951807228
A,100,0,1100158,1,0,87,44,0.6818181818181818
A,100,0,1100171,1,0,116,58,0.7931034482758621
A,100,0,1100172,1,0,77,39,0.9230769230769231
A,100,0,1100173,1,0,57,29,0.9655172413793104
A,100,0,1100174,1,0,110,55,0.8727272727272727
A,100,0,1100115,0,1,600,300,0.9733333333333334
A,100,0,1100116,1,0,162,81,0.7407407407407407
A,100,0,1100117,0,0,103,52,0.7692307692307693
A,100,0,1100118,1,0,188,94,0.6595744680851063
A,100,0,1100179,1,0,206,103,0.6504854368932039
A,100,0,1100180,1,0,71,36,0.7777777777777778
A,100,0,1100181,1,0,76,38,0.8947368421052632
A,100,0,1100182,1,0,58,29,0.7931034482758621
A,100,0,1100151,1,0,123,62,0.6774193548387096
A,100,0,1100152,1,0,407,204,0.8725490196078431
A,100,0,1100153,0,0,151,76,0.9736842105263158
A,100,0,1100154,1,0,83,42,0.7380952380952381
A,100,0,1100163,1,0,163,82,0.6341463414634146
A,100,0,1100164,1,0,208,104,0.7788461538461539
A,100,0,1100165,1,0,210,105,0.8095238095238095
A,100,0,1100166,1,0,63,32,0.96875
A,100,0,1100143,1,0,208,104,0.9519230769230769
A,100,0,1100144,1,0,122,61,0.639344262295082
A,100,0,1100145,1,0,51,26,0.7307692307692307
A,100,0,1100146,0,1,600,300,0.9566666666666667
A,100,0,1100191,1,0,165,83,0.7831325301204819
A,100,0,1100192,1,0,80,40,0.85
A,100,0,1100193,1,0,170,85,0.8352941176470589
A,100,0,1100194,1,0,58,29,0.7931034482758621
A,100,0,1100199,1,0,79,40,0.95
A,100,0,1100200,1,0,134,67,0.7164179104477612
A,100,0,1100201,1,0,66,33,0.8787878787878788
A,100,0,1100202,1,0,98,49,0.8571428571428571
A,100,0,1100167,1,0,134,67,0.7164179104477612
A,100,0,1100168,0,1,600,300,0.98
A,100,0,1100169,1,0,158,79,0.9113924050632911
A,100,0,1100170,1,0,76,38,0.9210526315789473
A,100,0,1100175,0,0,114,57,0.7719298245614035
A,100,0,1100176,1,0,65,33,0.9393939393939394
A,100,0,1100177,0,1,600,300,0.84
A,100,0,1100178,1,0,133,67,0.7611940298507462
A,100,0,1100187,1,0,62,31,0.8709677419354839
A,100,0,1100188,1,0,147,74,0.8378378378378378
A,100,0,1100189,0,0,76,38,0.6578947368421053
A,100,0,1100190,0,1,600,300,0.99
A,100,0,1100207,1,0,154,77,0.7792207792207793
A,100,0,1100208,0,0,72,36,0.8888888888888888
A,100,0,1100209,1,0,157,79,0.7848101265822784
A,100,0,1100210,1,0,118,59,0.6101694915254238
A,100,0,1100219,0,0,107,54,0.8518518518518519
A,100,0,1100220,1,0,118,59,0.6779661016949152
A,100,0,1100221,1,0,72,36,0.75
A,100,0,1100222,1,0,146,73,0.821917808219178
A,100,0,1100215,1,0,72,36,0.8055555555555556
A,100,0,1100216,1,0,73,37,0.8378378378378378
A,100,0,1100217,0,0,361,181,0.6464088397790055
A,100,0,1100218,1,0,94,47,0.7659574468085106
A,100,0,1100195,1,0,224,112,0.8214285714285714
A,100,0,1100196,1,0,119,60,0.95
A,100,0,1100197,0,1,600,300,0.97
A,100,0,1100198,0,0,123,62,0.6129032258064516
A,100,0,1100183,0,1,600,300,0.9666666666666667
A,100,0,1100184,1,0,373,187,0.7272727272727273
A,100,0,1100185,1,0,177,89,0.7078651685393258
A,100,0,1100186,1,0,65,33,0.8787878787878788
A,100,0,1100211,1,0,502,251,0.6733067729083665
A,100,0,1100212,1,0,113,57,0.6842105263157895
A,100,0,1100213,1,0,121,61,0.7049180327868853
A,100,0,1100214,1,0,75,38,0.9473684210526315
A,100,0,1100223,0,0,126,63,0.9523809523809523
A,100,0,1100224,1,0,72,36,0.8055555555555556
A,100,0,1100225,1,0,213,107,0.6915887850467289
A,100,0,1100226,1,0,135,68,0.7352941176470589
A,100,0,1100239,1,0,103,52,0.8076923076923077
A,100,0,1100240,1,0,93,47,0.7021276595744681
A,100,0,1100241,1,0,160,80,0.75
A,100,0,1100242,1,0,62,31,0.9032258064516129
A,100,0,1100243,1,0,87,44,0.8636363636363636
A,100,0,1100244,1,0,227,114,0.7368421052631579
A,100,0,1100245,1,0,67,34,0.8529411764705882
A,100,0,1100246,1,0,73,37,0.8918918918918919
A,100,0,1100231,0,0,188,94,0.7127659574468085
A,100,0,1100232,1,0,179,90,0.8666666666666667
A,100,0,1100233,1,0,71,36,0.7222222222222222
A,100,0,1100234,1,0,113,57,0.7192982456140351
A,100,0,1100247,1,0,65,33,0.8484848484848485
A,100,0,1100248,1,0,124,62,0.8064516129032258
A,100,0,1100249,1,0,95,48,0.875
A,100,0,1100250,1,0,66,33,0.9090909090909091
A,100,0,1100251,1,0,90,45,0.6666666666666666
A,100,0,1100252,1,0,128,64,0.9375
A,100,0,1100253,0,0,251,126,0.9603174603174603
A,100,0,1100254,1,0,80,40,0.75
A,100,0,1100263,0,0,126,63,0.5396825396825397
A,100,0,1100264,1,0,89,45,0.8444444444444444
A,100,0,1100265,1,0,81,41,0.8292682926829268
A,100,0,1100266,1,0,63,32,0.90625
A,100,0,1100267,1,0,79,40,0.825
A,100,0,1100268,1,0,77,39,0.8205128205128205
A,100,0,1100269,1,0,145,73,0.726027397260274
A,100,0,1100270,0,0,76,38,0.5263157894736842
A,100,0,1100255,1,0,154,77,0.6233766233766234
A,100,0,1100256,1,0,109,55,0.6545454545454545
A,100,0,1100257,1,0,160,80,0.5375
A,100,0,1100258,1,0,167,84,0.8452380952380952
A,100,0,1100259,1,0,165,83,0.6867469879518072
A,100,0,1100260,0,0,107,54,0.8703703703703703
A,100,0,1100261,1,0,105,53,0.8490566037735849
A,100,0,1100262,1,0,139,70,0.8571428571428571
A,100,0,1100275,1,0,57,29,0.9655172413793104
A,100,0,1100276,1,0,104,52,0.7692307692307693
A,100,0,1100277,1,0,130,65,0.6307692307692307
A,100,0,1100278,1,0,75,38,0.8157894736842105
A,100,0,1100279,0,0,76,38,0.7368421052631579
A,100,0,1100280,1,0,157,79,1.0
A,100,0,1100281,0,0,101,51,0.5686274509803921
A,100,0,1100282,1,0,72,36,0.8888888888888888
A,100,0,1100271,1,0,87,44,0.9545454545454546
A,100,0,1100272,0,0,172,86,0.8023255813953488
A,100,0,1100273,1,0,73,37,0.8918918918918919
A,100,0,1100274,0,0,151,76,0.9605263157894737
A,100,0,1100227,0,1,600,300,0.9866666666666667
A,100,0,1100228,1,0,87,44,0.6818181818181818
A,100,0,1100229,0,1,600,300,0.98
A,100,0,1100230,1,0,220,110,0.6272727272727273
A,100,0,1100283,1,0,225,113,0.7610619469026548
A,100,0,1100284,1,0,59,30,0.8666666666666667
A,100,0,1100285,1,0,113,57,0.8070175438596491
A,100,0,1100286,1,0,121,61,0.8032786885245902
A,100,0,1100295,1,0,144,72,0.7083333333333334
A,100,0,1100296,1,0,82,41,0.7560975609756098
A,100,0,1100297,1,0,77,39,0.8717948717948718
A,100,0,1100298,1,0,56,28,0.8928571428571429
A,100,0,1100235,0,1,600,300,0.7633333333333333
A,100,0,1100236,1,0,301,151,0.9403973509933775
A,100,0,1100237,1,0,189,95,0.6
A,100,0,1100238,1,0,208,104,0.6923076923076923
A,100,0,1100203,0,1,600,300,0.9933333333333333
A,100,0,1100204,0,1,600,300,0.9766666666666667
A,100,0,1100205,0,1,600,300,0.9866666666666667
A,100,0,1100206,1,0,71,36,0.8055555555555556
A,100,0,1100299,1,0,159,80,0.7625
A,100,0,1100300,1,0,98,49,0.8571428571428571
A,100,0,1100301,1,0,105,53,0.7169811320754716
A,100,0,1100302,1,0,163,82,0.7439024390243902
A,100,0,1100303,1,0,99,50,0.72
A,100,0,1100304,1,0,86,43,0.7674418604651163
A,100,0,1100305,1,0,109,55,0.8909090909090909
A,100,0,1100306,1,0,130,65,0.8769230769230769
A,100,0,1100287,1,0,215,108,0.7129629629629629
A,100,0,1100288,1,0,138,69,0.6811594202898551
A,100,0,1100289,0,0,279,140,0.9714285714285714
A,100,0,1100290,0,0,235,118,0.847457627118644
A,100,0,1100319,0,0,121,61,0.7377049180327869
A,100,0,1100320,1,0,107,54,0.8148148148148148
A,100,0,1100321,1,0,88,44,0.8636363636363636
A,100,0,1100322,1,0,59,30,0.8
A,100,0,1100311,1,0,201,101,0.6732673267326733
A,100,0,1100312,1,0,100,50,0.82
A,100,0,1100313,1,0,69,35,0.9428571428571428
A,100,0,1100314,1,0,174,87,0.6666666666666666
A,100,0,1100327,1,0,96,48,0.7708333333333334
A,100,0,1100328,1,0,124,62,0.7741935483870968
A,100,0,1100329,1,0,122,61,0.819672131147541
A,100,0,1100330,0,0,133,67,0.7014925373134329
A,100,0,1100315,1,0,98,49,0.7755102040816326
A,100,0,1100316,1,0,72,36,0.9166666666666666
A,100,0,1100317,1,0,296,148,0.9121621621621622
A,100,0,1100318,1,0,304,152,0.6710526315789473
A,100,0,1100339,0,0,90,45,0.6
A,100,0,1100340,1,0,185,93,0.6021505376344086
A,100,0,1100341,1,0,191,96,0.7916666666666666
A,100,0,1100342,1,0,168,84,0.75
A,100,0,1100343,1,0,67,34,0.8823529411764706
A,100,0,1100344,1,0,63,32,0.90625
A,100,0,1100345,1,0,60,30,0.9666666666666667
A,100,0,1100346,1,0,307,154,0.7272727272727273
A,100,0,1100323,0,1,600,300,0.9566666666666667
A,100,0,1100324,1,0,81,41,0.7317073170731707
A,100,0,1100325,1,0,146,73,0.8493150684931506
A,100,0,1100326,1,0,104,52,0.7115384615384616
A,100,0,1100331,0,1,600,300,0.7633333333333333
A,100,0,1100332,1,0,73,37,0.7837837837837838
A,100,0,1100333,1,0,74,37,0.8918918918918919
A,100,0,1100334,1,0,62,31,0.8064516129032258
A,100,0,1100355,1,0,72,36,0.8888888888888888
A,100,0,1100356,1,0,116,58,0.896551724137931
A,100,0,1100357,1,0,98,49,0.8367346938775511
A,100,0,1100358,1,0,75,38,0.868421052631579
A,100,0,1100335,0,0,143,72,0.8888888888888888
A,100,0,1100336,0,1,600,300,0.5966666666666667
A,100,0,1100337,1,0,80,40,0.825
A,100,0,1100338,1,0,108,54,0.8333333333333334
A,100,0,1100351,1,0,114,57,0.9649122807017544
A,100,0,1100352,1,0,82,41,0.9024390243902439
A,100,0,1100353,1,0,178,89,0.550561797752809
A,100,0,1100354,0,0,221,111,0.9459459459459459
A,100,0,1100363,1,0,78,39,0.8461538461538461
A,100,0,1100364,0,0,177,89,0.6966292134831461
A,100,0,1100365,1,0,73,37,0.8108108108108109
A,100,0,1100366,1,0,68,34,0.9117647058823529
A,100,0,1100307,0,1,600,300,0.9766666666666667
A,100,0,1100308,0,1,600,300,0.96
A,100,0,1100309,1,0,403,202,0.6336633663366337
A,100,0,1100310,1,0,70,35,0.9428571428571428
A,100,0,1100291,1,0,200,100,0.61
A,100,0,1100292,0,1,600,300,0.97
A,100,0,1100293,1,0,170,85,0.7764705882352941
A,100,0,1100294,0,1,600,300,0.9866666666666667
A,100,0,1100367,1,0,198,99,0.7676767676767676
A,100,0,1100368,1,0,134,67,0.8656716417910447
A,100,0,1100369,1,0,91,46,0.7391304347826086
A,100,0,1100370,0,0,200,100,0.79
A,100,0,1100371,1,0,104,52,0.7884615384615384
A,100,0,1100372,0,0,201,101,0.9504950495049505
A,100,0,1100373,1,0,66,33,0.9090909090909091
A,100,0,1100374,1,0,104,52,0.5961538461538461
A,100,0,1100379,1,0,122,61,0.8360655737704918
A,100,0,1100380,1,0,131,66,0.7575757575757576
A,100,0,1100381,1,0,88,44,0.8409090909090909
A,100,0,1100382,1,0,138,69,0.8405797101449275
A,100,0,1100383,1,0,82,41,0.8048780487804879
A,100,0,1100384,1,0,56,28,0.9285714285714286
A,100,0,1100385,1,0,189,95,0.7368421052631579
A,100,0,1100386,1,0,139,70,0.9142857142857143
A,100,0,1100347,0,1,600,300,0.5966666666666667
A,100,0,1100348,1,0,79,40,0.875
A,100,0,1100349,1,0,60,30,0.9666666666666667
A,100,0,1100350,0,0,307,154,0.9805194805194806
A,100,0,1100359,0,0,461,231,0.6493506493506493
A,100,0,1100360,1,0,88,44,0.8181818181818182
A,100,0,1100361,0,1,600,300,0.99
A,100,0,1100362,1,0,64,32,0.875
A,100,0,1100387,1,0,107,54,0.8148148148148148
A,100,0,1100388,1,0,149,75,0.6533333333333333
A,100,0,1100389,1,0,88,44,0.7045454545454546
A,100,0,1100390,1,0,250,125,0.808
A,100,0,1100375,1,0,74,37,0.7837837837837838
A,100,0,1100376,0,1,600,300,0.99
A,100,0,1100377,1,0,248,124,0.9112903225806451
A,100,0,1100378,1,0,95,48,0.8333333333333334
A,100,0,1100391,1,0,104,52,0.9615384615384616
A,100,0,1100392,1,0,75,38,0.8157894736842105
A,100,0,1100393,0,1,600,300,0.98
A,100,0,1100394,1,0,118,59,0.9830508474576272
A,100,0,1100415,1,0,172,86,0.8023255813953488
A,100,0,1100416,1,0,82,41,0.8536585365853658
A,100,0,1100417,1,0,166,83,0.6385542168674698
A,100,0,1100418,0,0,67,34,0.7058823529411765
A,100,0,1100411,1,0,80,40,0.75
A,100,0,1100412,0,0,227,114,0.9122807017543859
A,100,0,1100413,1,0,83,42,0.9285714285714286
A,100,0,1100414,0,0,231,116,0.6982758620689655
A,100,0,1100419,1,0,98,49,0.6938775510204082
A,100,0,1100420,1,0,123,62,0.8709677419354839
A,100,0,1100421,1,0,60,30,0.9333333333333333
A,100,0,1100422,1,0,97,49,0.8367346938775511
A,100,0,1100407,1,0,172,86,0.6511627906976745
A,100,0,1100408,1,0,471,236,0.8347457627118644
A,100,0,1100409,0,0,187,94,0.7872340425531915
A,100,0,1100410,1,0,126,63,0.8253968253968254
A,100,0,1100403,0,1,600,300,0.9466666666666667
A,100,0,1100404,0,0,180,90,0.9333333333333333
A,100,0,1100405,1,0,152,76,0.881578947368421
A,100,0,1100406,1,0,100,50,0.94
A,100,0,1100395,1,0,365,183,0.9180327868852459
A,100,0,1100396,0,1,600,300,0.91
A,100,0,1100397,1,0,149,75,0.8666666666666667
A,100,0,1100398,1,0,134,67,0.7761194029850746
A,100,0,1100435,1,0,107,54,0.8333333333333334
A,100,0,1100436,1,0,108,54,0.7777777777777778
A,100,0,1100437,1,0,79,40,0.825
A,100,0,1100438,1,0,135,68,0.6764705882352942
A,100,0,1100443,1,0,69,35,0.8857142857142857
A,100,0,1100444,1,0,78,39,0.8974358974358975
A,100,0,1100445,1,0,57,29,0.9655172413793104
A,100,0,1100446,1,0,82,41,0.9024390243902439
A,100,0,1100399,0,1,600,300,0.9933333333333333
A,100,0,1100400,1,0,100,50,0.9
A,100,0,1100401,1,0,218,109,0.7614678899082569
A,100,0,1100402,1,0,57,29,0.7931034482758621
A,100,0,1100423,1,0,73,37,0.918918918918919
A,100,0,1100424,0,1,600,300,0.9933333333333333
A,100,0,1100425,0,0,101,51,0.803921568627451
A,100,0,1100426,1,0,79,40,0.925
A,100,0,1100439,0,0,301,151,0.9735099337748344
A,100,0,1100440,1,0,77,39,0.8717948717948718
A,100,0,1100441,0,0,251,126,0.9682539682539683
A,100,0,1100442,1,0,76,38,0.8421052631578947
A,100,0,1100431,1,0,113,57,0.7543859649122807
A,100,0,1100432,0,1,101,51,0.7843137254901961
A,100,0,1100433,1,0,216,108,0.7314814814814815
A,100,0,1100434,0,1,600,300,0.9733333333333334
A,100,0,1100463,1,0,64,32,0.78125
A,100,0,1100464,1,0,140,70,0.6714285714285714
A,100,0,1100465,1,0,100,50,0.68
A,100,0,1100466,1,0,130,65,0.7076923076923077
A,100,0,1100427,1,0,70,35,0.8857142857142857
A,100,0,1100428,1,0,92,46,0.8260869565217391
A,100,0,1100429,1,0,91,46,0.9130434782608695
A,100,0,1100430,0,1,600,300,0.9766666666666667
A,100,0,1100467,1,0,86,43,0.8372093023255814
A,100,0,1100468,1,0,116,58,0.8793103448275862
A,100,0,1100469,1,0,81,41,0.8780487804878049
A,100,0,1100470,1,0,80,40,0.75
A,100,0,1100451,1,0,244,122,0.7213114754098361
A,100,0,1100452,0,1,600,300,0.9866666666666667
A,100,0,1100453,1,0,58,29,0.9310344827586207
A,100,0,1100454,1,0,260,130,0.7076923076923077
A,100,0,1100447,1,0,120,60,0.7166666666666667
A,100,0,1100448,1,0,55,28,0.8214285714285714
A,100,0,1100449,0,1,600,300,0.9566666666666667
A,100,0,1100450,0,1,600,300,0.8733333333333333
A,100,0,1100483,0,0,102,51,0.8823529411764706
A,100,0,1100484,1,0,150,75,0.7066666666666667
A,100,0,1100485,1,0,280,140,0.5785714285714286
A,100,0,1100486,1,0,72,36,0.8888888888888888
A,100,0,1100479,1,0,107,54,0.8703703703703703
A,100,0,1100480,1,0,86,43,0.5581395348837209
A,100,0,1100481,1,0,392,196,0.7091836734693877
A,100,0,1100482,1,0,70,35,0.9428571428571428
A,100,0,1100487,1,0,122,61,0.7049180327868853
A,100,0,1100488,0,0,227,114,0.6754385964912281
A,100,0,1100489,1,0,133,67,0.746268656716418
A,100,0,1100490,1,0,73,37,0.8648648648648649
A,100,0,1100491,1,0,68,34,0.9411764705882353
A,100,0,1100492,0,0,307,154,0.9805194805194806
A,100,0,1100493,0,0,126,63,0.5873015873015873
A,100,0,1100494,1,0,81,41,0.9024390243902439
A,100,0,1100475,1,0,59,30,0.9333333333333333
A,100,0,1100476,1,0,103,52,0.9230769230769231
A,100,0,1100477,0,1,600,300,0.9933333333333333
A,100,0,1100478,1,0,151,76,0.9210526315789473
A,100,0,1100459,0,1,600,300,0.9733333333333334
A,100,0,1100460,1,0,56,28,1.0
A,100,0,1100461,1,0,139,70,0.7571428571428571
A,100,0,1100462,0,1,600,300,0.9666666666666667
A,100,0,1100471,0,0,155,78,0.9743589743589743
A,100,0,1100472,1,0,73,37,0.8918918918918919
A,100,0,1100473,0,1,600,300,0.9833333333333333
A,100,0,1100474,1,0,311,156,0.6987179487179487
A,100,0,1100499,0,1,600,300,0.5066666666666667
A,100,0,1100495,0,1,600,300,0.95
A,100,0,1100496,1,0,58,29,0.7586206896551724
A,100,0,1100497,1,0,122,61,0.819672131147541
A,100,0,1100498,0,0,236,118,0.8389830508474576
A,100,0,1100455,0,1,600,300,0.99
A,100,0,1100456,0,1,600,300,0.94
A,100,0,1100457,0,1,600,300,0.9733333333333334
A,100,0,1100458,1,0,72,36,0.8611111111111112
A,250,0,1250016,1,0,76,16,0.6875
A,250,0,1250017,1,0,113,23,0.7391304347826086
A,250,0,1250018,1,0,78,16,0.9375
A,250,0,1250019,1,0,85,17,0.7058823529411765
A,250,0,1250004,1,0,101,21,0.7619047619047619
A,250,0,1250005,1,0,79,16,0.9375
A,250,0,1250006,1,0,138,28,0.9285714285714286
A,250,0,1250007,1,0,80,16,1.0
A,250,0,1250012,1,0,58,12,0.8333333333333334
A,250,0,1250013,1,0,132,27,0.8888888888888888
A,250,0,1250014,1,0,88,18,0.8888888888888888
A,250,0,1250015,1,0,108,22,1.0
A,250,0,1250024,1,0,144,29,0.9310344827586207
A,250,0,1250025,1,0,104,21,0.9047619047619048
A,250,0,1250026,1,0,105,21,0.9523809523809523
A,250,0,1250027,1,0,174,35,0.6857142857142857
A,250,0,1250008,0,0,207,42,0.6428571428571429
A,250,0,1250009,1,0,110,22,0.7272727272727273
A,250,0,1250010,1,0,95,19,0.7894736842105263
A,250,0,1250011,1,0,105,21,0.9047619047619048
A,250,0,1250028,1,0,230,46,0.9565217391304348
A,250,0,1250029,1,0,59,12,0.9166666666666666
A,250,0,1250030,0,0,127,26,0.9230769230769231
A,250,0,1250031,1,0,203,41,0.8536585365853658
A,250,0,1250032,1,0,75,15,0.8666666666666667
A,250,0,1250033,1,0,120,24,0.75
A,250,0,1250034,1,0,84,17,0.8823529411764706
A,250,0,1250035,1,0,79,16,0.6875
A,250,0,1250048,1,0,73,15,0.8666666666666667
A,250,0,1250049,1,0,124,25,0.96
A,250,0,1250050,1,0,113,23,0.9130434782608695
A,250,0,1250051,1,0,76,16,0.9375
A,250,0,1250000,1,0,234,47,0.9361702127659575
A,250,0,1250001,0,0,201,41,0.9024390243902439
A,250,0,1250002,0,0,295,59,0.6101694915254238
A,250,0,1250003,0,0,76,16,0.8125
A,250,0,1250020,1,0,58,12,0.9166666666666666
A,250,0,1250021,1,0,79,16,0.875
A,250,0,1250022,1,0,152,31,0.7096774193548387
A,250,0,1250023,0,1,600,120,0.9916666666666667
A,250,0,1250064,1,0,161,33,0.8787878787878788
A,250,0,1250065,0,0,155,31,0.8387096774193549
A,250,0,1250066,1,0,90,18,0.8888888888888888
A,250,0,1250067,1,0,80,16,0.875
A,250,0,1250056,0,0,494,99,0.9797979797979798
A,250,0,1250057,1,0,79,16,0.8125
A,250,0,1250058,1,0,121,25,0.76
A,250,0,1250059,1,0,77,16,0.6875
A,250,0,1250052,1,0,64,13,1.0
A,250,0,1250053,1,0,73,15,0.9333333333333333
A,250,0,1250054,0,1,600,120,0.9833333333333333
A,250,0,1250055,1,0,104,21,0.8095238095238095
A,250,0,1250060,1,0,142,29,0.7931034482758621
A,250,0,1250061,1,0,223,45,0.9333333333333333
A,250,0,1250062,0,0,219,44,0.9772727272727273
A,250,0,1250063,1,0,138,28,0.8214285714285714
A,250,0,1250040,1,0,79,16,0.9375
A,250,0,1250041,0,0,189,38,0.9736842105263158
A,250,0,1250042,0,1,600,120,0.9833333333333333
A,250,0,1250043,1,0,162,33,0.7272727272727273
A,250,0,1250044,1,0,79,16,0.875
A,250,0,1250045,1,0,359,72,0.8333333333333334
A,250,0,1250046,0,1,600,120,0.9583333333333334
A,250,0,1250047,1,0,59,12,1.0
A,250,0,1250036,1,0,106,22,0.8636363636363636
A,250,0,1250037,0,1,600,120,0.9166666666666666
A,250,0,1250038,1,0,79,16,1.0
A,250,0,1250039,1,0,63,13,0.9230769230769231
A,250,0,1250072,1,0,155,31,0.8709677419354839
A,250,0,1250073,1,0,143,29,0.6896551724137931
A,250,0,1250074,1,0,57,12,1.0
A,250,0,1250075,1,0,167,34,0.6764705882352942
A,250,0,1250076,1,0,65,13,1.0
A,250,0,1250077,1,0,221,45,0.9111111111111111
A,250,0,1250078,1,0,75,15,0.8666666666666667
A,250,0,1250079,1,0,59,12,1.0
A,250,0,1250096,1,0,73,15,0.9333333333333333
A,250,0,1250097,1,0,112,23,0.7391304347826086
A,250,0,1250098,0,0,126,26,1.0
A,250,0,1250099,1,0,83,17,0.8823529411764706
A,250,0,1250104,1,0,76,16,0.5
A,250,0,1250105,1,0,58,12,1.0
A,250,0,1250106,1,0,98,20,0.8
A,250,0,1250107,1,0,72,15,0.7333333333333333
A,250,0,1250084,1,0,127,26,0.8461538461538461
A,250,0,1250085,1,0,255,51,0.6862745098039216
A,250,0,1250086,1,0,74,15,0.9333333333333333
A,250,0,1250087,0,0,128,26,0.9615384615384616
A,250,0,1250080,0,0,516,104,1.0
A,250,0,1250081,1,0,57,12,0.9166666666666666
A,250,0,1250082,1,0,93,19,0.8947368421052632
A,250,0,1250083,1,0,69,14,0.8571428571428571
A,250,0,1250108,1,0,81,17,0.8823529411764706
A,250,0,1250109,1,0,92,19,0.8947368421052632
A,250,0,1250110,1,0,85,17,0.8235294117647058
A,250,0,1250111,1,0,86,18,0.8333333333333334
A,250,0,1250120,1,0,69,14,0.7857142857142857
A,250,0,1250121,1,0,103,21,0.6666666666666666
A,250,0,1250122,1,0,140,28,0.9285714285714286
A,250,0,1250123,1,0,79,16,0.875
A,250,0,1250112,1,0,74,15,0.8666666666666667
A,250,0,1250113,1,0,169,34,0.8529411764705882
A,250,0,1250114,0,0,176,36,0.9444444444444444
A,250,0,1250115,1,0,83,17,0.8235294117647058
A,250,0,1250124,1,0,74,15,0.8666666666666667
A,250,0,1250125,1,0,84,17,0.8235294117647058
A,250,0,1250126,1,0,71,15,0.9333333333333333
A,250,0,1250127,1,0,57,12,0.9166666666666666
A,250,0,1250100,1,0,88,18,0.6111111111111112
A,250,0,1250101,1,0,199,40,0.825
A,250,0,1250102,1,0,458,92,0.6739130434782609
A,250,0,1250103,1,0,56,12,1.0
A,250,0,1250068,0,1,600,120,0.9833333333333333
A,250,0,1250069,0,1,600,120,0.9666666666666667
A,250,0,1250070,1,0,69,14,0.9285714285714286
A,250,0,1250071,1,0,103,21,0.9523809523809523
A,250,0,1250128,1,0,69,14,0.9285714285714286
A,250,0,1250129,1,0,79,16,0.9375
A,250,0,1250130,1,0,80,16,0.875
A,250,0,1250131,1,0,107,22,0.8636363636363636
A,250,0,1250140,1,0,111,23,0.7391304347826086
A,250,0,1250141,1,0,74,15,0.8
A,250,0,1250142,1,0,84,17,0.9411764705882353
A,250,0,1250143,1,0,121,25,0.8
A,250,0,1250088,1,0,346,70,0.7428571428571429
A,250,0,1250089,0,1,600,120,0.9583333333333334
A,250,0,1250090,1,0,69,14,0.7857142857142857
A,250,0,1250091,1,0,59,12,0.9166666666666666
A,250,0,1250116,1,0,125,25,0.8
A,250,0,1250117,1,0,223,45,0.6666666666666666
A,250,0,1250118,1,0,71,15,0.9333333333333333
A,250,0,1250119,0,1,600,120,0.975
A,250,0,1250148,1,0,130,26,0.7692307692307693
A,250,0,1250149,1,0,148,30,0.9666666666666667
A,250,0,1250150,1,0,59,12,0.8333333333333334
A,250,0,1250151,1,0,186,38,0.7894736842105263
A,250,0,1250152,1,0,96,20,0.95
A,250,0,1250153,1,0,88,18,0.7777777777777778
A,250,0,1250154,1,0,262,53,0.6415094339622641
A,250,0,1250155,1,0,124,25,0.8
A,250,0,1250132,1,0,204,41,0.7560975609756098
A,250,0,1250133,1,0,74,15,0.8666666666666667
A,250,0,1250134,0,1,600,120,0.9666666666666667
A,250,0,1250135,1,0,103,21,1.0
A,250,0,1250144,1,0,113,23,0.8260869565217391
A,250,0,1250145,1,0,51,11,0.9090909090909091
A,250,0,1250146,1,0,116,24,0.6666666666666666
A,250,0,1250147,1,0,430,86,0.9186046511627907
A,250,0,1250136,1,0,127,26,0.8076923076923077
A,250,0,1250137,1,0,402,81,0.7530864197530864
A,250,0,1250138,1,0,58,12,0.8333333333333334
A,250,0,1250139,0,0,386,78,0.7051282051282052
A,250,0,1250160,1,0,179,36,0.7222222222222222
A,250,0,1250161,1,0,70,14,1.0
A,250,0,1250162,0,1,190,38,0.6052631578947368
A,250,0,1250163,1,0,64,13,0.7692307692307693
A,250,0,1250092,0,1,600,120,1.0
A,250,0,1250093,1,0,128,26,0.9230769230769231
A,250,0,1250094,1,0,73,15,0.8
A,250,0,1250095,0,1,600,120,0.9833333333333333
A,250,0,1250164,1,0,133,27,0.5555555555555556
A,250,0,1250165,1,0,159,32,0.875
A,250,0,1250166,0,0,56,12,0.6666666666666666
A,250,0,1250167,1,0,85,17,0.7647058823529411
A,250,0,1250168,1,0,74,15,0.7333333333333333
A,250,0,1250169,1,0,119,24,0.5833333333333334
A,250,0,1250170,1,0,80,16,0.8125
A,250,0,1250171,1,0,73,15,0.8
A,250,0,1250156,1,0,133,27,0.8518518518518519
A,250,0,1250157,1,0,80,16,0.9375
A,250,0,1250158,0,1,600,120,0.9833333333333333
A,250,0,1250159,1,0,74,15,0.8
A,250,0,1250176,1,0,69,14,0.9285714285714286
A,250,0,1250177,1,0,199,40,0.85
A,250,0,1250178,1,0,157,32,0.78125
A,250,0,1250179,1,0,108,22,0.8636363636363636
A,250,0,1250192,1,0,200,40,0.875
A,250,0,1250193,1,0,114,23,0.782608695652174
A,250,0,1250194,1,0,93,19,0.7894736842105263
A,250,0,1250195,1,0,71,15,0.9333333333333333
A,250,0,1250184,1,0,74,15,0.8
A,250,0,1250185,1,0,246,50,0.74
A,250,0,1250186,1,0,156,32,0.78125
A,250,0,1250187,1,0,56,12,0.9166666666666666
A,250,0,1250172,0,1,600,120,1.0
A,250,0,1250173,1,0,168,34,0.6470588235294118
A,250,0,1250174,1,0,65,13,0.8461538461538461
A,250,0,1250175,1,0,98,20,0.8
A,250,0,1250200,1,0,94,19,0.8421052631578947
A,250,0,1250201,1,0,112,23,0.9130434782608695
A,250,0,1250202,1,0,127,26,1.0
A,250,0,1250203,1,0,99,20,0.95
A,250,0,1250204,1,0,150,30,0.8333333333333334
A,250,0,1250205,1,0,70,14,0.9285714285714286
A,250,0,1250206,1,0,173,35,0.8
A,250,0,1250207,1,0,89,18,0.8888888888888888
A,250,0,1250212,1,0,84,17,0.8235294117647058
A,250,0,1250213,0,0,244,49,0.8775510204081632
A,250,0,1250214,1,0,88,18,0.7222222222222222
A,250,0,1250215,1,0,123,25,0.96
A,250,0,1250196,1,0,64,13,0.8461538461538461
A,250,0,1250197,0,1,600,120,0.9916666666666667
A,250,0,1250198,1,0,90,18,0.7222222222222222
A,250,0,1250199,1,0,235,47,0.5531914893617021
A,250,0,1250208,1,0,97,20,0.85
A,250,0,1250209,0,0,201,41,1.0
A,250,0,1250210,1,0,213,43,0.7674418604651163
A,250,0,1250211,1,0,87,18,0.8888888888888888
A,250,0,1250220,1,0,86,18,0.7777777777777778
A,250,0,1250221,1,0,74,15,0.8666666666666667
A,250,0,1250222,1,0,84,17,0.8823529411764706
A,250,0,1250223,1,0,80,16,0.8125
A,250,0,1250188,0,0,310,62,0.6935483870967742
A,250,0,1250189,0,1,600,120,0.9833333333333333
A,250,0,1250190,0,0,101,21,0.8095238095238095
A,250,0,1250191,1,0,69,14,0.8571428571428571
A,250,0,1250224,1,0,198,40,0.75
A,250,0,1250225,1,0,134,27,0.8888888888888888
A,250,0,1250226,1,0,85,17,0.7058823529411765
A,250,0,1250227,1,0,81,17,0.8235294117647058
A,250,0,1250228,1,0,58,12,1.0
A,250,0,1250229,1,0,82,17,0.8235294117647058
A,250,0,1250230,1,0,188,38,0.5789473684210527
A,250,0,1250231,1,0,121,25,0.72
A,250,0,1250216,1,0,147,30,0.8333333333333334
A,250,0,1250217,1,0,169,34,0.6176470588235294
A,250,0,1250218,0,0,116,24,0.75
A,250,0,1250219,1,0,181,37,0.918918918918919
A,250,0,1250240,1,0,76,16,0.8125
A,250,0,1250241,1,0,137,28,0.8214285714285714
A,250,0,1250242,1,0,64,13,0.6923076923076923
A,250,0,1250243,0,0,88,18,0.7777777777777778
A,250,0,1250244,1,0,74,15,0.8
A,250,0,1250245,1,0,66,14,0.9285714285714286
A,250,0,1250246,1,0,83,17,1.0
A,250,0,1250247,1,0,124,25,0.88
A,250,0,1250232,1,0,113,23,0.8260869565217391
A,250,0,1250233,1,0,97,20,0.65
A,250,0,1250234,1,0,57,12,1.0
A,250,0,1250235,1,0,249,50,0.74
A,250,0,1250252,1,0,139,28,0.9285714285714286
A,250,0,1250253,1,0,84,17,0.7647058823529411
A,250,0,1250254,1,0,74,15,0.8666666666666667
A,250,0,1250255,1,0,73,15,1.0
A,250,0,1250260,0,0,76,16,0.625
A,250,0,1250261,1,0,94,19,0.7368421052631579
A,250,0,1250262,1,0,97,20,0.65
A,250,0,1250263,1,0,79,16,0.9375
A,250,0,1250256,1,0,149,30,0.7333333333333333
A,250,0,1250257,1,0,74,15,1.0
A,250,0,1250258,0,0,121,25,0.8
A,250,0,1250259,1,0,57,12,0.9166666666666666
A,250,0,1250180,0,1,600,120,0.9666666666666667
A,250,0,1250181,0,1,600,120,0.9916666666666667
A,250,0,1250182,1,0,69,14,0.9285714285714286
A,250,0,1250183,1,0,85,17,0.8823529411764706
A,250,0,1250272,1,0,98,20,0.95
A,250,0,1250273,0,0,127,26,0.9230769230769231
A,250,0,1250274,1,0,74,15,0.8666666666666667
A,250,0,1250275,1,0,112,23,0.9130434782608695
A,250,0,1250280,1,0,146,30,0.7333333333333333
A,250,0,1250281,1,0,146,30,0.7666666666666667
A,250,0,1250282,1,0,135,27,0.7037037037037037
A,250,0,1250283,0,0,73,15,0.8
A,250,0,1250288,1,0,125,25,0.72
A,250,0,1250289,1,0,65,13,0.8461538461538461
A,250,0,1250290,1,0,75,15,0.9333333333333333
A,250,0,1250291,1,0,79,16,0.9375
A,250,0,1250248,1,0,90,18,0.9444444444444444
A,250,0,1250249,0,1,600,120,0.675
A,250,0,1250250,1,0,132,27,0.7407407407407407
A,250,0,1250251,1,0,129,26,0.8846153846153846
A,250,0,1250284,0,1,600,120,0.9583333333333334
A,250,0,1250285,1,0,122,25,0.88
A,250,0,1250286,1,0,75,15,0.8666666666666667
A,250,0,1250287,1,0,74,15,0.9333333333333333
A,250,0,1250268,0,1,600,120,0.6583333333333333
A,250,0,1250269,1,0,177,36,0.8333333333333334
A,250,0,1250270,1,0,119,24,0.75
A,250,0,1250271,1,0,173,35,0.7714285714285715
A,250,0,1250304,1,0,108,22,0.8636363636363636
A,250,0,1250305,1,0,121,25,0.68
A,250,0,1250306,1,0,90,18,0.8333333333333334
A,250,0,1250307,1,0,88,18,0.8888888888888888
A,250,0,1250236,0,0,222,45,0.9333333333333333
A,250,0,1250237,1,0,84,17,0.9411764705882353
A,250,0,1250238,0,1,600,120,1.0
A,250,0,1250239,0,1,600,120,0.975
A,250,0,1250308,1,0,79,16,0.9375
A,250,0,1250309,1,0,52,11,0.36363636363636365
A,250,0,1250310,1,0,188,38,0.868421052631579
A,250,0,1250311,1,0,168,34,0.7941176470588235
A,250,0,1250316,1,0,61,13,0.9230769230769231
A,250,0,1250317,1,0,84,17,0.8235294117647058
A,250,0,1250318,1,0,69,14,0.8571428571428571
A,250,0,1250319,1,0,74,15,0.8666666666666667
A,250,0,1250296,1,0,443,89,0.9550561797752809
A,250,0,1250297,1,0,185,37,0.7297297297297297
A,250,0,1250298,1,0,341,69,0.6231884057971014
A,250,0,1250299,1,0,101,21,0.8095238095238095
A,250,0,1250300,1,0,69,14,0.7857142857142857
A,250,0,1250301,0,0,521,105,1.0
A,250,0,1250302,1,0,103,21,0.9523809523809523
A,250,0,1250303,1,0,70,14,0.9285714285714286
A,250,0,1250276,1,0,594,119,0.9747899159663865
A,250,0,1250277,1,0,75,15,0.9333333333333333
A,250,0,1250278,0,1,600,120,0.9166666666666666
A,250,0,1250279,1,0,114,23,0.7391304347826086
A,250,0,1250292,1,0,97,20,0.85
A,250,0,1250293,0,1,600,120,0.9666666666666667
A,250,0,1250294,1,0,85,17,0.8235294117647058
A,250,0,1250295,1,0,208,42,0.8809523809523809
A,250,0,1250324,0,0,128,26,0.5
A,250,0,1250325,1,0,167,34,0.8823529411764706
A,250,0,1250326,1,0,60,12,1.0
A,250,0,1250327,1,0,101,21,0.9047619047619048
A,250,0,1250320,1,0,124,25,0.8
A,250,0,1250321,1,0,123,25,0.92
A,250,0,1250322,1,0,308,62,0.5483870967741935
A,250,0,1250323,1,0,98,20,0.95
A,250,0,1250328,1,0,73,15,0.9333333333333333
A,250,0,1250329,0,0,247,50,0.88
A,250,0,1250330,1,0,120,24,0.8333333333333334
A,250,0,1250331,1,0,83,17,0.8823529411764706
A,250,0,1250340,1,0,94,19,0.9473684210526315
A,250,0,1250341,1,0,64,13,0.7692307692307693
A,250,0,1250342,1,0,76,16,0.75
A,250,0,1250343,1,0,79,16,0.9375
A,250,0,1250312,0,1,600,120,0.8
A,250,0,1250313,1,0,83,17,0.8823529411764706
A,250,0,1250314,0,0,271,55,0.9454545454545454
A,250,0,1250315,1,0,133,27,0.9259259259259259
A,250,0,1250348,1,0,102,21,0.9047619047619048
A,250,0,1250349,1,0,58,12,0.6666666666666666
A,250,0,1250350,1,0,112,23,0.782608695652174
A,250,0,1250351,1,0,51,11,1.0
A,250,0,1250344,0,0,226,46,0.5217391304347826
A,250,0,1250345,1,0,86,18,0.7222222222222222
A,250,0,1250346,1,0,186,38,0.8157894736842105
A,250,0,1250347,1,0,79,16,0.875
A,250,0,1250332,1,0,110,22,0.9090909090909091
A,250,0,1250333,1,0,89,18,0.8888888888888888
A,250,0,1250334,0,1,600,120,0.9833333333333333
A,250,0,1250335,1,0,85,17,0.8823529411764706
A,250,0,1250336,1,0,153,31,0.9032258064516129
A,250,0,1250337,1,0,271,55,0.7454545454545455
A,250,0,1250338,1,0,239,48,0.8333333333333334
A,250,0,1250339,1,0,152,31,0.9354838709677419
A,250,0,1250352,1,0,180,36,0.75
A,250,0,1250353,1,0,135,27,0.8888888888888888
A,250,0,1250354,1,0,103,21,0.9047619047619048
A,250,0,1250355,1,0,114,23,0.9565217391304348
A,250,0,1250264,0,1,600,120,0.9416666666666667
A,250,0,1250265,0,1,600,120,0.975
A,250,0,1250266,1,0,80,16,0.75
A,250,0,1250267,0,1,600,120,0.975
A,250,0,1250364,1,0,65,13,0.6923076923076923
A,250,0,1250365,1,0,194,39,0.7435897435897436
A,250,0,1250366,1,0,99,20,0.9
A,250,0,1250367,1,0,82,17,0.7647058823529411
A,250,0,1250360,0,0,226,46,0.9565217391304348
A,250,0,1250361,1,0,177,36,0.6944444444444444
A,250,0,1250362,1,0,97,20,0.85
A,250,0,1250363,1,0,69,14,0.9285714285714286
A,250,0,1250356,1,0,84,17,0.8235294117647058
A,250,0,1250357,0,0,364,73,0.9452054794520548
A,250,0,1250358,1,0,81,17,0.8823529411764706
A,250,0,1250359,1,0,65,13,1.0
A,250,0,1250372,1,0,150,30,0.9666666666666667
A,250,0,1250373,0,0,126,26,0.8461538461538461
A,250,0,1250374,1,0,96,20,0.75
A,250,0,1250375,0,0,79,16,0.625
A,250,0,1250388,1,0,75,15,0.8
A,250,0,1250389,1,0,80,16,1.0
A,250,0,1250390,1,0,113,23,0.6521739130434783
A,250,0,1250391,0,0,102,21,0.5238095238095238
A,250,0,1250376,1,0,114,23,0.8260869565217391
A,250,0,1250377,1,0,342,69,0.7681159420289855
A,250,0,1250378,1,0,86,18,0.8333333333333334
A,250,0,1250379,1,0,93,19,0.7894736842105263
A,250,0,1250396,1,0,223,45,0.8888888888888888
A,250,0,1250397,1,0,75,15,0.8666666666666667
A,250,0,1250398,1,0,61,13,0.8461538461538461
A,250,0,1250399,1,0,90,18,0.8888888888888888
A,250,0,1250380,0,0,308,62,0.9193548387096774
A,250,0,1250381,1,0,64,13,0.9230769230769231
A,250,0,1250382,1,0,164,33,0.8181818181818182
A,250,0,1250383,1,0,110,22,0.8636363636363636
A,250,0,1250392,1,0,104,21,0.6666666666666666
A,250,0,1250393,1,0,170,34,0.8235294117647058
A,250,0,1250394,1,0,83,17,0.7058823529411765
A,250,0,1250395,1,0,152,31,0.8064516129032258
A,250,0,1250404,1,0,69,14,0.9285714285714286
A,250,0,1250405,1,0,249,50,0.86
A,250,0,1250406,1,0,57,12,1.0
A,250,0,1250407,1,0,79,16,0.9375
A,250,0,1250412,1,0,102,21,0.9523809523809523
A,250,0,1250413,1,0,64,13,1.0
A,250,0,1250414,0,0,171,35,0.9142857142857143
A,250,0,1250415,1,0,74,15,0.8666666666666667
A,250,0,1250400,1,0,205,41,0.8048780487804879
A,250,0,1250401,1,0,74,15,0.8
A,250,0,1250402,1,0,375,75,0.5466666666666666
A,250,0,1250403,1,0,89,18,0.7777777777777778
A,250,0,1250424,1,0,73,15,0.5333333333333333
A,250,0,1250425,1,0,68,14,0.9285714285714286
A,250,0,1250426,1,0,57,12,0.9166666666666666
A,250,0,1250427,1,0,137,28,0.7857142857142857
A,250,0,1250416,1,0,98,20,1.0
A,250,0,1250417,1,0,89,18,0.9444444444444444
A,250,0,1250418,1,0,264,53,0.9245283018867925
A,250,0,1250419,0,0,103,21,0.7142857142857143
A,250,0,1250384,1,0,136,28,0.8571428571428571
A,250,0,1250385,0,1,600,120,0.975
A,250,0,1250386,1,0,101,21,0.7619047619047619
A,250,0,1250387,1,0,80,16,0.875
A,250,0,1250368,0,1,600,120,0.9666666666666667
A,250,0,1250369,1,0,84,17,0.8823529411764706
A,250,0,1250370,1,0,72,15,0.8666666666666667
A,250,0,1250371,1,0,62,13,1.0
A,250,0,1250420,1,0,200,40,0.675
A,250,0,1250421,1,0,67,14,0.8571428571428571
A,250,0,1250422,1,0,356,72,0.6388888888888888
A,250,0,1250423,1,0,87,18,0.8333333333333334
A,250,0,1250436,1,0,127,26,0.7692307692307693
A,250,0,1250437,1,0,102,21,0.7142857142857143
A,250,0,1250438,1,0,119,24,0.75
A,250,0,1250439,1,0,148,30,0.9333333333333333
A,250,0,1250408,1,0,385,77,0.6883116883116883
A,250,0,1250409,1,0,99,20,0.8
A,250,0,1250410,1,0,78,16,0.75
A,250,0,1250411,1,0,427,86,0.8023255813953488
A,250,0,1250452,1,0,77,16,0.875
A,250,0,1250453,1,0,92,19,1.0
A,250,0,1250454,1,0,108,22,0.8636363636363636
A,250,0,1250455,1,0,61,13,1.0
A,250,0,1250444,1,0,159,32,0.875
A,250,0,1250445,1,0,74,15,0.9333333333333333
A,250,0,1250446,1,0,129,26,0.9230769230769231
A,250,0,1250447,1,0,172,35,0.7714285714285715
A,250,0,1250460,1,0,69,14,1.0
A,250,0,1250461,1,0,57,12,0.9166666666666666
A,250,0,1250462,1,0,108,22,0.9090909090909091
A,250,0,1250463,0,0,101,21,0.6190476190476191
A,250,0,1250432,0,1,600,120,1.0
A,250,0,1250433,0,0,167,34,0.8529411764705882
A,250,0,1250434,1,0,79,16,0.8125
A,250,0,1250435,1,0,85,17,0.8235294117647058
A,250,0,1250428,0,0,130,26,0.8846153846153846
A,250,0,1250429,0,0,234,47,0.5531914893617021
A,250,0,1250430,1,0,75,15,0.8
A,250,0,1250431,0,1,600,120,0.975
A,250,0,1250448,1,0,85,17,0.9411764705882353
A,250,0,1250449,0,1,600,120,0.9833333333333333
A,250,0,1250450,1,0,79,16,0.8125
A,250,0,1250451,1,0,58,12,1.0
A,250,0,1250472,1,0,109,22,0.7727272727272727
A,250,0,1250473,1,0,88,18,0.6666666666666666
A,250,0,1250474,1,0,65,13,0.9230769230769231
A,250,0,1250475,0,0,267,54,0.9629629629629629
A,250,0,1250480,1,0,108,22,0.8636363636363636
A,250,0,1250481,1,0,108,22,0.9090909090909091
A,250,0,1250482,1,0,69,14,0.9285714285714286
A,250,0,1250483,1,0,121,25,1.0
A,250,0,1250476,1,0,59,12,0.9166666666666666
A,250,0,1250477,1,0,69,14,1.0
A,250,0,1250478,0,0,332,67,0.835820895522388
A,250,0,1250479,1,0,84,17,0.9411764705882353
A,250,0,1250468,1,0,117,24,0.9166666666666666
A,250,0,1250469,1,0,101,21,0.5714285714285714
A,250,0,1250470,1,0,119,24,0.8333333333333334
A,250,0,1250471,0,1,600,120,0.95
A,250,0,1250488,1,0,70,14,0.7142857142857143
A,250,0,1250489,0,0,126,26,0.7307692307692307
A,250,0,1250490,1,0,181,37,0.6486486486486487
A,250,0,1250491,1,0,79,16,0.9375
A,250,0,1250456,0,1,600,120,0.925
A,250,0,1250457,1,0,67,14,0.8571428571428571
A,250,0,1250458,1,0,177,36,0.6944444444444444
A,250,0,1250459,1,0,74,15,0.9333333333333333
A,250,0,1250464,1,0,73,15,1.0
A,250,0,1250465,1,0,88,18,0.9444444444444444
A,250,0,1250466,0,1,600,120,0.975
A,250,0,1250467,1,0,111,23,1.0
A,250,0,1250440,0,1,600,120,0.9583333333333334
A,250,0,1250441,1,0,85,17,0.7647058823529411
A,250,0,1250442,0,1,600,120,0.725
A,250,0,1250443,1,0,69,14,0.9285714285714286
A,250,0,1250484,1,0,102,21,0.9047619047619048
A,250,0,1250485,1,0,80,16,0.6875
A,250,0,1250486,0,1,600,120,0.9666666666666667
A,250,0,1250487,0,0,148,30,0.8
A,250,0,1250492,1,0,79,16,0.75
A,250,0,1250493,0,0,535,107,0.9813084112149533
A,250,0,1250494,1,0,94,19,0.6842105263157895
A,250,0,1250495,1,0,115,23,0.8695652173913043
A,250,0,1250496,0,1,600,120,0.9916666666666667
A,250,0,1250497,0,1,600,120,0.975
A,250,0,1250498,1,0,58,12,0.8333333333333334
A,250,0,1250499,0,0,115,23,0.9130434782608695
A,500,0,1500019,1,0,58,6,1.0
A,500,0,1500020,1,0,97,10,0.8
A,500,0,1500021,1,0,103,11,0.9090909090909091
A,500,0,1500022,0,0,76,8,0.75
A,500,0,1500015,1,0,104,11,0.9090909090909091
A,500,0,1500016,1,0,74,8,1.0
A,500,0,1500017,1,0,160,16,0.8125
A,500,0,1500018,1,0,79,8,1.0
A,500,0,1500011,1,0,69,7,0.8571428571428571
A,500,0,1500012,1,0,181,19,0.8947368421052632
A,500,0,1500013,1,0,79,8,1.0
A,500,0,1500014,1,0,74,8,1.0
A,500,0,1500031,1,0,59,6,0.8333333333333334
A,500,0,1500032,1,0,171,18,0.8888888888888888
A,500,0,1500033,1,0,112,12,0.6666666666666666
A,500,0,1500034,0,0,130,13,0.6923076923076923
A,500,0,1500027,1,0,177,18,0.9444444444444444
A,500,0,1500028,1,0,57,6,1.0
A,500,0,1500029,0,0,173,18,0.8888888888888888
A,500,0,1500030,1,0,93,10,0.8
A,500,0,1500003,1,0,245,25,0.64
A,500,0,1500004,1,0,75,8,1.0
A,500,0,1500005,1,0,183,19,0.6842105263157895
A,500,0,1500006,1,0,90,9,0.7777777777777778
A,500,0,1500043,1,0,90,9,0.8888888888888888
A,500,0,1500044,1,0,158,16,0.875
A,500,0,1500045,1,0,133,14,0.7142857142857143
A,500,0,1500046,1,0,166,17,0.6470588235294118
A,500,0,1500039,1,0,166,17,0.8235294117647058
A,500,0,1500040,1,0,146,15,0.8
A,500,0,1500041,1,0,127,13,1.0
A,500,0,1500042,1,0,131,14,0.9285714285714286
A,500,0,1500047,1,0,80,8,0.75
A,500,0,1500048,1,0,167,17,0.7647058823529411
A,500,0,1500049,0,0,176,18,0.9444444444444444
A,500,0,1500050,1,0,192,20,0.95
A,500,0,1500035,1,0,69,7,0.8571428571428571
A,500,0,1500036,1,0,90,9,0.8888888888888888
A,500,0,1500037,1,0,69,7,0.8571428571428571
A,500,0,1500038,1,0,547,55,0.9818181818181818
A,500,0,1500063,1,0,88,9,0.6666666666666666
A,500,0,1500064,1,0,76,8,0.75
A,500,0,1500065,1,0,123,13,0.8461538461538461
A,500,0,1500066,1,0,57,6,1.0
A,500,0,1500055,1,0,81,9,0.8888888888888888
A,500,0,1500056,0,0,382,39,0.5897435897435898
A,500,0,1500057,1,0,106,11,0.9090909090909091
A,500,0,1500058,1,0,117,12,0.8333333333333334
A,500,0,1500007,1,0,60,6,0.8333333333333334
A,500,0,1500008,1,0,70,7,0.8571428571428571
A,500,0,1500009,1,0,157,16,0.8125
A,500,0,1500010,1,0,482,49,1.0
A,500,0,1500059,1,0,119,12,0.9166666666666666
A,500,0,1500060,1,0,73,8,0.875
A,500,0,1500061,1,0,120,12,0.8333333333333334
A,500,0,1500062,1,0,146,15,0.7333333333333333
A,500,0,1500051,1,0,79,8,0.875
A,500,0,1500052,1,0,59,6,0.8333333333333334
A,500,0,1500053,0,1,600,60,1.0
A,500,0,1500054,1,0,223,23,0.6521739130434783
A,500,0,1500023,0,0,118,12,0.75
A,500,0,1500024,1,0,69,7,0.8571428571428571
A,500,0,1500025,1,0,71,8,1.0
A,500,0,1500026,0,1,600,60,0.9666666666666667
A,500,0,1500071,1,0,105,11,1.0
A,500,0,1500072,1,0,108,11,0.9090909090909091
A,500,0,1500073,1,0,75,8,1.0
A,500,0,1500074,1,0,51,6,0.8333333333333334
A,500,0,1500083,1,0,72,8,1.0
A,500,0,1500084,1,0,75,8,0.875
A,500,0,1500085,1,0,79,8,0.875
A,500,0,1500086,0,0,170,17,0.8823529411764706
A,500,0,1500079,1,0,157,16,0.8125
A,500,0,1500080,1,0,89,9,0.7777777777777778
A,500,0,1500081,1,0,123,13,0.9230769230769231
A,500,0,1500082,1,0,79,8,0.875
A,500,0,1500075,1,0,57,6,1.0
A,500,0,1500076,0,0,225,23,0.6521739130434783
A,500,0,1500077,1,0,79,8,1.0
A,500,0,1500078,1,0,70,7,0.7142857142857143
A,500,0,1500095,1,0,143,15,0.7333333333333333
A,500,0,1500096,1,0,132,14,0.8571428571428571
A,500,0,1500097,1,0,157,16,1.0
A,500,0,1500098,0,0,202,21,0.9047619047619048
A,500,0,1500111,1,0,243,25,0.84
A,500,0,1500112,0,0,84,9,0.8888888888888888
A,500,0,1500113,1,0,73,8,0.875
A,500,0,1500114,1,0,108,11,1.0
A,500,0,1500103,1,0,122,13,0.7692307692307693
A,500,0,1500104,1,0,69,7,0.8571428571428571
A,500,0,1500105,1,0,379,38,0.5789473684210527
A,500,0,1500106,1,0,58,6,1.0
A,500,0,1500087,1,0,243,25,0.68
A,500,0,1500088,1,0,79,8,1.0
A,500,0,1500089,0,1,600,60,0.95
A,500,0,1500090,1,0,72,8,0.875
A,500,0,1500091,1,0,135,14,0.7857142857142857
A,500,0,1500092,1,0,72,8,0.75
A,500,0,1500093,0,1,600,60,0.9666666666666667
A,500,0,1500094,1,0,140,14,0.6428571428571429
A,500,0,1500123,1,0,79,8,0.875
A,500,0,1500124,0,0,151,16,0.9375
A,500,0,1500125,1,0,79,8,0.75
A,500,0,1500126,1,0,59,6,1.0
A,500,0,1500107,0,1,600,60,0.9666666666666667
A,500,0,1500108,1,0,89,9,1.0
A,500,0,1500109,1,0,139,14,0.9285714285714286
A,500,0,1500110,1,0,57,6,0.8333333333333334
A,500,0,1500119,1,0,87,9,1.0
A,500,0,1500120,1,0,86,9,0.8888888888888888
A,500,0,1500121,1,0,61,7,1.0
A,500,0,1500122,0,0,214,22,0.7727272727272727
A,500,0,1500131,1,0,125,13,0.6923076923076923
A,500,0,1500132,1,0,59,6,1.0
A,500,0,1500133,1,0,121,13,0.8461538461538461
A,500,0,1500134,1,0,90,9,0.7777777777777778
A,500,0,1500067,1,0,101,11,0.9090909090909091
A,500,0,1500068,0,0,326,33,1.0
A,500,0,1500069,1,0,111,12,0.9166666666666666
A,500,0,1500070,0,1,600,60,0.9333333333333333
A,500,0,1500127,1,0,73,8,0.875
A,500,0,1500128,1,0,127,13,0.9230769230769231
A,500,0,1500129,1,0,81,9,0.5555555555555556
A,500,0,1500130,1,0,153,16,1.0
A,500,0,1500143,1,0,106,11,0.9090909090909091
A,500,0,1500144,1,0,60,6,0.8333333333333334
A,500,0,1500145,1,0,69,7,0.8571428571428571
A,500,0,1500146,1,0,75,8,0.875
A,500,0,1500139,1,0,127,13,0.9230769230769231
A,500,0,1500140,1,0,91,10,1.0
A,500,0,1500141,1,0,110,11,0.9090909090909091
A,500,0,1500142,1,0,70,7,0.8571428571428571
A,500,0,1500135,1,0,80,8,0.75
A,500,0,1500136,0,0,268,27,0.8888888888888888
A,500,0,1500137,1,0,80,8,0.875
A,500,0,1500138,0,0,138,14,0.8571428571428571
A,500,0,1500147,1,0,103,11,0.8181818181818182
A,500,0,1500148,1,0,118,12,1.0
A,500,0,1500149,1,0,122,13,0.8461538461538461
A,500,0,1500150,1,0,149,15,1.0
A,500,0,1500155,1,0,115,12,0.9166666666666666
A,500,0,1500156,1,0,195,20,0.6
A,500,0,1500157,1,0,74,8,1.0
A,500,0,1500158,0,0,54,6,0.8333333333333334
A,500,0,1500163,1,0,76,8,0.875
A,500,0,1500164,1,0,122,13,0.9230769230769231
A,500,0,1500165,1,0,81,9,1.0
A,500,0,1500166,1,0,129,13,1.0
A,500,0,1500151,1,0,81,9,1.0
A,500,0,1500152,0,0,132,14,0.6428571428571429
A,500,0,1500153,1,0,103,11,1.0
A,500,0,1500154,1,0,295,30,0.8666666666666667
A,500,0,1500167,1,0,79,8,0.75
A,500,0,1500168,1,0,104,11,0.7272727272727273
A,500,0,1500169,0,0,180,18,1.0
A,500,0,1500170,1,0,69,7,1.0
A,500,0,1500115,0,0,426,43,0.9767441860465116
A,500,0,1500116,1,0,225,23,0.8695652173913043
A,500,0,1500117,0,0,272,28,0.9285714285714286
A,500,0,1500118,1,0,153,16,0.9375
A,500,0,1500159,0,1,600,60,1.0
A,500,0,1500160,1,0,120,12,0.9166666666666666
A,500,0,1500161,1,0,171,18,0.8888888888888888
A,500,0,1500162,1,0,111,12,0.9166666666666666
A,500,0,1500191,1,0,74,8,0.875
A,500,0,1500192,1,0,59,6,1.0
A,500,0,1500193,1,0,73,8,1.0
A,500,0,1500194,1,0,223,23,0.782608695652174
A,500,0,1500099,1,0,94,10,0.9
A,500,0,1500100,0,1,600,60,0.9833333333333333
A,500,0,1500101,0,1,600,60,0.9666666666666667
A,500,0,1500102,1,0,125,13,0.9230769230769231
A,500,0,1500175,0,0,336,34,0.5588235294117647
A,500,0,1500176,1,0,60,6,0.8333333333333334
A,500,0,1500177,1,0,121,13,0.9230769230769231
A,500,0,1500178,0,0,283,29,0.5862068965517241
A,500,0,1500179,1,0,59,6,1.0
A,500,0,1500180,1,0,253,26,0.9230769230769231
A,500,0,1500181,0,0,107,11,0.8181818181818182
A,500,0,1500182,1,0,424,43,0.6976744186046512
A,500,0,1500195,1,0,71,8,0.875
A,500,0,1500196,1,0,82,9,1.0
A,500,0,1500197,0,0,120,12,1.0
A,500,0,1500198,1,0,79,8,0.75
A,500,0,1500183,1,0,111,12,0.8333333333333334
A,500,0,1500184,1,0,92,10,0.8
A,500,0,1500185,0,1,600,60,0.9833333333333333
A,500,0,1500186,1,0,80,8,0.875
A,500,0,1500171,1,0,79,8,1.0
A,500,0,1500172,1,0,87,9,1.0
A,500,0,1500173,1,0,74,8,0.875
A,500,0,1500174,0,1,600,60,1.0
A,500,0,1500203,1,0,128,13,0.9230769230769231
A,500,0,1500204,1,0,164,17,0.8235294117647058
A,500,0,1500205,1,0,97,10,0.6
A,500,0,1500206,1,0,163,17,0.8823529411764706
A,500,0,1500207,1,0,56,6,1.0
A,500,0,1500208,1,0,71,8,1.0
A,500,0,1500209,0,0,249,25,0.92
A,500,0,1500210,1,0,121,13,0.8461538461538461
A,500,0,1500219,0,0,234,24,1.0
A,500,0,1500220,1,0,114,12,0.6666666666666666
A,500,0,1500221,1,0,137,14,0.9285714285714286
A,500,0,1500222,1,0,133,14,1.0
A,500,0,1500227,0,0,150,15,0.9333333333333333
A,500,0,1500228,1,0,176,18,0.6666666666666666
A,500,0,1500229,1,0,74,8,1.0
A,500,0,1500230,1,0,93,10,0.8
A,500,0,1500231,1,0,80,8,1.0
A,500,0,1500232,1,0,152,16,0.8125
A,500,0,1500233,1,0,87,9,0.7777777777777778
A,500,0,1500234,1,0,71,8,0.5
A,500,0,1500215,1,0,59,6,1.0
A,500,0,1500216,0,1,600,60,1.0
A,500,0,1500217,0,0,101,11,0.9090909090909091
A,500,0,1500218,1,0,60,6,0.8333333333333334
A,500,0,1500211,1,0,84,9,0.7777777777777778
A,500,0,1500212,1,0,427,43,0.9069767441860465
A,500,0,1500213,1,0,154,16,0.875
A,500,0,1500214,1,0,59,6,1.0
A,500,0,1500187,0,1,600,60,0.9666666666666667
A,500,0,1500188,1,0,171,18,0.8333333333333334
A,500,0,1500189,0,1,600,60,0.9833333333333333
A,500,0,1500190,1,0,111,12,1.0
A,500,0,1500235,1,0,80,8,0.75
A,500,0,1500236,1,0,80,8,1.0
A,500,0,1500237,1,0,137,14,0.8571428571428571
A,500,0,1500238,1,0,82,9,0.7777777777777778
A,500,0,1500199,0,1,600,60,0.9666666666666667
A,500,0,1500200,1,0,226,23,0.6086956521739131
A,500,0,1500201,1,0,81,9,0.8888888888888888
A,500,0,1500202,1,0,137,14,1.0
A,500,0,1500243,1,0,82,9,1.0
A,500,0,1500244,1,0,246,25,0.68
A,500,0,1500245,1,0,58,6,1.0
A,500,0,1500246,1,0,79,8,1.0
A,500,0,1500255,1,0,88,9,0.8888888888888888
A,500,0,1500256,0,0,126,13,0.7692307692307693
A,500,0,1500257,1,0,58,6,1.0
A,500,0,1500258,0,0,107,11,0.9090909090909091
A,500,0,1500263,1,0,101,11,0.9090909090909091
A,500,0,1500264,1,0,59,6,1.0
A,500,0,1500265,1,0,72,8,0.875
A,500,0,1500266,1,0,57,6,1.0
A,500,0,1500239,1,0,81,9,0.8888888888888888
A,500,0,1500240,1,0,145,15,0.9333333333333333
A,500,0,1500241,1,0,134,14,0.9285714285714286
A,500,0,1500242,1,0,174,18,0.7222222222222222
A,500,0,1500251,1,0,138,14,1.0
A,500,0,1500252,1,0,108,11,0.9090909090909091
A,500,0,1500253,1,0,397,40,0.75
A,500,0,1500254,1,0,137,14,1.0
A,500,0,1500267,1,0,143,15,0.8
A,500,0,1500268,1,0,58,6,1.0
A,500,0,1500269,1,0,70,7,0.8571428571428571
A,500,0,1500270,1,0,171,18,0.7777777777777778
A,500,0,1500275,0,0,129,13,1.0
A,500,0,1500276,1,0,113,12,1.0
A,500,0,1500277,1,0,74,8,0.875
A,500,0,1500278,1,0,103,11,1.0
A,500,0,1500247,1,0,60,6,1.0
A,500,0,1500248,1,0,121,13,0.9230769230769231
A,500,0,1500249,0,0,326,33,0.9696969696969697
A,500,0,1500250,1,0,250,25,0.88
A,500,0,1500271,0,0,228,23,0.782608695652174
A,500,0,1500272,1,0,103,11,0.8181818181818182
A,500,0,1500273,1,0,79,8,1.0
A,500,0,1500274,1,0,76,8,1.0
A,500,0,1500259,1,0,79,8,1.0
A,500,0,1500260,1,0,79,8,0.875
A,500,0,1500261,1,0,89,9,1.0
A,500,0,1500262,0,1,600,60,0.9833333333333333
A,500,0,1500279,1,0,80,8,1.0
A,500,0,1500280,1,0,155,16,0.875
A,500,0,1500281,1,0,157,16,0.75
A,500,0,1500282,1,0,171,18,0.7777777777777778
A,500,0,1500287,1,0,58,6,1.0
A,500,0,1500288,1,0,166,17,0.7058823529411765
A,500,0,1500289,1,0,79,8,0.875
A,500,0,1500290,1,0,57,6,1.0
A,500,0,1500299,1,0,104,11,0.8181818181818182
A,500,0,1500300,1,0,90,9,0.8888888888888888
A,500,0,1500301,1,0,129,13,0.9230769230769231
A,500,0,1500302,1,0,79,8,0.875
A,500,0,1500291,1,0,118,12,0.9166666666666666
A,500,0,1500292,1,0,171,18,0.9444444444444444
A,500,0,1500293,1,0,90,9,1.0
A,500,0,1500294,1,0,93,10,0.9
A,500,0,1500307,1,0,108,11,0.9090909090909091
A,500,0,1500308,1,0,80,8,0.875
A,500,0,1500309,0,0,76,8,0.75
A,500,0,1500310,1,0,82,9,1.0
A,500,0,1500295,1,0,97,10,1.0
A,500,0,1500296,1,0,108,11,0.7272727272727273
A,500,0,1500297,1,0,135,14,0.7857142857142857
A,500,0,1500298,1,0,123,13,0.8461538461538461
A,500,0,1500223,0,1,600,60,1.0
A,500,0,1500224,1,0,104,11,0.7272727272727273
A,500,0,1500225,1,0,191,20,0.9
A,500,0,1500226,0,1,600,60,1.0
A,500,0,1500311,1,0,57,6,1.0
A,500,0,1500312,1,0,153,16,0.5625
A,500,0,1500313,1,0,69,7,0.5714285714285714
A,500,0,1500314,1,0,171,18,0.8888888888888888
A,500,0,1500303,0,0,167,17,0.8823529411764706
A,500,0,1500304,1,0,59,6,1.0
A,500,0,1500305,1,0,173,18,0.7222222222222222
A,500,0,1500306,1,0,164,17,0.7647058823529411
A,500,0,1500315,1,0,214,22,0.4090909090909091
A,500,0,1500316,1,0,79,8,1.0
A,500,0,1500317,1,0,114,12,0.9166666666666666
A,500,0,1500318,0,0,94,10,0.9
A,500,0,1500283,1,0,70,7,0.7142857142857143
A,500,0,1500284,1,0,82,9,0.7777777777777778
A,500,0,1500285,0,1,600,60,1.0
A,500,0,1500286,1,0,113,12,0.9166666666666666
A,500,0,1500331,1,0,69,7,1.0
A,500,0,1500332,1,0,289,29,0.9310344827586207
A,500,0,1500333,1,0,97,10,0.9
A,500,0,1500334,1,0,59,6,1.0
A,500,0,1500339,1,0,88,9,1.0
A,500,0,1500340,1,0,199,20,0.8
A,500,0,1500341,1,0,132,14,0.7857142857142857
A,500,0,1500342,1,0,109,11,1.0
A,500,0,1500327,1,0,79,8,0.875
A,500,0,1500328,1,0,331,34,0.6764705882352942
A,500,0,1500329,0,0,307,31,0.967741935483871
A,500,0,1500330,1,0,80,8,0.875
A,500,0,1500347,1,0,139,14,0.9285714285714286
A,500,0,1500348,1,0,79,8,1.0
A,500,0,1500349,1,0,90,9,1.0
A,500,0,1500350,1,0,83,9,0.6666666666666666
A,500,0,1500343,1,0,83,9,0.8888888888888888
A,500,0,1500344,0,0,147,15,0.5333333333333333
A,500,0,1500345,0,0,66,7,0.7142857142857143
A,500,0,1500346,0,0,269,27,0.6666666666666666
A,500,0,1500319,1,0,108,11,0.9090909090909091
A,500,0,1500320,1,0,100,10,0.8
A,500,0,1500321,0,1,600,60,0.5166666666666667
A,500,0,1500322,1,0,365,37,0.6756756756756757
A,500,0,1500359,0,0,193,20,0.65
A,500,0,1500360,1,0,75,8,1.0
A,500,0,1500361,1,0,60,6,0.8333333333333334
A,500,0,1500362,1,0,120,12,0.9166666666666666
A,500,0,1500335,0,1,600,60,0.9833333333333333
A,500,0,1500336,1,0,136,14,0.8571428571428571
A,500,0,1500337,1,0,131,14,0.8571428571428571
A,500,0,1500338,1,0,56,6,1.0
A,500,0,1500323,0,1,600,60,0.5666666666666667
A,500,0,1500324,1,0,90,9,0.8888888888888888
A,500,0,1500325,1,0,71,8,1.0
A,500,0,1500326,0,1,600,60,0.9833333333333333
A,500,0,1500363,1,0,115,12,0.8333333333333334
A,500,0,1500364,1,0,200,20,0.85
A,500,0,1500365,1,0,193,20,0.75
A,500,0,1500366,1,0,76,8,0.75
A,500,0,1500371,1,0,89,9,0.8888888888888888
A,500,0,1500372,1,0,89,9,1.0
A,500,0,1500373,1,0,140,14,0.8571428571428571
A,500,0,1500374,1,0,151,16,0.875
A,500,0,1500383,1,0,77,8,1.0
A,500,0,1500384,1,0,114,12,1.0
A,500,0,1500385,1,0,73,8,1.0
A,500,0,1500386,1,0,74,8,0.875
A,500,0,1500367,1,0,138,14,1.0
A,500,0,1500368,1,0,171,18,0.8333333333333334
A,500,0,1500369,1,0,76,8,0.625
A,500,0,1500370,0,1,600,60,0.6666666666666666
A,500,0,1500375,1,0,146,15,0.6
A,500,0,1500376,1,0,373,38,0.9736842105263158
A,500,0,1500377,1,0,98,10,0.8
A,500,0,1500378,1,0,101,11,0.8181818181818182
A,500,0,1500379,1,0,92,10,0.8
A,500,0,1500380,1,0,89,9,0.8888888888888888
A,500,0,1500381,0,1,600,60,0.9666666666666667
A,500,0,1500382,1,0,103,11,0.9090909090909091
A,500,0,1500387,1,0,277,28,0.8214285714285714
A,500,0,1500388,1,0,117,12,0.9166666666666666
A,500,0,1500389,1,0,59,6,1.0
A,500,0,1500390,1,0,162,17,0.7647058823529411
A,500,0,1500395,1,0,107,11,0.9090909090909091
A,500,0,1500396,1,0,79,8,1.0
A,500,0,1500397,1,0,128,13,0.7692307692307693
A,500,0,1500398,1,0,104,11,1.0
A,500,0,1500391,1,0,60,6,0.6666666666666666
A,500,0,1500392,1,0,71,8,0.875
A,500,0,1500393,1,0,343,35,0.6571428571428571
A,500,0,1500394,1,0,139,14,0.8571428571428571
A,500,0,1500407,1,0,70,7,0.8571428571428571
A,500,0,1500408,1,0,134,14,0.7857142857142857
A,500,0,1500409,1,0,79,8,0.875
A,500,0,1500410,1,0,98,10,0.9
A,500,0,1500411,1,0,80,8,0.75
A,500,0,1500412,0,0,145,15,0.6
A,500,0,1500413,1,0,209,21,0.7142857142857143
A,500,0,1500414,1,0,89,9,0.8888888888888888
A,500,0,1500355,0,1,600,60,0.9833333333333333
A,500,0,1500356,1,0,172,18,0.8888888888888888
A,500,0,1500357,0,0,151,16,0.875
A,500,0,1500358,1,0,555,56,1.0
A,500,0,1500351,1,0,122,13,1.0
A,500,0,1500352,0,1,600,60,0.9666666666666667
A,500,0,1500353,0,1,600,60,0.9833333333333333
A,500,0,1500354,1,0,79,8,0.875
A,500,0,1500403,0,1,600,60,0.7
A,500,0,1500404,1,0,81,9,0.7777777777777778
A,500,0,1500405,1,0,132,14,0.6428571428571429
A,500,0,1500406,1,0,84,9,0.8888888888888888
A,500,0,1500415,1,0,101,11,0.9090909090909091
A,500,0,1500416,1,0,97,10,0.9
A,500,0,1500417,1,0,113,12,0.75
A,500,0,1500418,0,1,600,60,1.0
A,500,0,1500399,0,1,600,60,0.9833333333333333
A,500,0,1500400,1,0,79,8,0.875
A,500,0,1500401,1,0,82,9,0.8888888888888888
A,500,0,1500402,1,0,122,13,0.6923076923076923
A,500,0,1500435,1,0,79,8,1.0
A,500,0,1500436,1,0,126,13,0.7692307692307693
A,500,0,1500437,1,0,382,39,0.9487179487179487
A,500,0,1500438,1,0,83,9,1.0
A,500,0,1500439,1,0,122,13,0.5384615384615384
A,500,0,1500440,1,0,113,12,0.75
A,500,0,1500441,1,0,117,12,1.0
A,500,0,1500442,1,0,80,8,0.875
A,500,0,1500419,1,0,173,18,0.6111111111111112
A,500,0,1500420,0,1,600,60,1.0
A,500,0,1500421,1,0,80,8,0.75
A,500,0,1500422,1,0,261,27,0.6666666666666666
A,500,0,1500427,1,0,176,18,0.6666666666666666
A,500,0,1500428,1,0,70,7,0.8571428571428571
A,500,0,1500429,0,0,508,51,0.8627450980392157
A,500,0,1500430,1,0,79,8,1.0
A,500,0,1500459,1,0,77,8,0.875
A,500,0,1500460,1,0,58,6,1.0
A,500,0,1500461,1,0,90,9,0.8888888888888888
A,500,0,1500462,1,0,73,8,0.875
A,500,0,1500455,1,0,182,19,0.6842105263157895
A,500,0,1500456,1,0,80,8,0.875
A,500,0,1500457,1,0,81,9,1.0
A,500,0,1500458,1,0,80,8,0.875
A,500,0,1500447,1,0,79,8,1.0
A,500,0,1500448,1,0,93,10,1.0
A,500,0,1500449,1,0,220,22,0.9090909090909091
A,500,0,1500450,1,0,80,8,1.0
A,500,0,1500463,1,0,80,8,0.875
A,500,0,1500464,0,0,185,19,0.9473684210526315
A,500,0,1500465,1,0,112,12,0.8333333333333334
A,500,0,1500466,1,0,120,12,0.8333333333333334
A,500,0,1500431,1,0,126,13,0.6923076923076923
A,500,0,1500432,1,0,115,12,0.9166666666666666
A,500,0,1500433,1,0,106,11,1.0
A,500,0,1500434,0,1,600,60,0.9833333333333333
A,500,0,1500423,0,1,600,60,0.9833333333333333
A,500,0,1500424,1,0,334,34,0.9117647058823529
A,500,0,1500425,1,0,476,48,0.5
A,500,0,1500426,1,0,57,6,1.0
A,500,0,1500471,1,0,79,8,0.875
A,500,0,1500472,1,0,121,13,1.0
A,500,0,1500473,1,0,61,7,0.8571428571428571
A,500,0,1500474,1,0,158,16,0.8125
A,500,0,1500483,1,0,141,15,0.7333333333333333
A,500,0,1500484,1,0,59,6,1.0
A,500,0,1500485,1,0,58,6,0.8333333333333334
A,500,0,1500486,1,0,109,11,1.0
A,500,0,1500479,1,0,132,14,1.0
A,500,0,1500480,1,0,80,8,0.875
A,500,0,1500481,1,0,126,13,0.5384615384615384
A,500,0,1500482,1,0,112,12,0.9166666666666666
A,500,0,1500499,1,0,117,12,1.0
A,500,0,1500467,1,0,103,11,0.9090909090909091
A,500,0,1500468,0,0,93,10,1.0
A,500,0,1500469,1,0,58,6,0.8333333333333334
A,500,0,1500470,0,1,600,60,0.9666666666666667
A,500,0,1500491,1,0,118,12,1.0
A,500,0,1500492,1,0,140,14,0.7142857142857143
A,500,0,1500493,1,0,83,9,0.8888888888888888
A,500,0,1500494,0,0,76,8,0.75
A,500,0,1500487,1,0,89,9,0.8888888888888888
A,500,0,1500488,1,0,74,8,1.0
A,500,0,1500489,1,0,79,8,1.0
A,500,0,1500490,0,0,355,36,0.9722222222222222
A,500,0,1500475,1,0,101,11,0.7272727272727273
A,500,0,1500476,1,0,79,8,1.0
A,500,0,1500477,1,0,156,16,0.9375
A,500,0,1500478,0,1,600,60,0.9666666666666667
A,500,0,1500443,1,0,94,10,0.9
A,500,0,1500444,1,0,74,8,1.0
A,500,0,1500445,0,1,600,60,0.9833333333333333
A,500,0,1500446,0,1,600,60,0.9666666666666667
A,500,0,1500451,0,1,600,60,0.95
A,500,0,1500452,0,0,326,33,0.9393939393939394
A,500,0,1500453,1,0,108,11,0.9090909090909091
A,500,0,1500454,0,0,317,32,0.9375
A,500,0,1500495,1,0,196,20,0.6
A,500,0,1500496,1,0,73,8,1.0
A,500,0,1500497,1,0,103,11,0.9090909090909091
A,500,0,1500498,0,1,600,60,0.9666666666666667
A,1000,0,2000008,1,0,118,6,1.0
A,1000,0,2000009,0,0,157,8,1.0
A,1000,0,2000010,1,0,69,4,1.0
A,1000,0,2000011,1,0,70,4,1.0
A,1000,0,2000016,1,0,140,7,1.0
A,1000,0,2000017,1,0,137,7,1.0
A,1000,0,2000018,1,0,97,5,1.0
A,1000,0,2000019,1,0,76,4,1.0
A,1000,0,2000024,0,0,201,11,0.8181818181818182
A,1000,0,2000025,1,0,63,4,1.0
A,1000,0,2000026,1,0,77,4,1.0
A,1000,0,2000027,1,0,101,6,1.0
A,1000,0,2000020,1,0,83,5,1.0
A,1000,0,2000021,1,0,89,5,0.8
A,1000,0,2000022,1,0,75,4,1.0
A,1000,0,2000023,0,0,240,12,0.9166666666666666
A,1000,0,2000000,1,0,98,5,1.0
A,1000,0,2000001,0,0,115,6,0.6666666666666666
A,1000,0,2000002,1,0,117,6,1.0
A,1000,0,2000003,1,0,286,15,0.6666666666666666
A,1000,0,2000032,1,0,71,4,0.75
A,1000,0,2000033,1,0,65,4,1.0
A,1000,0,2000034,1,0,138,7,1.0
A,1000,0,2000035,1,0,166,9,0.7777777777777778
A,1000,0,2000040,1,0,113,6,1.0
A,1000,0,2000041,1,0,107,6,1.0
A,1000,0,2000042,1,0,161,9,0.8888888888888888
A,1000,0,2000043,1,0,117,6,1.0
A,1000,0,2000012,1,0,69,4,1.0
A,1000,0,2000013,1,0,137,7,1.0
A,1000,0,2000014,0,1,600,30,0.5
A,1000,0,2000015,1,0,78,4,1.0
A,1000,0,2000004,1,0,507,26,0.6153846153846154
A,1000,0,2000005,1,0,137,7,1.0
A,1000,0,2000006,1,0,75,4,1.0
A,1000,0,2000007,1,0,84,5,0.8
A,1000,0,2000028,1,0,147,8,0.875
A,1000,0,2000029,1,0,122,7,1.0
A,1000,0,2000030,1,0,337,17,0.9411764705882353
A,1000,0,2000031,1,0,325,17,0.8235294117647058
A,1000,0,2000036,1,0,137,7,0.8571428571428571
A,1000,0,2000037,1,0,202,11,0.8181818181818182
A,1000,0,2000038,1,0,90,5,1.0
A,1000,0,2000039,1,0,189,10,0.7
A,1000,0,2000048,1,0,169,9,1.0
A,1000,0,2000049,1,0,71,4,1.0
A,1000,0,2000050,1,0,176,9,0.5555555555555556
A,1000,0,2000051,1,0,81,5,1.0
A,1000,0,2000072,1,0,85,5,0.6
A,1000,0,2000073,1,0,100,5,1.0
A,1000,0,2000074,1,0,114,6,1.0
A,1000,0,2000075,0,0,79,4,0.75
A,1000,0,2000064,1,0,102,6,1.0
A,1000,0,2000065,0,0,140,7,0.8571428571428571
A,1000,0,2000066,1,0,142,8,1.0
A,1000,0,2000067,0,0,76,4,1.0
A,1000,0,2000068,1,0,75,4,1.0
A,1000,0,2000069,1,0,89,5,0.8
A,1000,0,2000070,1,0,170,9,0.7777777777777778
A,1000,0,2000071,0,0,216,11,0.7272727272727273
A,1000,0,2000060,1,0,241,13,0.9230769230769231
A,1000,0,2000061,1,0,164,9,1.0
A,1000,0,2000062,1,0,89,5,1.0
A,1000,0,2000063,1,0,145,8,0.75
A,1000,0,2000056,1,0,123,7,0.8571428571428571
A,1000,0,2000057,1,0,89,5,0.8
A,1000,0,2000058,1,0,118,6,0.8333333333333334
A,1000,0,2000059,1,0,407,21,0.8095238095238095
A,1000,0,2000044,0,1,600,30,1.0
A,1000,0,2000045,1,0,74,4,1.0
A,1000,0,2000046,1,0,133,7,1.0
A,1000,0,2000047,1,0,94,5,1.0
A,1000,0,2000080,1,0,137,7,1.0
A,1000,0,2000081,1,0,176,9,0.7777777777777778
A,1000,0,2000082,1,0,65,4,1.0
A,1000,0,2000083,1,0,76,4,1.0
A,1000,0,2000052,1,0,106,6,0.8333333333333334
A,1000,0,2000053,1,0,129,7,1.0
A,1000,0,2000054,0,1,600,30,0.5666666666666667
A,1000,0,2000055,1,0,138,7,0.8571428571428571
A,1000,0,2000092,1,0,80,4,1.0
A,1000,0,2000093,1,0,70,4,1.0
A,1000,0,2000094,1,0,98,5,0.8
A,1000,0,2000095,1,0,107,6,0.8333333333333334
A,1000,0,2000104,1,0,91,5,1.0
A,1000,0,2000105,1,0,137,7,1.0
A,1000,0,2000106,1,0,91,5,0.8
A,1000,0,2000107,1,0,96,5,1.0
A,1000,0,2000108,1,0,90,5,0.8
A,1000,0,2000109,1,0,137,7,1.0
A,1000,0,2000110,1,0,94,5,0.8
A,1000,0,2000111,1,0,72,4,1.0
A,1000,0,2000112,1,0,138,7,1.0
A,1000,0,2000113,1,0,81,5,0.8
A,1000,0,2000114,1,0,72,4,0.75
A,1000,0,2000115,1,0,79,4,1.0
A,1000,0,2000100,0,0,236,12,0.9166666666666666
A,1000,0,2000101,1,0,117,6,1.0
A,1000,0,2000102,1,0,89,5,1.0
A,1000,0,2000103,1,0,145,8,0.75
A,1000,0,2000076,1,0,137,7,0.8571428571428571
A,1000,0,2000077,1,0,188,10,0.9
A,1000,0,2000078,1,0,186,10,0.9
A,1000,0,2000079,0,1,600,30,1.0
A,1000,0,2000084,1,0,137,7,0.8571428571428571
A,1000,0,2000085,0,1,600,30,0.9666666666666667
A,1000,0,2000086,1,0,115,6,1.0
A,1000,0,2000087,1,0,182,10,0.8
A,1000,0,2000116,1,0,72,4,1.0
A,1000,0,2000117,1,0,246,13,0.6153846153846154
A,1000,0,2000118,1,0,138,7,1.0
A,1000,0,2000119,1,0,79,4,1.0
A,1000,0,2000124,0,0,118,6,1.0
A,1000,0,2000125,1,0,164,9,1.0
A,1000,0,2000126,1,0,145,8,0.625
A,1000,0,2000127,1,0,71,4,1.0
A,1000,0,2000088,1,0,148,8,0.75
A,1000,0,2000089,0,0,234,12,0.5833333333333334
A,1000,0,2000090,1,0,167,9,1.0
A,1000,0,2000091,0,1,600,30,0.9333333333333333
A,1000,0,2000096,1,0,78,4,1.0
A,1000,0,2000097,0,0,502,26,0.9615384615384616
A,1000,0,2000098,1,0,491,25,0.76
A,1000,0,2000099,1,0,87,5,0.6
A,1000,0,2000140,1,0,69,4,1.0
A,1000,0,2000141,1,0,110,6,0.6666666666666666
A,1000,0,2000142,1,0,96,5,0.8
A,1000,0,2000143,1,0,143,8,0.875
A,1000,0,2000144,1,0,95,5,1.0
A,1000,0,2000145,0,0,89,5,1.0
A,1000,0,2000146,1,0,71,4,1.0
A,1000,0,2000147,1,0,89,5,1.0
A,1000,0,2000136,1,0,105,6,1.0
A,1000,0,2000137,1,0,141,8,1.0
A,1000,0,2000138,1,0,306,16,0.75
A,1000,0,2000139,1,0,137,7,0.8571428571428571
A,1000,0,2000148,1,0,131,7,1.0
A,1000,0,2000149,1,0,76,4,1.0
A,1000,0,2000150,1,0,75,4,1.0
A,1000,0,2000151,1,0,70,4,1.0
A,1000,0,2000120,1,0,149,8,1.0
A,1000,0,2000121,1,0,142,8,0.875
A,1000,0,2000122,1,0,89,5,0.8
A,1000,0,2000123,0,1,600,30,1.0
A,1000,0,2000160,1,0,89,5,1.0
A,1000,0,2000161,1,0,141,8,1.0
A,1000,0,2000162,1,0,85,5,1.0
A,1000,0,2000163,1,0,113,6,1.0
A,1000,0,2000168,1,0,73,4,1.0
A,1000,0,2000169,1,0,90,5,0.8
A,1000,0,2000170,0,0,122,7,0.7142857142857143
A,1000,0,2000171,1,0,90,5,1.0
A,1000,0,2000132,1,0,251,13,0.38461538461538464
A,1000,0,2000133,0,0,552,28,1.0
A,1000,0,2000134,1,0,74,4,1.0
A,1000,0,2000135,1,0,157,8,0.625
A,1000,0,2000152,1,0,126,7,0.8571428571428571
A,1000,0,2000153,0,0,197,10,1.0
A,1000,0,2000154,1,0,145,8,0.875
A,1000,0,2000155,1,0,162,9,1.0
A,1000,0,2000156,1,0,80,4,1.0
A,1000,0,2000157,1,0,189,10,1.0
A,1000,0,2000158,1,0,137,7,1.0
A,1000,0,2000159,0,0,212,11,0.7272727272727273
A,1000,0,2000172,1,0,166,9,1.0
A,1000,0,2000173,1,0,162,9,1.0
A,1000,0,2000174,1,0,89,5,0.8
A,1000,0,2000175,1,0,161,9,0.8888888888888888
A,1000,0,2000176,1,0,89,5,0.8
A,1000,0,2000177,1,0,86,5,1.0
A,1000,0,2000178,1,0,75,4,0.75
A,1000,0,2000179,1,0,137,7,1.0
A,1000,0,2000184,1,0,89,5,0.8
A,1000,0,2000185,1,0,114,6,1.0
A,1000,0,2000186,1,0,119,6,1.0
A,1000,0,2000187,1,0,90,5,0.8
A,1000,0,2000128,1,0,137,7,1.0
A,1000,0,2000129,0,1,600,30,1.0
A,1000,0,2000130,1,0,97,5,1.0
A,1000,0,2000131,0,1,600,30,0.9666666666666667
A,1000,0,2000192,1,0,81,5,0.8
A,1000,0,2000193,1,0,217,11,0.9090909090909091
A,1000,0,2000194,1,0,69,4,1.0
A,1000,0,2000195,1,0,91,5,0.8
A,1000,0,2000196,1,0,137,7,1.0
A,1000,0,2000197,1,0,118,6,0.6666666666666666
A,1000,0,2000198,1,0,134,7,1.0
A,1000,0,2000199,1,0,85,5,1.0
A,1000,0,2000204,1,0,106,6,1.0
A,1000,0,2000205,1,0,118,6,1.0
A,1000,0,2000206,1,0,69,4,1.0
A,1000,0,2000207,1,0,70,4,0.75
A,1000,0,2000180,1,0,362,19,0.5263157894736842
A,1000,0,2000181,1,0,69,4,1.0
A,1000,0,2000182,1,0,71,4,1.0
A,1000,0,2000183,1,0,182,10,0.7
A,1000,0,2000220,1,0,89,5,0.8
A,1000,0,2000221,1,0,114,6,1.0
A,1000,0,2000222,1,0,98,5,1.0
A,1000,0,2000223,1,0,69,4,1.0
A,1000,0,2000212,1,0,96,5,1.0
A,1000,0,2000213,0,0,251,13,0.9230769230769231
A,1000,0,2000214,1,0,98,5,1.0
A,1000,0,2000215,1,0,137,7,1.0
A,1000,0,2000164,1,0,135,7,1.0
A,1000,0,2000165,0,1,600,30,1.0
A,1000,0,2000166,0,0,143,8,0.75
A,1000,0,2000167,0,0,478,24,1.0
A,1000,0,2000200,1,0,137,7,1.0
A,1000,0,2000201,1,0,345,18,0.8333333333333334
A,1000,0,2000202,1,0,327,17,0.6470588235294118
A,1000,0,2000203,1,0,161,9,1.0
A,1000,0,2000224,0,0,151,8,0.75
A,1000,0,2000225,1,0,166,9,0.8888888888888888
A,1000,0,2000226,1,0,218,11,0.9090909090909091
A,1000,0,2000227,1,0,114,6,1.0
A,1000,0,2000208,0,0,273,14,0.7857142857142857
A,1000,0,2000209,1,0,140,7,0.8571428571428571
A,1000,0,2000210,0,1,600,30,0.9666666666666667
A,1000,0,2000211,1,0,114,6,0.8333333333333334
A,1000,0,2000188,1,0,94,5,1.0
A,1000,0,2000189,1,0,115,6,1.0
A,1000,0,2000190,0,1,600,30,1.0
A,1000,0,2000191,1,0,137,7,1.0
A,1000,0,2000240,1,0,133,7,1.0
A,1000,0,2000241,1,0,142,8,1.0
A,1000,0,2000242,1,0,73,4,1.0
A,1000,0,2000243,1,0,94,5,0.8
A,1000,0,2000216,0,1,600,30,0.7333333333333333
A,1000,0,2000217,1,0,65,4,1.0
A,1000,0,2000218,1,0,142,8,1.0
A,1000,0,2000219,1,0,127,7,0.8571428571428571
A,1000,0,2000232,0,0,120,6,0.8333333333333334
A,1000,0,2000233,1,0,65,4,1.0
A,1000,0,2000234,1,0,283,15,0.8
A,1000,0,2000235,1,0,153,8,0.875
A,1000,0,2000244,1,0,97,5,1.0
A,1000,0,2000245,1,0,117,6,1.0
A,1000,0,2000246,1,0,97,5,1.0
A,1000,0,2000247,1,0,165,9,0.8888888888888888
A,1000,0,2000252,0,0,117,6,1.0
A,1000,0,2000253,0,0,76,4,1.0
A,1000,0,2000254,1,0,71,4,0.75
A,1000,0,2000255,1,0,84,5,1.0
A,1000,0,2000248,1,0,129,7,1.0
A,1000,0,2000249,1,0,139,7,1.0
A,1000,0,2000250,1,0,70,4,1.0
A,1000,0,2000251,1,0,141,8,1.0
A,1000,0,2000236,0,0,109,6,0.8333333333333334
A,1000,0,2000237,1,0,152,8,0.875
A,1000,0,2000238,1,0,209,11,0.8181818181818182
A,1000,0,2000239,1,0,187,10,0.9
A,1000,0,2000260,1,0,173,9,1.0
A,1000,0,2000261,1,0,71,4,1.0
A,1000,0,2000262,1,0,77,4,1.0
A,1000,0,2000263,1,0,223,12,0.5833333333333334
A,1000,0,2000268,1,0,79,4,0.75
A,1000,0,2000269,1,0,137,7,0.8571428571428571
A,1000,0,2000270,1,0,123,7,1.0
A,1000,0,2000271,1,0,153,8,0.75
A,1000,0,2000276,1,0,93,5,1.0
A,1000,0,2000277,1,0,89,5,0.8
A,1000,0,2000278,1,0,115,6,1.0
A,1000,0,2000279,0,0,174,9,1.0
A,1000,0,2000272,1,0,126,7,1.0
A,1000,0,2000273,1,0,89,5,0.8
A,1000,0,2000274,1,0,198,10,0.5
A,1000,0,2000275,1,0,113,6,0.8333333333333334
A,1000,0,2000264,1,0,65,4,1.0
A,1000,0,2000265,1,0,89,5,0.8
A,1000,0,2000266,1,0,236,12,1.0
A,1000,0,2000267,1,0,194,10,0.8
A,1000,0,2000228,0,1,600,30,0.8333333333333334
A,1000,0,2000229,1,0,120,6,1.0
A,1000,0,2000230,1,0,81,5,1.0
A,1000,0,2000231,1,0,97,5,1.0
A,1000,0,2000288,1,0,120,6,0.6666666666666666
A,1000,0,2000289,1,0,98,5,1.0
A,1000,0,2000290,1,0,140,7,0.7142857142857143
A,1000,0,2000291,1,0,117,6,1.0
A,1000,0,2000292,1,0,98,5,1.0
A,1000,0,2000293,1,0,116,6,0.8333333333333334
A,1000,0,2000294,1,0,142,8,0.875
A,1000,0,2000295,1,0,137,7,1.0
A,1000,0,2000256,1,0,137,7,1.0
A,1000,0,2000257,1,0,150,8,0.875
A,1000,0,2000258,1,0,132,7,0.8571428571428571
A,1000,0,2000259,0,1,600,30,1.0
A,1000,0,2000300,1,0,124,7,1.0
A,1000,0,2000301,1,0,81,5,1.0
A,1000,0,2000302,1,0,70,4,1.0
A,1000,0,2000303,1,0,263,14,0.7857142857142857
A,1000,0,2000280,1,0,282,15,0.8666666666666667
A,1000,0,2000281,1,0,286,15,0.8666666666666667
A,1000,0,2000282,1,0,78,4,0.75
A,1000,0,2000283,1,0,265,14,0.8571428571428571
A,1000,0,2000284,1,0,124,7,0.8571428571428571
A,1000,0,2000285,1,0,90,5,0.8
A,1000,0,2000286,0,1,600,30,0.9666666666666667
A,1000,0,2000287,1,0,137,7,0.8571428571428571
A,1000,0,2000308,1,0,106,6,0.6666666666666666
A,1000,0,2000309,1,0,89,5,1.0
A,1000,0,2000310,1,0,137,7,0.8571428571428571
A,1000,0,2000311,1,0,264,14,0.7857142857142857
A,1000,0,2000320,1,0,133,7,0.8571428571428571
A,1000,0,2000321,1,0,68,4,0.75
A,1000,0,2000322,1,0,109,6,1.0
A,1000,0,2000323,1,0,95,5,0.8
A,1000,0,2000312,1,0,137,7,1.0
A,1000,0,2000313,0,0,251,13,0.6923076923076923
A,1000,0,2000314,1,0,84,5,1.0
A,1000,0,2000315,1,0,137,7,0.8571428571428571
A,1000,0,2000304,0,1,600,30,1.0
A,1000,0,2000305,1,0,118,6,1.0
A,1000,0,2000306,1,0,122,7,0.5714285714285714
A,1000,0,2000307,1,0,114,6,0.8333333333333334
A,1000,0,2000296,1,0,69,4,1.0
A,1000,0,2000297,0,1,600,30,1.0
A,1000,0,2000298,1,0,89,5,1.0
A,1000,0,2000299,1,0,165,9,1.0
A,1000,0,2000324,1,0,89,5,0.8
A,1000,0,2000325,1,0,137,7,1.0
A,1000,0,2000326,1,0,192,10,1.0
A,1000,0,2000327,1,0,98,5,1.0
A,1000,0,2000316,1,0,167,9,0.8888888888888888
A,1000,0,2000317,1,0,138,7,0.8571428571428571
A,1000,0,2000318,1,0,137,7,0.8571428571428571
A,1000,0,2000319,1,0,241,13,0.7692307692307693
A,1000,0,2000340,1,0,61,4,1.0
A,1000,0,2000341,1,0,90,5,0.8
A,1000,0,2000342,1,0,71,4,0.75
A,1000,0,2000343,1,0,65,4,1.0
A,1000,0,2000328,1,0,176,9,1.0
A,1000,0,2000329,1,0,65,4,1.0
A,1000,0,2000330,1,0,146,8,1.0
A,1000,0,2000331,1,0,118,6,1.0
A,1000,0,2000348,1,0,78,4,1.0
A,1000,0,2000349,0,0,76,4,0.75
A,1000,0,2000350,1,0,74,4,1.0
A,1000,0,2000351,1,0,137,7,0.8571428571428571
A,1000,0,2000344,1,0,115,6,0.6666666666666666
A,1000,0,2000345,1,0,140,7,1.0
A,1000,0,2000346,1,0,118,6,1.0
A,1000,0,2000347,1,0,75,4,0.75
A,1000,0,2000352,0,0,146,8,1.0
A,1000,0,2000353,1,0,84,5,1.0
A,1000,0,2000354,1,0,76,4,1.0
A,1000,0,2000355,1,0,133,7,1.0
A,1000,0,2000360,1,0,150,8,1.0
A,1000,0,2000361,1,0,137,7,1.0
A,1000,0,2000362,0,0,102,6,1.0
A,1000,0,2000363,0,0,76,4,1.0
A,1000,0,2000336,1,0,95,5,1.0
A,1000,0,2000337,0,1,600,30,0.6333333333333333
A,1000,0,2000338,1,0,69,4,1.0
A,1000,0,2000339,0,0,76,4,0.75
A,1000,0,2000332,1,0,90,5,0.8
A,1000,0,2000333,1,0,78,4,1.0
A,1000,0,2000334,0,1,600,30,0.9666666666666667
A,1000,0,2000335,1,0,137,7,1.0
A,1000,0,2000372,1,0,161,9,1.0
A,1000,0,2000373,0,0,51,3,1.0
A,1000,0,2000374,1,0,73,4,0.75
A,1000,0,2000375,1,0,120,6,1.0
A,1000,0,2000356,1,0,168,9,0.8888888888888888
A,1000,0,2000357,0,0,230,12,0.8333333333333334
A,1000,0,2000358,1,0,188,10,0.9
A,1000,0,2000359,0,0,94,5,0.8
A,1000,0,2000368,1,0,179,9,0.6666666666666666
A,1000,0,2000369,1,0,79,4,1.0
A,1000,0,2000370,1,0,223,12,0.9166666666666666
A,1000,0,2000371,1,0,114,6,1.0
A,1000,0,2000376,1,0,209,11,0.8181818181818182
A,1000,0,2000377,1,0,76,4,0.75
A,1000,0,2000378,1,0,117,6,1.0
A,1000,0,2000379,1,0,164,9,1.0
A,1000,0,2000364,1,0,165,9,0.8888888888888888
A,1000,0,2000365,1,0,163,9,1.0
A,1000,0,2000366,1,0,355,18,0.9444444444444444
A,1000,0,2000367,1,0,145,8,0.75
A,1000,0,2000400,1,0,80,4,0.75
A,1000,0,2000401,1,0,69,4,1.0
A,1000,0,2000402,1,0,70,4,0.75
A,1000,0,2000403,0,0,101,6,1.0
A,1000,0,2000384,1,0,135,7,0.8571428571428571
A,1000,0,2000385,1,0,226,12,0.5
A,1000,0,2000386,1,0,70,4,0.75
A,1000,0,2000387,1,0,145,8,0.875
A,1000,0,2000380,0,0,255,13,0.9230769230769231
A,1000,0,2000381,1,0,137,7,1.0
A,1000,0,2000382,1,0,137,7,0.8571428571428571
A,1000,0,2000383,1,0,188,10,0.8
A,1000,0,2000404,1,0,139,7,1.0
A,1000,0,2000405,1,0,100,5,1.0
A,1000,0,2000406,1,0,89,5,0.8
A,1000,0,2000407,1,0,145,8,0.875
A,1000,0,2000420,1,0,89,5,0.8
A,1000,0,2000421,1,0,121,7,1.0
A,1000,0,2000422,1,0,101,6,1.0
A,1000,0,2000423,1,0,81,5,1.0
A,1000,0,2000408,1,0,120,6,1.0
A,1000,0,2000409,1,0,101,6,1.0
A,1000,0,2000410,1,0,65,4,1.0
A,1000,0,2000411,0,0,259,13,1.0
A,1000,0,2000388,1,0,122,7,0.5714285714285714
A,1000,0,2000389,1,0,93,5,1.0
A,1000,0,2000390,1,0,137,7,1.0
A,1000,0,2000391,0,1,600,30,1.0
A,1000,0,2000416,1,0,137,7,1.0
A,1000,0,2000417,1,0,84,5,1.0
A,1000,0,2000418,1,0,124,7,0.8571428571428571
A,1000,0,2000419,1,0,185,10,1.0
A,1000,0,2000392,1,0,113,6,1.0
A,1000,0,2000393,1,0,137,7,1.0
A,1000,0,2000394,1,0,230,12,0.75
A,1000,0,2000395,0,0,504,26,0.7307692307692307
A,1000,0,2000412,1,0,125,7,0.8571428571428571
A,1000,0,2000413,1,0,308,16,0.5625
A,1000,0,2000414,1,0,122,7,0.7142857142857143
A,1000,0,2000415,1,0,137,7,0.8571428571428571
A,1000,0,2000396,1,0,209,11,0.8181818181818182
A,1000,0,2000397,1,0,137,7,1.0
A,1000,0,2000398,0,1,600,30,0.9666666666666667
A,1000,0,2000399,1,0,81,5,1.0
A,1000,0,2000432,1,0,128,7,1.0
A,1000,0,2000433,1,0,114,6,1.0
A,1000,0,2000434,1,0,224,12,0.9166666666666666
A,1000,0,2000435,1,0,101,6,1.0
A,1000,0,2000444,1,0,137,7,1.0
A,1000,0,2000445,0,0,144,8,0.875
A,1000,0,2000446,1,0,90,5,1.0
A,1000,0,2000447,0,0,163,9,1.0
A,1000,0,2000452,1,0,121,7,0.8571428571428571
A,1000,0,2000453,1,0,65,4,1.0
A,1000,0,2000454,1,0,108,6,0.8333333333333334
A,1000,0,2000455,1,0,66,4,1.0
A,1000,0,2000428,1,0,135,7,1.0
A,1000,0,2000429,1,0,128,7,0.8571428571428571
A,1000,0,2000430,1,0,114,6,1.0
A,1000,0,2000431,0,1,600,30,0.9666666666666667
A,1000,0,2000460,1,0,109,6,0.8333333333333334
A,1000,0,2000461,1,0,139,7,0.8571428571428571
A,1000,0,2000462,0,0,51,3,0.6666666666666666
A,1000,0,2000463,1,0,116,6,1.0
A,1000,0,2000456,1,0,149,8,0.875
A,1000,0,2000457,1,0,115,6,1.0
A,1000,0,2000458,1,0,137,7,1.0
A,1000,0,2000459,1,0,137,7,1.0
A,1000,0,2000448,1,0,435,22,0.9545454545454546
A,1000,0,2000449,1,0,205,11,0.8181818181818182
A,1000,0,2000450,1,0,145,8,0.875
A,1000,0,2000451,1,0,65,4,1.0
A,1000,0,2000436,1,0,229,12,0.8333333333333334
A,1000,0,2000437,0,1,600,30,0.7333333333333333
A,1000,0,2000438,1,0,137,7,1.0
A,1000,0,2000439,1,0,65,4,1.0
A,1000,0,2000424,1,0,69,4,1.0
A,1000,0,2000425,0,1,600,30,0.8333333333333334
A,1000,0,2000426,0,0,78,4,0.75
A,1000,0,2000427,1,0,74,4,1.0
A,1000,0,2000440,1,0,117,6,1.0
A,1000,0,2000441,1,0,91,5,0.8
A,1000,0,2000442,1,0,427,22,1.0
A,1000,0,2000443,0,0,338,17,0.7058823529411765
A,1000,0,2000468,1,0,101,6,0.6666666666666666
A,1000,0,2000469,1,0,70,4,1.0
A,1000,0,2000470,1,0,100,5,1.0
A,1000,0,2000471,1,0,306,16,0.75
A,1000,0,2000488,1,0,114,6,1.0
A,1000,0,2000489,1,0,89,5,1.0
A,1000,0,2000490,1,0,77,4,1.0
A,1000,0,2000491,1,0,101,6,0.5
A,1000,0,2000472,0,0,101,6,1.0
A,1000,0,2000473,1,0,172,9,1.0
A,1000,0,2000474,1,0,90,5,1.0
A,1000,0,2000475,1,0,252,13,0.6153846153846154
A,1000,0,2000476,0,0,186,10,1.0
A,1000,0,2000477,1,0,125,7,0.8571428571428571
A,1000,0,2000478,1,0,150,8,1.0
A,1000,0,2000479,1,0,113,6,1.0
A,1000,0,2000492,1,0,138,7,1.0
A,1000,0,2000493,1,0,130,7,1.0
A,1000,0,2000494,1,0,97,5,0.8
A,1000,0,2000495,1,0,114,6,1.0
A,1000,0,2000484,0,0,126,7,0.7142857142857143
A,1000,0,2000485,1,0,138,7,0.8571428571428571
A,1000,0,2000486,1,0,262,14,0.8571428571428571
A,1000,0,2000487,1,0,116,6,1.0
A,1000,0,2000496,1,0,168,9,0.6666666666666666
A,1000,0,2000497,1,0,137,7,1.0
A,1000,0,2000498,1,0,125,7,1.0
A,1000,0,2000499,0,0,153,8,0.875
A,1000,0,2000464,1,0,84,5,1.0
A,1000,0,2000465,1,0,131,7,0.8571428571428571
A,1000,0,2000466,0,1,600,30,1.0
A,1000,0,2000467,1,0,287,15,0.7333333333333333
A,1000,0,2000480,1,0,90,5,0.8
A,1000,0,2000481,1,0,73,4,1.0
A,1000,0,2000482,0,0,285,15,0.9333333333333333
A,1000,0,2000483,0,1,600,30,1.0
A,2000,0,3000000,0,0,76,2,0.5
A,2000,0,3000001,1,0,137,4,1.0
A,2000,0,3000002,0,0,252,7,0.8571428571428571
A,2000,0,3000003,1,0,190,5,0.8
A,2000,0,3000008,1,0,80,2,0.5
A,2000,0,3000009,1,0,82,3,1.0
A,2000,0,3000010,1,0,113,3,1.0
A,2000,0,3000011,0,1,600,15,1.0
A,2000,0,3000016,0,1,600,15,1.0
A,2000,0,3000017,1,0,109,3,1.0
A,2000,0,3000018,1,0,75,2,1.0
A,2000,0,3000019,1,0,121,4,1.0
A,2000,0,3000004,1,0,191,5,0.8
A,2000,0,3000005,1,0,114,3,1.0
A,2000,0,3000006,1,0,411,11,0.9090909090909091
A,2000,0,3000007,0,0,210,6,1.0
A,2000,0,3000024,0,1,600,15,0.5333333333333333
A,2000,0,3000025,1,0,191,5,1.0
A,2000,0,3000026,1,0,75,2,1.0
A,2000,0,3000027,1,0,140,4,1.0
A,2000,0,3000032,1,0,140,4,1.0
A,2000,0,3000033,0,0,189,5,1.0
A,2000,0,3000034,1,0,347,9,0.6666666666666666
A,2000,0,3000035,0,0,126,4,1.0
A,2000,0,3000044,1,0,140,4,1.0
A,2000,0,3000045,0,0,69,2,1.0
A,2000,0,3000046,1,0,110,3,0.6666666666666666
A,2000,0,3000047,1,0,226,6,0.6666666666666666
A,2000,0,3000028,1,0,138,4,1.0
A,2000,0,3000029,1,0,190,5,0.6
A,2000,0,3000030,0,1,600,15,1.0
A,2000,0,3000031,1,0,137,4,1.0
A,2000,0,3000012,1,0,144,4,1.0
A,2000,0,3000013,0,0,203,6,0.8333333333333334
A,2000,0,3000014,1,0,169,5,1.0
A,2000,0,3000015,0,1,600,15,1.0
A,2000,0,3000020,0,1,600,15,0.7333333333333333
A,2000,0,3000021,0,0,260,7,0.8571428571428571
A,2000,0,3000022,1,0,217,6,1.0
A,2000,0,3000023,1,0,191,5,1.0
A,2000,0,3000036,1,0,138,4,1.0
A,2000,0,3000037,0,1,600,15,0.8666666666666667
A,2000,0,3000038,0,0,223,6,0.8333333333333334
A,2000,0,3000039,1,0,122,4,0.75
A,2000,0,3000056,1,0,114,3,1.0
A,2000,0,3000057,1,0,143,4,0.75
A,2000,0,3000058,1,0,190,5,0.6
A,2000,0,3000059,1,0,138,4,1.0
A,2000,0,3000048,1,0,62,2,1.0
A,2000,0,3000049,1,0,73,2,1.0
A,2000,0,3000050,0,1,600,15,0.8666666666666667
A,2000,0,3000051,1,0,165,5,1.0
A,2000,0,3000080,1,0,59,2,1.0
A,2000,0,3000081,1,0,163,5,1.0
A,2000,0,3000082,0,0,90,3,1.0
A,2000,0,3000083,0,0,101,3,1.0
A,2000,0,3000040,0,1,600,15,1.0
A,2000,0,3000041,0,1,600,15,0.9333333333333333
A,2000,0,3000042,0,0,76,2,1.0
A,2000,0,3000043,1,0,239,6,0.8333333333333334
A,2000,0,3000052,0,0,107,3,1.0
A,2000,0,3000053,1,0,137,4,1.0
A,2000,0,3000054,1,0,241,7,0.8571428571428571
A,2000,0,3000055,0,0,528,14,1.0
A,2000,0,3000060,1,0,114,3,1.0
A,2000,0,3000061,1,0,173,5,1.0
A,2000,0,3000062,1,0,140,4,1.0
A,2000,0,3000063,0,1,600,15,1.0
A,2000,0,3000072,1,0,115,3,0.6666666666666666
A,2000,0,3000073,1,0,114,3,0.6666666666666666
A,2000,0,3000074,1,0,270,7,0.8571428571428571
A,2000,0,3000075,1,0,138,4,1.0
A,2000,0,3000076,0,0,185,5,1.0
A,2000,0,3000077,1,0,201,6,0.8333333333333334
A,2000,0,3000078,1,0,137,4,1.0
A,2000,0,3000079,1,0,139,4,0.75
A,2000,0,3000064,1,0,143,4,1.0
A,2000,0,3000065,1,0,278,7,0.8571428571428571
A,2000,0,3000066,1,0,140,4,1.0
A,2000,0,3000067,1,0,536,14,1.0
A,2000,0,3000088,1,0,152,4,1.0
A,2000,0,3000089,1,0,61,2,1.0
A,2000,0,3000090,1,0,121,4,1.0
A,2000,0,3000091,1,0,173,5,0.8
A,2000,0,3000092,0,0,74,2,0.5
A,2000,0,3000093,1,0,139,4,0.75
A,2000,0,3000094,1,0,148,4,1.0
A,2000,0,3000095,1,0,137,4,1.0
A,2000,0,3000104,1,0,89,3,1.0
A,2000,0,3000105,1,0,65,2,1.0
A,2000,0,3000106,1,0,93,3,0.6666666666666666
A,2000,0,3000107,1,0,143,4,0.75
A,2000,0,3000100,1,0,104,3,0.6666666666666666
A,2000,0,3000101,1,0,197,5,0.6
A,2000,0,3000102,1,0,61,2,1.0
A,2000,0,3000103,1,0,142,4,1.0
A,2000,0,3000096,0,0,201,6,1.0
A,2000,0,3000097,1,0,137,4,1.0
A,2000,0,3000098,0,0,219,6,1.0
A,2000,0,3000099,1,0,220,6,1.0
A,2000,0,3000068,1,0,145,4,0.75
A,2000,0,3000069,0,1,600,15,1.0
A,2000,0,3000070,1,0,264,7,0.5714285714285714
A,2000,0,3000071,0,0,277,7,0.7142857142857143
A,2000,0,3000116,1,0,179,5,1.0
A,2000,0,3000117,1,0,165,5,1.0
A,2000,0,3000118,1,0,111,3,0.6666666666666666
A,2000,0,3000119,1,0,146,4,0.75
A,2000,0,3000108,1,0,137,4,1.0
A,2000,0,3000109,1,0,164,5,1.0
A,2000,0,3000110,1,0,175,5,0.8
A,2000,0,3000111,1,0,218,6,0.8333333333333334
A,2000,0,3000120,1,0,161,5,0.8
A,2000,0,3000121,1,0,115,3,1.0
A,2000,0,3000122,1,0,166,5,1.0
A,2000,0,3000123,1,0,178,5,1.0
A,2000,0,3000084,1,0,201,6,0.8333333333333334
A,2000,0,3000085,0,0,178,5,1.0
A,2000,0,3000086,0,1,600,15,0.5333333333333333
A,2000,0,3000087,1,0,138,4,0.75
A,2000,0,3000124,1,0,138,4,0.75
A,2000,0,3000125,0,0,251,7,0.7142857142857143
A,2000,0,3000126,1,0,137,4,1.0
A,2000,0,3000127,1,0,138,4,1.0
A,2000,0,3000112,0,0,76,2,1.0
A,2000,0,3000113,0,0,182,5,1.0
A,2000,0,3000114,1,0,332,9,0.8888888888888888
A,2000,0,3000115,0,0,409,11,1.0
A,2000,0,3000140,1,0,59,2,1.0
A,2000,0,3000141,1,0,137,4,1.0
A,2000,0,3000142,1,0,113,3,1.0
A,2000,0,3000143,1,0,137,4,1.0
A,2000,0,3000136,1,0,130,4,0.75
A,2000,0,3000137,1,0,137,4,0.75
A,2000,0,3000138,1,0,137,4,1.0
A,2000,0,3000139,1,0,100,3,0.6666666666666666
A,2000,0,3000144,1,0,81,3,1.0
A,2000,0,3000145,1,0,183,5,0.8
A,2000,0,3000146,1,0,138,4,1.0
A,2000,0,3000147,1,0,167,5,1.0
A,2000,0,3000128,1,0,137,4,1.0
A,2000,0,3000129,1,0,379,10,0.8
A,2000,0,3000130,0,0,200,5,1.0
A,2000,0,3000131,0,0,174,5,0.8
A,2000,0,3000152,1,0,170,5,0.8
A,2000,0,3000153,1,0,137,4,1.0
A,2000,0,3000154,1,0,60,2,1.0
A,2000,0,3000155,1,0,176,5,1.0
A,2000,0,3000164,1,0,116,3,0.6666666666666666
A,2000,0,3000165,1,0,78,2,1.0
A,2000,0,3000166,1,0,137,4,1.0
A,2000,0,3000167,1,0,69,2,1.0
A,2000,0,3000156,1,0,142,4,1.0
A,2000,0,3000157,0,0,185,5,0.8
A,2000,0,3000158,1,0,140,4,1.0
A,2000,0,3000159,1,0,109,3,0.3333333333333333
A,2000,0,3000132,1,0,249,7,0.7142857142857143
A,2000,0,3000133,1,0,59,2,1.0
A,2000,0,3000134,1,0,182,5,1.0
A,2000,0,3000135,0,1,600,15,1.0
A,2000,0,3000176,0,0,103,3,0.6666666666666666
A,2000,0,3000177,1,0,117,3,0.6666666666666666
A,2000,0,3000178,0,0,67,2,0.5
A,2000,0,3000179,1,0,87,3,1.0
A,2000,0,3000160,1,0,303,8,0.5
A,2000,0,3000161,1,0,137,4,1.0
A,2000,0,3000162,0,0,187,5,0.6
A,2000,0,3000163,0,0,144,4,0.75
A,2000,0,3000148,1,0,336,9,0.8888888888888888
A,2000,0,3000149,1,0,187,5,0.8
A,2000,0,3000150,0,1,600,15,1.0
A,2000,0,3000151,1,0,58,2,1.0
A,2000,0,3000168,1,0,197,5,1.0
A,2000,0,3000169,0,0,240,6,1.0
A,2000,0,3000170,1,0,280,7,0.7142857142857143
A,2000,0,3000171,0,0,101,3,1.0
A,2000,0,3000184,0,0,76,2,1.0
A,2000,0,3000185,1,0,106,3,0.3333333333333333
A,2000,0,3000186,1,0,214,6,1.0
A,2000,0,3000187,1,0,194,5,0.8
A,2000,0,3000192,1,0,137,4,1.0
A,2000,0,3000193,1,0,139,4,1.0
A,2000,0,3000194,1,0,219,6,0.8333333333333334
A,2000,0,3000195,0,0,163,5,1.0
A,2000,0,3000172,1,0,164,5,0.8
A,2000,0,3000173,0,1,600,15,0.8666666666666667
A,2000,0,3000174,1,0,83,3,1.0
A,2000,0,3000175,0,0,360,9,1.0
A,2000,0,3000200,0,0,183,5,0.8
A,2000,0,3000201,1,0,186,5,1.0
A,2000,0,3000202,1,0,256,7,1.0
A,2000,0,3000203,1,0,94,3,0.6666666666666666
A,2000,0,3000180,0,0,265,7,1.0
A,2000,0,3000181,1,0,213,6,1.0
A,2000,0,3000182,0,1,600,15,0.9333333333333333
A,2000,0,3000183,1,0,97,3,1.0
A,2000,0,3000208,1,0,206,6,0.5
A,2000,0,3000209,1,0,251,7,0.7142857142857143
A,2000,0,3000210,1,0,170,5,0.8
A,2000,0,3000211,1,0,132,4,0.75
A,2000,0,3000212,1,0,145,4,1.0
A,2000,0,3000213,1,0,176,5,0.8
A,2000,0,3000214,1,0,137,4,1.0
A,2000,0,3000215,1,0,141,4,1.0
A,2000,0,3000196,0,1,600,15,0.9333333333333333
A,2000,0,3000197,1,0,137,4,1.0
A,2000,0,3000198,1,0,161,5,1.0
A,2000,0,3000199,1,0,98,3,1.0
A,2000,0,3000204,1,0,179,5,0.6
A,2000,0,3000205,1,0,301,8,0.625
A,2000,0,3000206,1,0,245,7,0.8571428571428571
A,2000,0,3000207,1,0,95,3,1.0
A,2000,0,3000220,1,0,193,5,0.8
A,2000,0,3000221,1,0,74,2,0.5
A,2000,0,3000222,1,0,66,2,1.0
A,2000,0,3000223,1,0,164,5,1.0
A,2000,0,3000216,0,0,132,4,1.0
A,2000,0,3000217,1,0,273,7,0.7142857142857143
A,2000,0,3000218,1,0,137,4,1.0
A,2000,0,3000219,0,0,157,4,1.0
A,2000,0,3000236,1,0,63,2,1.0
A,2000,0,3000237,0,0,96,3,0.6666666666666666
A,2000,0,3000238,1,0,139,4,0.75
A,2000,0,3000239,0,0,153,4,0.75
A,2000,0,3000240,1,0,148,4,1.0
A,2000,0,3000241,0,0,142,4,1.0
A,2000,0,3000242,0,0,168,5,0.8
A,2000,0,3000243,1,0,89,3,1.0
A,2000,0,3000224,1,0,126,4,0.75
A,2000,0,3000225,1,0,113,3,1.0
A,2000,0,3000226,1,0,187,5,1.0
A,2000,0,3000227,1,0,232,6,1.0
A,2000,0,3000188,0,1,600,15,0.9333333333333333
A,2000,0,3000189,1,0,137,4,1.0
A,2000,0,3000190,0,1,600,15,0.9333333333333333
A,2000,0,3000191,1,0,166,5,0.8
A,2000,0,3000244,1,0,239,6,0.6666666666666666
A,2000,0,3000245,1,0,181,5,0.8
A,2000,0,3000246,1,0,110,3,1.0
A,2000,0,3000247,0,0,151,4,1.0
A,2000,0,3000260,0,0,126,4,0.75
A,2000,0,3000261,1,0,74,2,1.0
A,2000,0,3000262,1,0,134,4,0.75
A,2000,0,3000263,1,0,60,2,1.0
A,2000,0,3000256,1,0,163,5,0.8
A,2000,0,3000257,1,0,113,3,1.0
A,2000,0,3000258,1,0,183,5,0.4
A,2000,0,3000259,1,0,65,2,1.0
A,2000,0,3000232,0,1,600,15,0.9333333333333333
A,2000,0,3000233,1,0,187,5,1.0
A,2000,0,3000234,1,0,137,4,1.0
A,2000,0,3000235,1,0,137,4,1.0
A,2000,0,3000264,1,0,138,4,1.0
A,2000,0,3000265,1,0,165,5,0.4
A,2000,0,3000266,1,0,145,4,0.75
A,2000,0,3000267,1,0,191,5,1.0
A,2000,0,3000248,1,0,137,4,1.0
A,2000,0,3000249,0,0,549,14,1.0
A,2000,0,3000250,1,0,72,2,1.0
A,2000,0,3000251,1,0,137,4,0.75
A,2000,0,3000252,1,0,339,9,0.8888888888888888
A,2000,0,3000253,1,0,216,6,0.8333333333333334
A,2000,0,3000254,1,0,144,4,0.75
A,2000,0,3000255,0,0,132,4,1.0
A,2000,0,3000272,0,0,251,7,0.8571428571428571
A,2000,0,3000273,1,0,195,5,0.8
A,2000,0,3000274,1,0,172,5,0.8
A,2000,0,3000275,0,0,126,4,0.5
A,2000,0,3000228,0,1,600,15,1.0
A,2000,0,3000229,1,0,97,3,1.0
A,2000,0,3000230,0,1,600,15,1.0
A,2000,0,3000231,1,0,139,4,1.0
A,2000,0,3000276,1,0,137,4,1.0
A,2000,0,3000277,0,0,264,7,1.0
A,2000,0,3000278,0,0,181,5,1.0
A,2000,0,3000279,1,0,188,5,0.4
A,2000,0,3000268,0,1,600,15,1.0
A,2000,0,3000269,1,0,137,4,0.75
A,2000,0,3000270,1,0,138,4,1.0
A,2000,0,3000271,1,0,143,4,1.0
A,2000,0,3000300,1,0,65,2,1.0
A,2000,0,3000301,1,0,174,5,0.8
A,2000,0,3000302,1,0,140,4,1.0
A,2000,0,3000303,1,0,121,4,1.0
A,2000,0,3000292,0,0,77,2,1.0
A,2000,0,3000293,0,1,421,11,1.0
A,2000,0,3000294,0,0,359,9,0.7777777777777778
A,2000,0,3000295,1,0,138,4,1.0
A,2000,0,3000304,1,0,310,8,0.875
A,2000,0,3000305,0,0,209,6,1.0
A,2000,0,3000306,1,0,105,3,1.0
A,2000,0,3000307,1,0,99,3,1.0
A,2000,0,3000288,1,0,97,3,1.0
A,2000,0,3000289,0,0,176,5,1.0
A,2000,0,3000290,1,0,563,15,1.0
A,2000,0,3000291,1,0,141,4,1.0
A,2000,0,3000284,1,0,290,8,1.0
A,2000,0,3000285,1,0,576,15,1.0
A,2000,0,3000286,0,0,226,6,0.6666666666666666
A,2000,0,3000287,1,0,161,5,1.0
A,2000,0,3000308,1,0,137,4,1.0
A,2000,0,3000309,1,0,171,5,1.0
A,2000,0,3000310,1,0,342,9,0.5555555555555556
A,2000,0,3000311,1,0,115,3,1.0
A,2000,0,3000296,1,0,276,7,1.0
A,2000,0,3000297,1,0,195,5,0.6
A,2000,0,3000298,0,1,600,15,1.0
A,2000,0,3000299,1,0,207,6,0.8333333333333334
A,2000,0,3000312,1,0,116,3,0.6666666666666666
A,2000,0,3000313,1,0,57,2,1.0
A,2000,0,3000314,1,0,137,4,0.75
A,2000,0,3000315,0,1,600,15,1.0
A,2000,0,3000280,0,1,600,15,0.9333333333333333
A,2000,0,3000281,1,0,486,13,0.6923076923076923
A,2000,0,3000282,1,0,163,5,0.8
A,2000,0,3000283,1,0,231,6,0.6666666666666666
A,2000,0,3000336,1,0,115,3,1.0
A,2000,0,3000337,1,0,142,4,1.0
A,2000,0,3000338,0,0,126,4,1.0
A,2000,0,3000339,1,0,94,3,1.0
A,2000,0,3000332,1,0,138,4,1.0
A,2000,0,3000333,1,0,138,4,1.0
A,2000,0,3000334,1,0,59,2,1.0
A,2000,0,3000335,1,0,171,5,1.0
A,2000,0,3000328,1,0,79,2,1.0
A,2000,0,3000329,1,0,341,9,0.6666666666666666
A,2000,0,3000330,1,0,137,4,1.0
A,2000,0,3000331,0,0,235,6,1.0
A,2000,0,3000344,1,0,116,3,1.0
A,2000,0,3000345,1,0,113,3,1.0
A,2000,0,3000346,1,0,121,4,0.75
A,2000,0,3000347,1,0,89,3,1.0
A,2000,0,3000340,1,0,204,6,0.8333333333333334
A,2000,0,3000341,1,0,113,3,1.0
A,2000,0,3000342,1,0,107,3,1.0
A,2000,0,3000343,1,0,138,4,1.0
A,2000,0,3000316,1,0,201,6,1.0
A,2000,0,3000317,1,0,210,6,0.6666666666666666
A,2000,0,3000318,0,1,600,15,1.0
A,2000,0,3000319,1,0,132,4,0.75
A,2000,0,3000324,1,0,139,4,1.0
A,2000,0,3000325,1,0,137,4,1.0
A,2000,0,3000326,1,0,113,3,1.0
A,2000,0,3000327,0,1,600,15,1.0
A,2000,0,3000356,1,0,137,4,1.0
A,2000,0,3000357,1,0,146,4,1.0
A,2000,0,3000358,1,0,156,4,0.75
A,2000,0,3000359,0,0,126,4,1.0
A,2000,0,3000348,0,0,76,2,0.5
A,2000,0,3000349,1,0,138,4,1.0
A,2000,0,3000350,1,0,120,3,1.0
A,2000,0,3000351,1,0,219,6,0.6666666666666666
A,2000,0,3000360,1,0,137,4,0.75
A,2000,0,3000361,1,0,206,6,1.0
A,2000,0,3000362,1,0,137,4,1.0
A,2000,0,3000363,1,0,138,4,1.0
A,2000,0,3000320,1,0,137,4,1.0
A,2000,0,3000321,1,0,89,3,1.0
A,2000,0,3000322,1,0,137,4,1.0
A,2000,0,3000323,0,1,600,15,1.0
A,2000,0,3000364,1,0,72,2,1.0
A,2000,0,3000365,0,0,259,7,1.0
A,2000,0,3000366,0,0,161,5,1.0
A,2000,0,3000367,1,0,137,4,1.0
A,2000,0,3000380,1,0,161,5,1.0
A,2000,0,3000381,1,0,209,6,0.8333333333333334
A,2000,0,3000382,1,0,65,2,1.0
A,2000,0,3000383,0,0,141,4,1.0
A,2000,0,3000376,1,0,137,4,1.0
A,2000,0,3000377,1,0,66,2,1.0
A,2000,0,3000378,1,0,192,5,1.0
A,2000,0,3000379,1,0,248,7,0.8571428571428571
A,2000,0,3000384,1,0,113,3,1.0
A,2000,0,3000385,0,0,213,6,0.8333333333333334
A,2000,0,3000386,1,0,140,4,1.0
A,2000,0,3000387,1,0,137,4,1.0
A,2000,0,3000372,1,0,137,4,1.0
A,2000,0,3000373,0,0,231,6,1.0
A,2000,0,3000374,1,0,274,7,0.42857142857142855
A,2000,0,3000375,1,0,246,7,0.7142857142857143
A,2000,0,3000392,0,0,212,6,0.8333333333333334
A,2000,0,3000393,0,0,233,6,0.8333333333333334
A,2000,0,3000394,1,0,121,4,1.0
A,2000,0,3000395,1,0,59,2,1.0
A,2000,0,3000352,0,1,600,15,1.0
A,2000,0,3000353,1,0,387,10,0.8
A,2000,0,3000354,0,0,168,5,0.8
A,2000,0,3000355,1,0,267,7,0.8571428571428571
A,2000,0,3000396,1,0,143,4,1.0
A,2000,0,3000397,1,0,217,6,1.0
A,2000,0,3000398,1,0,105,3,0.6666666666666666
A,2000,0,3000399,1,0,131,4,1.0
A,2000,0,3000388,1,0,113,3,1.0
A,2000,0,3000389,1,0,339,9,1.0
A,2000,0,3000390,1,0,65,2,1.0
A,2000,0,3000391,1,0,197,5,1.0
A,2000,0,3000404,1,0,82,3,1.0
A,2000,0,3000405,1,0,76,2,1.0
A,2000,0,3000406,1,0,361,10,0.8
A,2000,0,3000407,1,0,137,4,1.0
A,2000,0,3000408,1,0,125,4,1.0
A,2000,0,3000409,1,0,137,4,1.0
A,2000,0,3000410,1,0,137,4,1.0
A,2000,0,3000411,1,0,186,5,1.0
A,2000,0,3000400,1,0,225,6,1.0
A,2000,0,3000401,1,0,140,4,1.0
A,2000,0,3000402,1,0,142,4,0.75
A,2000,0,3000403,1,0,244,7,1.0
A,2000,0,3000416,0,0,65,2,1.0
A,2000,0,3000417,1,0,189,5,1.0
A,2000,0,3000418,0,0,184,5,0.8
A,2000,0,3000419,1,0,115,3,1.0
A,2000,0,3000412,0,1,600,15,0.9333333333333333
A,2000,0,3000413,1,0,101,3,1.0
A,2000,0,3000414,1,0,74,2,1.0
A,2000,0,3000415,1,0,161,5,1.0
A,2000,0,3000436,1,0,60,2,1.0
A,2000,0,3000437,1,0,140,4,0.75
A,2000,0,3000438,0,0,76,2,1.0
A,2000,0,3000439,1,0,149,4,0.75
A,2000,0,3000420,1,0,58,2,1.0
A,2000,0,3000421,0,1,600,15,1.0
A,2000,0,3000422,1,0,139,4,1.0
A,2000,0,3000423,1,0,242,7,0.8571428571428571
A,2000,0,3000444,1,0,137,4,1.0
A,2000,0,3000445,0,0,151,4,0.75
A,2000,0,3000446,1,0,161,5,0.8
A,2000,0,3000447,0,0,97,3,0.6666666666666666
A,2000,0,3000368,1,0,179,5,1.0
A,2000,0,3000369,1,0,141,4,1.0
A,2000,0,3000370,0,1,600,15,1.0
A,2000,0,3000371,0,1,600,15,1.0
A,2000,0,3000432,1,0,338,9,0.8888888888888888
A,2000,0,3000433,0,0,210,6,0.6666666666666666
A,2000,0,3000434,1,0,68,2,1.0
A,2000,0,3000435,0,1,600,15,1.0
A,2000,0,3000440,1,0,137,4,1.0
A,2000,0,3000441,1,0,137,4,1.0
A,2000,0,3000442,1,0,502,13,0.8461538461538461
A,2000,0,3000443,1,0,140,4,1.0
A,2000,0,3000448,1,0,192,5,1.0
A,2000,0,3000449,0,0,144,4,1.0
A,2000,0,3000450,0,0,76,2,0.5
A,2000,0,3000451,0,1,600,15,1.0
A,2000,0,3000428,1,0,168,5,1.0
A,2000,0,3000429,0,1,600,15,0.9333333333333333
A,2000,0,3000430,0,0,206,6,1.0
A,2000,0,3000431,1,0,89,3,1.0
A,2000,0,3000424,0,1,600,15,1.0
A,2000,0,3000425,1,0,137,4,1.0
A,2000,0,3000426,1,0,307,8,0.75
A,2000,0,3000427,1,0,166,5,0.8
A,2000,0,3000456,0,0,219,6,0.8333333333333334
A,2000,0,3000457,1,0,137,4,1.0
A,2000,0,3000458,1,0,132,4,0.75
A,2000,0,3000459,1,0,329,9,1.0
A,2000,0,3000464,1,0,171,5,0.6
A,2000,0,3000465,1,0,407,11,1.0
A,2000,0,3000466,1,0,91,3,1.0
A,2000,0,3000467,1,0,141,4,1.0
A,2000,0,3000476,1,0,74,2,1.0
A,2000,0,3000477,1,0,139,4,1.0
A,2000,0,3000478,1,0,132,4,1.0
A,2000,0,3000479,1,0,113,3,1.0
A,2000,0,3000472,1,0,121,4,1.0
A,2000,0,3000473,1,0,240,6,0.6666666666666666
A,2000,0,3000474,1,0,141,4,1.0
A,2000,0,3000475,1,0,190,5,0.8
A,2000,0,3000460,1,0,259,7,0.5714285714285714
A,2000,0,3000461,1,0,173,5,1.0
A,2000,0,3000462,0,1,600,15,1.0
A,2000,0,3000463,1,0,138,4,0.75
A,2000,0,3000488,0,0,101,3,1.0
A,2000,0,3000489,0,0,80,2,1.0
A,2000,0,3000490,1,0,219,6,0.8333333333333334
A,2000,0,3000491,1,0,138,4,1.0
A,2000,0,3000480,1,0,137,4,1.0
A,2000,0,3000481,1,0,241,7,0.7142857142857143
A,2000,0,3000482,1,0,326,9,0.7777777777777778
A,2000,0,3000483,0,0,151,4,0.75
A,2000,0,3000452,1,0,270,7,0.8571428571428571
A,2000,0,3000453,0,1,600,15,0.7333333333333333
A,2000,0,3000454,0,0,76,2,1.0
A,2000,0,3000455,0,1,600,15,1.0
A,2000,0,3000484,1,0,137,4,1.0
A,2000,0,3000485,1,0,123,4,1.0
A,2000,0,3000486,0,1,600,15,1.0
A,2000,0,3000487,0,0,278,7,0.8571428571428571
A,2000,0,3000468,0,0,426,11,1.0
A,2000,0,3000469,1,0,384,10,0.9
A,2000,0,3000470,1,0,214,6,0.8333333333333334
A,2000,0,3000471,1,0,306,8,1.0
A,2000,0,3000496,1,0,152,4,0.75
A,2000,0,3000497,1,0,307,8,0.625
A,2000,0,3000498,1,0,138,4,1.0
A,2000,0,3000499,1,0,108,3,1.0
A,2000,0,3000492,0,0,126,4,1.0
A,2000,0,3000493,1,0,98,3,1.0
A,2000,0,3000494,1,0,501,13,1.0
A,2000,0,3000495,1,0,137,4,1.0
A,250,1,1750003,1,0,156,0,0.96875
A,250,1,1750004,1,0,163,0,0.9090909090909091
A,250,1,1750005,0,0,144,0,0.9310344827586207
A,250,1,1750006,1,0,134,0,0.8148148148148148
A,250,1,1750023,1,0,79,0,0.875
A,250,1,1750024,1,0,198,0,0.775
A,250,1,1750025,1,0,205,0,0.8048780487804879
A,250,1,1750026,1,0,120,0,0.875
A,250,1,1750019,0,0,110,0,0.9090909090909091
A,250,1,1750020,0,0,140,0,0.9285714285714286
A,250,1,1750021,1,0,173,0,0.7142857142857143
A,250,1,1750022,0,0,183,0,0.7837837837837838
A,250,1,1750031,0,0,126,0,0.8461538461538461
A,250,1,1750032,0,0,126,0,0.9230769230769231
A,250,1,1750033,0,0,301,0,0.8688524590163934
A,250,1,1750034,1,0,434,0,0.7241379310344828
A,250,1,1750043,1,0,112,0,0.9130434782608695
A,250,1,1750044,1,0,103,0,0.9047619047619048
A,250,1,1750045,1,0,146,0,0.8
A,250,1,1750046,0,0,268,0,0.6111111111111112
A,250,1,1750015,1,0,169,0,0.6764705882352942
A,250,1,1750016,0,1,600,0,0.925
A,250,1,1750017,1,0,111,0,0.8695652173913043
A,250,1,1750018,1,0,111,0,0.9130434782608695
A,250,1,1750027,1,0,230,0,0.7608695652173914
A,250,1,1750028,0,0,135,0,0.8148148148148148
A,250,1,1750029,1,0,168,0,0.7941176470588235
A,250,1,1750030,0,1,600,0,0.9833333333333333
A,250,1,1750011,1,0,439,0,0.6590909090909091
A,250,1,1750012,1,0,118,0,0.8333333333333334
A,250,1,1750013,1,0,249,0,0.94
A,250,1,1750014,0,1,600,0,0.9916666666666667
A,250,1,1750035,1,0,127,0,0.7692307692307693
A,250,1,1750036,1,0,442,0,0.7191011235955056
A,250,1,1750037,0,0,205,0,0.975609756097561
A,250,1,1750038,1,0,90,0,0.9444444444444444
A,250,1,1750007,1,0,96,0,0.75
A,250,1,1750008,1,0,101,0,0.7142857142857143
A,250,1,1750009,0,1,600,0,0.975
A,250,1,1750010,0,0,162,0,0.6666666666666666
A,250,1,1750039,1,0,170,0,0.8529411764705882
A,250,1,1750040,0,1,280,0,0.75
A,250,1,1750041,1,0,213,0,0.7441860465116279
A,250,1,1750042,0,0,345,0,0.7101449275362319
A,250,1,1750059,1,0,195,0,0.7692307692307693
A,250,1,1750060,1,0,157,0,0.8125
A,250,1,1750061,1,0,104,0,0.6190476190476191
A,250,1,1750062,1,0,137,0,0.8214285714285714
A,250,1,1750051,1,0,201,0,0.7560975609756098
A,250,1,1750052,0,0,101,0,0.7619047619047619
A,250,1,1750053,1,0,101,0,0.5714285714285714
A,250,1,1750054,1,0,524,0,0.7523809523809524
A,250,1,1750047,0,1,600,0,0.9833333333333333
A,250,1,1750048,1,0,105,0,0.7142857142857143
A,250,1,1750049,1,0,190,0,0.7894736842105263
A,250,1,1750050,1,0,166,0,0.9411764705882353
A,250,1,1750055,0,0,120,0,0.9583333333333334
A,250,1,1750056,0,0,125,0,0.88
A,250,1,1750057,0,1,600,0,0.8583333333333333
A,250,1,1750058,1,0,93,0,0.8421052631578947
A,250,1,1750071,1,0,144,0,0.896551724137931
A,250,1,1750072,1,0,150,0,0.9333333333333333
A,250,1,1750073,1,0,253,0,0.7254901960784313
A,250,1,1750074,1,0,105,0,0.6666666666666666
A,250,1,1750075,0,0,134,0,0.9629629629629629
A,250,1,1750076,1,0,205,0,0.6097560975609756
A,250,1,1750077,1,0,116,0,0.9166666666666666
A,250,1,1750078,1,0,221,0,0.8444444444444444
A,250,1,1750067,1,0,419,0,0.6309523809523809
A,250,1,1750068,1,0,138,0,0.75
A,250,1,1750069,1,0,146,0,0.6333333333333333
A,250,1,1750070,1,0,319,0,1.0
A,250,1,1750063,1,0,106,0,0.7727272727272727
A,250,1,1750064,0,1,600,0,0.65
A,250,1,1750065,1,0,103,0,0.8095238095238095
A,250,1,1750066,0,0,215,0,0.7906976744186046
A,250,1,1750099,1,0,139,0,0.7142857142857143
A,250,1,1750100,1,0,96,0,0.9
A,250,1,1750101,1,0,137,0,0.75
A,250,1,1750102,1,0,147,0,0.9
A,250,1,1750079,0,1,600,0,0.9666666666666667
A,250,1,1750080,1,0,127,0,0.8461538461538461
A,250,1,1750081,1,0,109,0,0.8181818181818182
A,250,1,1750082,0,0,246,0,0.9
A,250,1,1750103,0,0,103,0,0.8571428571428571
A,250,1,1750104,1,0,129,0,0.9230769230769231
A,250,1,1750105,1,0,125,0,0.72
A,250,1,1750106,0,0,351,0,0.8309859154929577
A,250,1,1750091,1,0,237,0,0.6875
A,250,1,1750092,0,1,600,0,1.0
A,250,1,1750093,1,0,139,0,1.0
A,250,1,1750094,1,0,118,0,0.875
A,250,1,1750087,1,0,551,0,0.6126126126126126
A,250,1,1750088,1,0,286,0,0.8103448275862069
A,250,1,1750089,0,0,194,0,0.7692307692307693
A,250,1,1750090,0,0,126,0,0.9230769230769231
A,250,1,1750083,0,1,600,0,0.9916666666666667
A,250,1,1750084,0,1,600,0,0.9583333333333334
A,250,1,1750085,1,0,81,0,0.8823529411764706
A,250,1,1750086,0,0,86,0,0.8888888888888888
A,250,1,1750115,1,0,107,0,0.8636363636363636
A,250,1,1750116,0,0,196,0,0.75
A,250,1,1750117,1,0,127,0,0.8846153846153846
A,250,1,1750118,1,0,200,0,0.9
A,250,1,1750119,1,0,130,0,0.6153846153846154
A,250,1,1750120,0,0,180,0,0.8888888888888888
A,250,1,1750121,0,0,186,0,0.7894736842105263
A,250,1,1750122,0,0,142,0,0.896551724137931
A,250,1,1750111,1,0,116,0,1.0
A,250,1,1750112,0,1,600,0,0.9666666666666667
A,250,1,1750113,0,0,101,0,0.6666666666666666
A,250,1,1750114,1,0,170,0,0.6764705882352942
A,250,1,1750107,1,0,111,0,0.782608695652174
A,250,1,1750108,0,0,101,0,0.9047619047619048
A,250,1,1750109,1,0,108,0,0.9545454545454546
A,250,1,1750110,0,1,600,0,0.9666666666666667
A,250,1,1750139,1,0,117,0,0.7916666666666666
A,250,1,1750140,1,0,151,0,0.8064516129032258
A,250,1,1750141,0,0,198,0,0.825
A,250,1,1750142,1,0,95,0,0.8421052631578947
A,250,1,1750143,1,0,219,0,0.7727272727272727
A,250,1,1750144,1,0,119,0,0.8333333333333334
A,250,1,1750145,0,0,112,0,0.5652173913043478
A,250,1,1750146,1,0,98,0,0.9
A,250,1,1750127,0,0,157,0,0.75
A,250,1,1750128,1,0,148,0,0.8333333333333334
A,250,1,1750129,1,0,596,0,0.8916666666666667
A,250,1,1750130,0,0,180,0,0.7222222222222222
A,250,1,1750095,1,0,129,0,0.9615384615384616
A,250,1,1750096,0,1,600,0,0.9083333333333333
A,250,1,1750097,0,1,600,0,0.9666666666666667
A,250,1,1750098,1,0,168,0,0.8823529411764706
A,250,1,1750147,1,0,133,0,1.0
A,250,1,1750148,1,0,115,0,0.6956521739130435
A,250,1,1750149,1,0,106,0,0.8636363636363636
A,250,1,1750150,1,0,269,0,0.7592592592592593
A,250,1,1750123,0,1,600,0,0.9916666666666667
A,250,1,1750124,1,0,111,0,0.8695652173913043
A,250,1,1750125,1,0,123,0,0.96
A,250,1,1750126,1,0,144,0,0.8275862068965517
A,250,1,1750135,1,0,207,0,0.7380952380952381
A,250,1,1750136,0,1,600,0,0.9666666666666667
A,250,1,1750137,1,0,143,0,0.9655172413793104
A,250,1,1750138,1,0,183,0,0.918918918918919
A,250,1,1750155,0,0,246,0,0.9
A,250,1,1750156,0,0,85,0,0.7647058823529411
A,250,1,1750157,1,0,93,0,0.8947368421052632
A,250,1,1750158,1,0,126,0,0.9615384615384616
A,250,1,1750167,0,0,199,0,0.875
A,250,1,1750168,0,0,76,0,1.0
A,250,1,1750169,1,0,102,0,0.9523809523809523
A,250,1,1750170,1,0,90,0,0.8333333333333334
A,250,1,1750159,0,0,126,0,0.8461538461538461
A,250,1,1750160,1,0,156,0,0.9375
A,250,1,1750161,0,0,101,0,0.9523809523809523
A,250,1,1750162,1,0,243,0,0.9591836734693877
A,250,1,1750163,0,0,76,0,0.8125
A,250,1,1750164,1,0,85,0,0.8235294117647058
A,250,1,1750165,1,0,423,0,1.0
A,250,1,1750166,1,0,110,0,0.7727272727272727
A,250,1,1750171,1,0,370,0,0.8783783783783784
A,250,1,1750172,1,0,174,0,0.6285714285714286
A,250,1,1750173,1,0,127,0,0.8461538461538461
A,250,1,1750174,1,0,106,0,0.8636363636363636
A,250,1,1750187,1,0,308,0,0.5806451612903226
A,250,1,1750188,1,0,249,0,0.88
A,250,1,1750189,1,0,93,0,0.8421052631578947
A,250,1,1750190,1,0,245,0,0.8571428571428571
A,250,1,1750131,0,1,600,0,0.9083333333333333
A,250,1,1750132,0,0,378,0,0.6710526315789473
A,250,1,1750133,1,0,128,0,0.8076923076923077
A,250,1,1750134,0,1,600,0,0.975
A,250,1,1750179,0,1,600,0,0.9833333333333333
A,250,1,1750180,0,0,173,0,0.9428571428571428
A,250,1,1750181,1,0,94,0,0.9473684210526315
A,250,1,1750182,0,0,106,0,0.7727272727272727
A,250,1,1750195,1,0,140,0,0.6428571428571429
A,250,1,1750196,1,0,141,0,0.8275862068965517
A,250,1,1750197,1,0,181,0,0.9459459459459459
A,250,1,1750198,0,0,120,0,0.8333333333333334
A,250,1,1750151,0,0,203,0,0.926829268292683
A,250,1,1750152,0,0,455,0,0.6043956043956044
A,250,1,1750153,0,0,156,0,0.875
A,250,1,1750154,0,1,600,0,0.975
A,250,1,1750183,1,0,142,0,0.9310344827586207
A,250,1,1750184,1,0,303,0,0.8360655737704918
A,250,1,1750185,0,0,209,0,0.5952380952380952
A,250,1,1750186,1,0,496,0,0.65
A,250,1,1750191,0,0,201,0,0.8780487804878049
A,250,1,1750192,1,0,166,0,0.8529411764705882
A,250,1,1750193,0,1,600,0,0.95
A,250,1,1750194,0,0,287,0,0.8275862068965517
A,250,1,1750199,1,0,155,0,0.8709677419354839
A,250,1,1750200,0,0,125,0,0.92
A,250,1,1750201,1,0,97,0,0.9
A,250,1,1750202,1,0,231,0,0.7872340425531915
A,250,1,1750207,1,0,146,0,0.7333333333333333
A,250,1,1750208,0,0,147,0,0.7
A,250,1,1750209,1,0,184,0,0.8378378378378378
A,250,1,1750210,0,0,107,0,0.7272727272727273
A,250,1,1750175,1,0,249,0,0.74
A,250,1,1750176,1,0,180,0,0.8333333333333334
A,250,1,1750177,0,1,600,0,0.9583333333333334
A,250,1,1750178,0,1,600,0,0.9666666666666667
A,250,1,1750211,1,0,188,0,0.9210526315789473
A,250,1,1750212,1,0,152,0,0.8387096774193549
A,250,1,1750213,1,0,118,0,0.875
A,250,1,1750214,0,0,130,0,0.9615384615384616
A,250,1,1750203,1,0,402,0,0.9629629629629629
A,250,1,1750204,0,0,167,0,0.9117647058823529
A,250,1,1750205,0,0,200,0,0.8
A,250,1,1750206,0,0,151,0,0.8064516129032258
A,250,1,1750223,1,0,88,0,0.8333333333333334
A,250,1,1750224,1,0,166,0,0.7941176470588235
A,250,1,1750225,1,0,124,0,0.76
A,250,1,1750226,1,0,100,0,0.85
A,250,1,1750235,1,0,174,0,0.8285714285714286
A,250,1,1750236,0,0,194,0,0.8205128205128205
A,250,1,1750237,1,0,147,0,0.9
A,250,1,1750238,0,0,219,0,0.8863636363636364
A,250,1,1750219,1,0,199,0,0.8
A,250,1,1750220,1,0,108,0,0.8181818181818182
A,250,1,1750221,0,0,108,0,0.6818181818181818
A,250,1,1750222,0,1,600,0,0.975
A,250,1,1750243,1,0,105,0,0.9523809523809523
A,250,1,1750244,1,0,94,0,0.8421052631578947
A,250,1,1750245,1,0,118,0,0.9166666666666666
A,250,1,1750246,1,0,224,0,0.8666666666666667
A,250,1,1750227,1,0,106,0,0.9090909090909091
A,250,1,1750228,0,0,106,0,0.9090909090909091
A,250,1,1750229,1,0,192,0,0.7435897435897436
A,250,1,1750230,1,0,456,0,0.8043478260869565
A,250,1,1750231,1,0,141,0,0.896551724137931
A,250,1,1750232,1,0,127,0,0.9615384615384616
A,250,1,1750233,1,0,102,0,0.7619047619047619
A,250,1,1750234,0,1,600,0,0.6
A,250,1,1750215,0,0,473,0,0.9263157894736842
A,250,1,1750216,1,0,290,0,0.7758620689655172
A,250,1,1750217,1,0,136,0,0.8928571428571429
A,250,1,1750218,1,0,234,0,0.7446808510638298
A,250,1,1750251,1,0,76,0,0.5
A,250,1,1750252,0,1,600,0,0.9583333333333334
A,250,1,1750253,1,0,98,0,0.9
A,250,1,1750254,1,0,372,0,0.7866666666666666
A,250,1,1750263,1,0,199,0,0.775
A,250,1,1750264,0,0,132,0,0.8148148148148148
A,250,1,1750265,0,1,600,0,0.925
A,250,1,1750266,1,0,101,0,0.7619047619047619
A,250,1,1750255,0,0,167,0,0.9705882352941176
A,250,1,1750256,1,0,167,0,0.8235294117647058
A,250,1,1750257,0,1,600,0,0.6333333333333333
A,250,1,1750258,1,0,95,0,0.7368421052631579
A,250,1,1750239,1,0,162,0,0.9090909090909091
A,250,1,1750240,0,1,600,0,0.9833333333333333
A,250,1,1750241,0,1,600,0,0.6916666666666667
A,250,1,1750242,1,0,101,0,0.8571428571428571
A,250,1,1750247,1,0,363,0,0.9452054794520548
A,250,1,1750248,0,1,600,0,0.9833333333333333
A,250,1,1750249,1,0,101,0,0.8571428571428571
A,250,1,1750250,0,0,76,0,0.6875
A,250,1,1750275,0,0,101,0,0.7142857142857143
A,250,1,1750276,1,0,178,0,0.6944444444444444
A,250,1,1750277,1,0,92,0,0.7894736842105263
A,250,1,1750278,0,0,101,0,0.7142857142857143
A,250,1,1750287,1,0,137,0,0.8928571428571429
A,250,1,1750288,1,0,227,0,0.6304347826086957
A,250,1,1750289,1,0,134,0,0.8888888888888888
A,250,1,1750290,0,0,116,0,0.9166666666666666
A,250,1,1750283,1,0,215,0,0.8604651162790697
A,250,1,1750284,1,0,255,0,0.7254901960784313
A,250,1,1750285,1,0,199,0,0.625
A,250,1,1750286,1,0,85,0,0.8235294117647058
A,250,1,1750279,1,0,308,0,0.7258064516129032
A,250,1,1750280,1,0,213,0,0.8372093023255814
A,250,1,1750281,0,0,136,0,0.8571428571428571
A,250,1,1750282,1,0,173,0,0.9142857142857143
A,250,1,1750295,1,0,191,0,0.5897435897435898
A,250,1,1750296,0,0,144,0,0.8275862068965517
A,250,1,1750297,0,0,126,0,0.7307692307692307
A,250,1,1750298,1,0,131,0,0.8148148148148148
A,250,1,1750259,0,0,127,0,0.6923076923076923
A,250,1,1750260,0,1,600,0,0.9166666666666666
A,250,1,1750261,1,0,156,0,0.8125
A,250,1,1750262,0,1,600,0,0.6666666666666666
A,250,1,1750299,0,0,170,0,0.8823529411764706
A,250,1,1750300,0,0,189,0,0.631578947368421
A,250,1,1750301,1,0,129,0,0.7692307692307693
A,250,1,1750302,0,0,133,0,0.7777777777777778
A,250,1,1750267,1,0,126,0,0.8846153846153846
A,250,1,1750268,1,0,121,0,0.8
A,250,1,1750269,0,1,600,0,0.9666666666666667
A,250,1,1750270,0,1,600,0,0.8583333333333333
A,250,1,1750291,1,0,116,0,0.8333333333333334
A,250,1,1750292,1,0,255,0,0.6862745098039216
A,250,1,1750293,0,1,600,0,0.9833333333333333
A,250,1,1750294,1,0,100,0,0.95
A,250,1,1750271,0,1,600,0,0.7
A,250,1,1750272,1,0,533,0,0.9065420560747663
A,250,1,1750273,0,1,600,0,0.925
A,250,1,1750274,0,0,190,0,0.868421052631579
A,250,1,1750307,0,0,101,0,0.9523809523809523
A,250,1,1750308,1,0,139,0,0.9285714285714286
A,250,1,1750309,0,0,101,0,0.8571428571428571
A,250,1,1750310,1,0,277,0,0.9107142857142857
A,250,1,1750311,0,0,129,0,0.7307692307692307
A,250,1,1750312,1,0,202,0,0.7804878048780488
A,250,1,1750313,1,0,245,0,0.7142857142857143
A,250,1,1750314,0,0,144,0,0.8275862068965517
A,250,1,1750303,1,0,116,0,0.875
A,250,1,1750304,1,0,248,0,0.78
A,250,1,1750305,0,0,101,0,0.6666666666666666
A,250,1,1750306,0,1,600,0,0.975
A,250,1,1750331,1,0,183,0,0.8648648648648649
A,250,1,1750332,0,0,94,0,0.9473684210526315
A,250,1,1750333,0,0,101,0,0.9047619047619048
A,250,1,1750334,1,0,223,0,0.9333333333333333
A,250,1,1750335,1,0,141,0,0.7586206896551724
A,250,1,1750336,1,0,162,0,0.7575757575757576
A,250,1,1750337,1,0,245,0,0.7959183673469388
A,250,1,1750338,1,0,232,0,0.6808510638297872
A,250,1,1750343,1,0,140,0,0.8214285714285714
A,250,1,1750344,1,0,335,0,0.835820895522388
A,250,1,1750345,1,0,180,0,0.75
A,250,1,1750346,0,0,201,0,0.7560975609756098
A,250,1,1750319,0,0,171,0,0.7142857142857143
A,250,1,1750320,0,1,600,0,0.675
A,250,1,1750321,1,0,95,0,0.9473684210526315
A,250,1,1750322,0,0,369,0,0.972972972972973
A,250,1,1750315,1,0,105,0,0.7619047619047619
A,250,1,1750316,0,1,600,0,0.9833333333333333
A,250,1,1750317,1,0,247,0,0.98
A,250,1,1750318,0,0,76,0,1.0
A,250,1,1750347,1,0,97,0,0.9
A,250,1,1750348,1,0,429,0,0.7674418604651163
A,250,1,1750349,1,0,102,0,0.8095238095238095
A,250,1,1750350,0,0,493,0,0.9696969696969697
A,250,1,1750359,1,0,97,0,0.95
A,250,1,1750360,1,0,89,0,0.8888888888888888
A,250,1,1750361,1,0,417,0,0.7619047619047619
A,250,1,1750362,1,0,98,0,0.9
A,250,1,1750323,1,0,70,0,0.8571428571428571
A,250,1,1750324,0,1,600,0,0.975
A,250,1,1750325,1,0,132,0,0.8888888888888888
A,250,1,1750326,0,1,600,0,1.0
A,250,1,1750327,1,0,120,0,0.8333333333333334
A,250,1,1750328,1,0,102,0,0.7142857142857143
A,250,1,1750329,0,1,600,0,0.9833333333333333
A,250,1,1750330,0,1,600,0,0.9666666666666667
A,250,1,1750339,0,1,215,0,0.8372093023255814
A,250,1,1750340,1,0,196,0,0.875
A,250,1,1750341,0,1,600,0,0.975
A,250,1,1750342,1,0,251,0,0.6470588235294118
A,250,1,1750363,1,0,109,0,0.7727272727272727
A,250,1,1750364,1,0,201,0,0.9024390243902439
A,250,1,1750365,0,1,600,0,0.95
A,250,1,1750366,1,0,109,0,0.8636363636363636
A,250,1,1750351,1,0,178,0,0.6666666666666666
A,250,1,1750352,0,0,76,0,1.0
A,250,1,1750353,0,1,600,0,0.9
A,250,1,1750354,0,1,600,0,0.5833333333333334
A,250,1,1750383,1,0,103,0,1.0
A,250,1,1750384,1,0,124,0,0.76
A,250,1,1750385,1,0,209,0,0.8095238095238095
A,250,1,1750386,1,0,115,0,0.8695652173913043
A,250,1,1750371,1,0,111,0,0.8260869565217391
A,250,1,1750372,1,0,103,0,0.9047619047619048
A,250,1,1750373,1,0,327,0,0.803030303030303
A,250,1,1750374,1,0,244,0,0.5918367346938775
A,250,1,1750367,0,0,176,0,0.5833333333333334
A,250,1,1750368,1,0,240,0,0.9791666666666666
A,250,1,1750369,0,1,600,0,0.9666666666666667
A,250,1,1750370,1,0,161,0,0.7575757575757576
A,250,1,1750379,0,1,600,0,0.9833333333333333
A,250,1,1750380,1,0,161,0,0.7272727272727273
A,250,1,1750381,1,0,109,0,0.8636363636363636
A,250,1,1750382,0,0,110,0,0.8636363636363636
A,250,1,1750399,0,0,223,0,0.7555555555555555
A,250,1,1750400,0,0,76,0,0.9375
A,250,1,1750401,1,0,127,0,0.9230769230769231
A,250,1,1750402,1,0,177,0,0.8055555555555556
A,250,1,1750403,0,0,101,0,0.9523809523809523
A,250,1,1750404,0,0,101,0,0.7619047619047619
A,250,1,1750405,0,0,105,0,0.7619047619047619
A,250,1,1750406,1,0,212,0,0.7209302325581395
A,250,1,1750355,1,0,559,0,0.6964285714285714
A,250,1,1750356,1,0,109,0,0.9090909090909091
A,250,1,1750357,0,0,542,0,0.981651376146789
A,250,1,1750358,0,1,600,0,0.6583333333333333
A,250,1,1750395,0,1,600,0,0.9333333333333333
A,250,1,1750396,0,0,71,0,0.7333333333333333
A,250,1,1750397,1,0,76,0,0.9375
A,250,1,1750398,0,0,126,0,0.8076923076923077
A,250,1,1750387,0,0,494,0,0.8383838383838383
A,250,1,1750388,1,0,253,0,0.8823529411764706
A,250,1,1750389,1,0,163,0,0.5454545454545454
A,250,1,1750390,0,0,147,0,0.9333333333333333
A,250,1,1750375,0,1,600,0,0.8
A,250,1,1750376,0,1,600,0,0.9833333333333333
A,250,1,1750377,1,0,97,0,1.0
A,250,1,1750378,1,0,137,0,0.8571428571428571
A,250,1,1750419,1,0,110,0,0.7727272727272727
A,250,1,1750420,0,0,76,0,0.8125
A,250,1,1750421,1,0,161,0,0.8787878787878788
A,250,1,1750422,1,0,94,0,0.8421052631578947
A,250,1,1750415,1,0,348,0,0.6428571428571429
A,250,1,1750416,1,0,174,0,0.8857142857142857
A,250,1,1750417,1,0,168,0,0.8529411764705882
A,250,1,1750418,1,0,116,0,0.9583333333333334
A,250,1,1750391,0,0,496,0,0.98
A,250,1,1750392,0,1,600,0,0.975
A,250,1,1750393,1,0,138,0,0.9285714285714286
A,250,1,1750394,0,0,265,0,0.7735849056603774
A,250,1,1750411,1,0,151,0,0.8064516129032258
A,250,1,1750412,1,0,265,0,0.6792452830188679
A,250,1,1750413,0,0,76,0,0.9375
A,250,1,1750414,0,1,600,0,0.9416666666666667
A,250,1,1750443,1,0,102,0,0.9523809523809523
A,250,1,1750444,0,0,113,0,0.6521739130434783
A,250,1,1750445,1,0,95,0,0.8421052631578947
A,250,1,1750446,0,0,78,0,1.0
A,250,1,1750423,1,0,125,0,0.92
A,250,1,1750424,1,0,211,0,0.9302325581395349
A,250,1,1750425,1,0,130,0,0.8846153846153846
A,250,1,1750426,0,1,600,0,0.975
A,250,1,1750431,1,0,142,0,0.8620689655172413
A,250,1,1750432,1,0,355,0,0.8591549295774648
A,250,1,1750433,1,0,112,0,0.9130434782608695
A,250,1,1750434,1,0,357,0,0.7083333333333334
A,250,1,1750447,1,0,139,0,0.7857142857142857
A,250,1,1750448,1,0,155,0,0.8709677419354839
A,250,1,1750449,1,0,239,0,0.9375
A,250,1,1750450,1,0,107,0,0.9545454545454546
A,250,1,1750427,1,0,413,0,0.8072289156626506
A,250,1,1750428,1,0,230,0,0.7391304347826086
A,250,1,1750429,0,0,131,0,0.8518518518518519
A,250,1,1750430,0,0,571,0,0.7565217391304347
A,250,1,1750407,0,0,174,0,0.5428571428571428
A,250,1,1750408,0,1,600,0,0.975
A,250,1,1750409,1,0,320,0,0.796875
A,250,1,1750410,0,1,600,0,0.9583333333333334
A,250,1,1750451,0,0,165,0,0.9696969696969697
A,250,1,1750452,0,0,51,0,0.8181818181818182
A,250,1,1750453,1,0,188,0,0.8157894736842105
A,250,1,1750454,1,0,319,0,0.765625
A,250,1,1750435,0,0,326,0,0.7272727272727273
A,250,1,1750436,0,0,213,0,0.5813953488372093
A,250,1,1750437,1,0,227,0,0.9565217391304348
A,250,1,1750438,0,1,600,0,0.9833333333333333
A,250,1,1750439,0,1,600,0,1.0
A,250,1,1750440,0,1,600,0,0.925
A,250,1,1750441,0,0,82,0,0.9411764705882353
A,250,1,1750442,1,0,118,0,0.8333333333333334
A,250,1,1750471,0,0,84,0,0.6470588235294118
A,250,1,1750472,1,0,95,0,0.9473684210526315
A,250,1,1750473,1,0,222,0,0.8444444444444444
A,250,1,1750474,1,0,141,0,0.9655172413793104
A,250,1,1750459,1,0,144,0,0.8275862068965517
A,250,1,1750460,1,0,125,0,1.0
A,250,1,1750461,1,0,191,0,0.8717948717948718
A,250,1,1750462,0,1,600,0,0.9833333333333333
A,250,1,1750467,0,0,63,0,0.8461538461538461
A,250,1,1750468,0,0,126,0,0.8461538461538461
A,250,1,1750469,1,0,288,0,0.7931034482758621
A,250,1,1750470,0,1,600,0,1.0
A,250,1,1750455,1,0,125,0,0.96
A,250,1,1750456,0,1,600,0,0.85
A,250,1,1750457,1,0,132,0,0.8888888888888888
A,250,1,1750458,1,0,185,0,0.8918918918918919
A,250,1,1750479,1,0,123,0,0.6
A,250,1,1750480,1,0,139,0,0.9285714285714286
A,250,1,1750481,0,1,600,0,0.9833333333333333
A,250,1,1750482,1,0,115,0,0.8260869565217391
A,250,1,1750487,1,0,101,0,1.0
A,250,1,1750488,0,0,76,0,0.9375
A,250,1,1750489,0,1,600,0,0.975
A,250,1,1750490,1,0,160,0,0.78125
A,250,1,1750463,1,0,177,0,0.75
A,250,1,1750464,0,1,600,0,0.975
A,250,1,1750465,0,0,255,0,0.7254901960784313
A,250,1,1750466,0,0,66,0,0.7857142857142857
A,250,1,1750475,0,0,76,0,0.9375
A,250,1,1750476,1,0,77,0,0.875
A,250,1,1750477,1,0,122,0,0.88
A,250,1,1750478,0,1,600,0,0.975
A,250,1,1750499,0,1,600,0,0.7
A,250,1,1750483,0,1,600,0,0.9916666666666667
A,250,1,1750484,1,0,170,0,0.7352941176470589
A,250,1,1750485,1,0,337,0,0.75
A,250,1,1750486,1,0,69,0,0.7857142857142857
A,250,1,1750491,0,1,600,0,0.975
A,250,1,1750492,0,1,600,0,0.5833333333333334
A,250,1,1750493,1,0,84,0,0.8823529411764706
A,250,1,1750494,0,0,230,0,0.8478260869565217
A,250,1,1750495,0,1,600,0,0.7333333333333333
A,250,1,1750496,0,1,600,0,0.9916666666666667
A,250,1,1750497,1,0,265,0,0.8679245283018868
A,250,1,1750498,1,0,269,0,0.7777777777777778
C,50,0,1050008,1,0,113,113,0.8141592920353983
C,50,0,1050009,1,0,72,72,0.8611111111111112
C,50,0,1050010,1,0,68,68,1.0
C,50,0,1050011,1,0,103,103,1.0
C,50,0,1050028,1,0,182,182,0.7582417582417582
C,50,0,1050029,1,0,113,113,0.7168141592920354
C,50,0,1050030,1,0,65,65,0.9692307692307692
C,50,0,1050031,1,0,84,84,0.7857142857142857
C,50,0,1050012,1,0,72,72,0.9722222222222222
C,50,0,1050013,1,0,165,165,0.793939393939394
C,50,0,1050014,1,0,72,72,0.9861111111111112
C,50,0,1050015,1,0,93,93,0.9139784946236559
C,50,0,1050000,1,0,89,89,0.7752808988764045
C,50,0,1050001,1,0,112,112,0.8928571428571429
C,50,0,1050002,1,0,114,114,0.9473684210526315
C,50,0,1050003,1,0,64,64,1.0
C,50,0,1050020,1,0,104,104,0.9038461538461539
C,50,0,1050021,1,0,70,70,0.9857142857142858
C,50,0,1050022,1,0,118,118,0.864406779661017
C,50,0,1050023,1,0,149,149,0.87248322147651
C,50,0,1050032,1,0,143,143,0.9090909090909091
C,50,0,1050033,1,0,63,63,0.9206349206349206
C,50,0,1050034,1,0,143,143,0.7762237762237763
C,50,0,1050035,1,0,75,75,0.9466666666666667
C,50,0,1050024,1,0,72,72,0.9583333333333334
C,50,0,1050025,1,0,90,90,0.9111111111111111
C,50,0,1050026,1,0,113,113,0.8495575221238938
C,50,0,1050027,0,0,418,418,0.6555023923444976
C,50,0,1050004,1,0,163,163,0.8834355828220859
C,50,0,1050005,1,0,68,68,0.9117647058823529
C,50,0,1050006,1,0,309,309,0.8673139158576052
C,50,0,1050007,0,0,92,92,0.8043478260869565
C,50,0,1050036,1,0,123,123,0.967479674796748
C,50,0,1050037,1,0,147,147,0.8639455782312925
C,50,0,1050038,1,0,130,130,0.9076923076923077
C,50,0,1050039,1,0,57,57,0.9824561403508771
C,50,0,1050040,1,0,112,112,0.8392857142857143
C,50,0,1050041,1,0,70,70,0.9714285714285714
C,50,0,1050042,1,0,187,187,0.9197860962566845
C,50,0,1050043,1,0,64,64,1.0
C,50,0,1050048,1,0,61,61,0.9672131147540983
C,50,0,1050049,1,0,62,62,0.9354838709677419
C,50,0,1050050,1,0,101,101,0.9702970297029703
C,50,0,1050051,0,0,263,263,0.8821292775665399
C,50,0,1050016,1,0,67,67,0.9850746268656716
C,50,0,1050017,0,1,600,600,0.6816666666666666
C,50,0,1050018,1,0,57,57,0.9298245614035088
C,50,0,1050019,1,0,169,169,0.7514792899408284
C,50,0,1050052,1,0,94,94,0.851063829787234
C,50,0,1050053,1,0,83,83,0.9036144578313253
C,50,0,1050054,1,0,93,93,0.8064516129032258
C,50,0,1050055,1,0,126,126,0.9523809523809523
C,50,0,1050056,1,0,137,137,0.8467153284671532
C,50,0,1050057,1,0,90,90,0.8444444444444444
C,50,0,1050058,1,0,148,148,0.7297297297297297
C,50,0,1050059,1,0,76,76,0.9473684210526315
C,50,0,1050064,0,0,96,96,0.7916666666666666
C,50,0,1050065,1,0,124,124,0.9193548387096774
C,50,0,1050066,1,0,146,146,0.910958904109589
C,50,0,1050067,1,0,64,64,0.90625
C,50,0,1050060,1,0,100,100,0.88
C,50,0,1050061,1,0,145,145,0.9586206896551724
C,50,0,1050062,1,0,135,135,0.8962962962962963
C,50,0,1050063,1,0,61,61,0.9508196721311475
C,50,0,1050076,1,0,125,125,0.888
C,50,0,1050077,1,0,281,281,0.7117437722419929
C,50,0,1050078,1,0,73,73,0.9452054794520548
C,50,0,1050079,1,0,65,65,0.9846153846153847
C,50,0,1050072,1,0,88,88,0.8977272727272727
C,50,0,1050073,1,0,106,106,0.8301886792452831
C,50,0,1050074,1,0,84,84,0.9761904761904762
C,50,0,1050075,1,0,199,199,0.8743718592964824
C,50,0,1050084,1,0,128,128,0.9453125
C,50,0,1050085,1,0,103,103,0.9223300970873787
C,50,0,1050086,1,0,116,116,0.9310344827586207
C,50,0,1050087,1,0,87,87,0.7816091954022989
C,50,0,1050068,1,0,119,119,0.8991596638655462
C,50,0,1050069,1,0,130,130,0.8923076923076924
C,50,0,1050070,1,0,128,128,0.921875
C,50,0,1050071,1,0,158,158,0.9367088607594937
C,50,0,1050044,1,0,64,64,0.96875
C,50,0,1050045,1,0,151,151,0.8609271523178808
C,50,0,1050046,1,0,579,579,0.7167530224525043
C,50,0,1050047,1,0,96,96,0.8125
C,50,0,1050080,1,0,266,266,0.8082706766917294
C,50,0,1050081,1,0,57,57,1.0
C,50,0,1050082,1,0,113,113,0.8672566371681416
C,50,0,1050083,1,0,100,100,0.84
C,50,0,1050088,1,0,121,121,0.9669421487603306
C,50,0,1050089,1,0,78,78,0.8846153846153846
C,50,0,1050090,1,0,68,68,0.9558823529411765
C,50,0,1050091,0,0,251,251,0.9880478087649402
C,50,0,1050092,1,0,120,120,0.85
C,50,0,1050093,1,0,64,64,0.984375
C,50,0,1050094,1,0,69,69,0.9420289855072463
C,50,0,1050095,1,0,127,127,0.9133858267716536
C,50,0,1050096,1,0,75,75,0.8933333333333333
C,50,0,1050097,1,0,78,78,0.9487179487179487
C,50,0,1050098,1,0,85,85,0.7411764705882353
C,50,0,1050099,1,0,97,97,0.865979381443299
C,50,0,1050116,1,0,142,142,0.7816901408450704
C,50,0,1050117,1,0,127,127,0.8740157480314961
C,50,0,1050118,1,0,74,74,0.918918918918919
C,50,0,1050119,1,0,75,75,0.8666666666666667
C,50,0,1050108,1,0,82,82,0.926829268292683
C,50,0,1050109,1,0,75,75,0.9733333333333334
C,50,0,1050110,0,0,101,101,1.0
C,50,0,1050111,1,0,163,163,0.8282208588957055
C,50,0,1050124,1,0,151,151,0.7682119205298014
C,50,0,1050125,1,0,78,78,0.9871794871794872
C,50,0,1050126,1,0,188,188,0.8351063829787234
C,50,0,1050127,1,0,187,187,0.7379679144385026
C,50,0,1050120,1,0,74,74,0.9054054054054054
C,50,0,1050121,1,0,80,80,0.8625
C,50,0,1050122,1,0,180,180,0.8666666666666667
C,50,0,1050123,1,0,144,144,0.8194444444444444
C,50,0,1050132,1,0,146,146,0.8972602739726028
C,50,0,1050133,1,0,119,119,0.8151260504201681
C,50,0,1050134,1,0,85,85,0.8352941176470589
C,50,0,1050135,1,0,134,134,0.8507462686567164
C,50,0,1050100,1,0,63,63,1.0
C,50,0,1050101,0,1,600,600,0.9983333333333333
C,50,0,1050102,1,0,170,170,0.9
C,50,0,1050103,1,0,71,71,0.9436619718309859
C,50,0,1050112,1,0,95,95,0.8210526315789474
C,50,0,1050113,1,0,263,263,0.9125475285171103
C,50,0,1050114,1,0,158,158,0.8734177215189873
C,50,0,1050115,1,0,76,76,1.0
C,50,0,1050128,1,0,104,104,0.9326923076923077
C,50,0,1050129,1,0,392,392,0.7244897959183674
C,50,0,1050130,1,0,116,116,0.9396551724137931
C,50,0,1050131,1,0,67,67,1.0
C,50,0,1050104,1,0,127,127,0.937007874015748
C,50,0,1050105,1,0,141,141,0.9290780141843972
C,50,0,1050106,1,0,83,83,0.8674698795180723
C,50,0,1050107,0,1,600,600,0.9783333333333334
C,50,0,1050136,0,0,115,115,0.8434782608695652
C,50,0,1050137,1,0,65,65,0.9692307692307692
C,50,0,1050138,1,0,136,136,0.9117647058823529
C,50,0,1050139,1,0,123,123,0.975609756097561
C,50,0,1050140,1,0,147,147,0.8979591836734694
C,50,0,1050141,1,0,154,154,0.9025974025974026
C,50,0,1050142,1,0,137,137,0.8759124087591241
C,50,0,1050143,1,0,138,138,0.9347826086956522
C,50,0,1050144,1,0,122,122,0.9508196721311475
C,50,0,1050145,1,0,121,121,0.9256198347107438
C,50,0,1050146,1,0,94,94,0.8829787234042553
C,50,0,1050147,1,0,124,124,0.8951612903225806
C,50,0,1050160,1,0,73,73,0.9452054794520548
C,50,0,1050161,1,0,139,139,0.8705035971223022
C,50,0,1050162,1,0,73,73,0.7671232876712328
C,50,0,1050163,1,0,85,85,0.9294117647058824
C,50,0,1050152,1,0,83,83,0.9518072289156626
C,50,0,1050153,1,0,90,90,0.7333333333333333
C,50,0,1050154,1,0,87,87,0.8275862068965517
C,50,0,1050155,1,0,80,80,0.9
C,50,0,1050156,1,0,162,162,0.9197530864197531
C,50,0,1050157,1,0,86,86,0.9186046511627907
C,50,0,1050158,1,0,91,91,0.9340659340659341
C,50,0,1050159,1,0,137,137,0.8467153284671532
C,50,0,1050168,1,0,90,90,0.8777777777777778
C,50,0,1050169,1,0,140,140,0.8571428571428571
C,50,0,1050170,1,0,77,77,0.8441558441558441
C,50,0,1050171,1,0,109,109,0.981651376146789
C,50,0,1050180,1,0,90,90,0.7555555555555555
C,50,0,1050181,1,0,96,96,0.8854166666666666
C,50,0,1050182,1,0,75,75,0.9733333333333334
C,50,0,1050183,1,0,72,72,0.9166666666666666
C,50,0,1050148,1,0,135,135,0.8296296296296296
C,50,0,1050149,0,1,600,600,0.985
C,50,0,1050150,1,0,126,126,0.8492063492063492
C,50,0,1050151,1,0,72,72,1.0
C,50,0,1050184,1,0,173,173,0.8208092485549133
C,50,0,1050185,1,0,85,85,0.9294117647058824
C,50,0,1050186,1,0,59,59,1.0
C,50,0,1050187,1,0,69,69,0.9710144927536232
C,50,0,1050172,1,0,126,126,0.8968253968253969
C,50,0,1050173,0,0,245,245,0.9306122448979591
C,50,0,1050174,1,0,51,51,0.9803921568627451
C,50,0,1050175,1,0,147,147,0.7755102040816326
C,50,0,1050188,1,0,137,137,0.8978102189781022
C,50,0,1050189,1,0,126,126,0.8968253968253969
C,50,0,1050190,0,0,68,68,0.8676470588235294
C,50,0,1050191,0,0,80,80,0.8125
C,50,0,1050176,1,0,100,100,0.87
C,50,0,1050177,1,0,132,132,0.9166666666666666
C,50,0,1050178,1,0,265,265,0.8
C,50,0,1050179,1,0,138,138,0.8333333333333334
C,50,0,1050212,1,0,89,89,0.797752808988764
C,50,0,1050213,1,0,71,71,0.8873239436619719
C,50,0,1050214,1,0,59,59,0.847457627118644
C,50,0,1050215,1,0,89,89,0.7528089887640449
C,50,0,1050164,1,0,114,114,0.9473684210526315
C,50,0,1050165,0,1,600,600,0.6133333333333333
C,50,0,1050166,1,0,54,54,0.8148148148148148
C,50,0,1050167,1,0,132,132,0.8939393939393939
C,50,0,1050204,1,0,126,126,0.6825396825396826
C,50,0,1050205,1,0,123,123,0.967479674796748
C,50,0,1050206,1,0,125,125,0.832
C,50,0,1050207,1,0,76,76,0.9868421052631579
C,50,0,1050208,1,0,87,87,0.8735632183908046
C,50,0,1050209,1,0,88,88,0.8409090909090909
C,50,0,1050210,0,0,78,78,0.8974358974358975
C,50,0,1050211,1,0,165,165,0.8484848484848485
C,50,0,1050220,1,0,102,102,0.7058823529411765
C,50,0,1050221,1,0,65,65,0.9076923076923077
C,50,0,1050222,1,0,63,63,0.8888888888888888
C,50,0,1050223,1,0,71,71,0.9154929577464789
C,50,0,1050200,1,0,319,319,0.7523510971786834
C,50,0,1050201,1,0,83,83,1.0
C,50,0,1050202,1,0,137,137,0.8832116788321168
C,50,0,1050203,1,0,179,179,0.9273743016759777
C,50,0,1050196,0,1,600,600,0.9966666666666667
C,50,0,1050197,1,0,68,68,0.8529411764705882
C,50,0,1050198,1,0,80,80,0.8875
C,50,0,1050199,1,0,119,119,0.8319327731092437
C,50,0,1050216,1,0,131,131,0.916030534351145
C,50,0,1050217,1,0,82,82,0.8536585365853658
C,50,0,1050218,1,0,99,99,0.9191919191919192
C,50,0,1050219,1,0,62,62,0.8548387096774194
C,50,0,1050224,1,0,110,110,0.7363636363636363
C,50,0,1050225,1,0,139,139,0.7913669064748201
C,50,0,1050226,1,0,66,66,0.9090909090909091
C,50,0,1050227,1,0,85,85,0.8705882352941177
C,50,0,1050192,1,0,62,62,0.9838709677419355
C,50,0,1050193,0,1,600,600,0.9733333333333334
C,50,0,1050194,1,0,71,71,0.9859154929577465
C,50,0,1050195,1,0,138,138,0.8405797101449275
C,50,0,1050228,0,0,157,157,0.8280254777070064
C,50,0,1050229,1,0,169,169,0.8875739644970414
C,50,0,1050230,1,0,120,120,0.9083333333333333
C,50,0,1050231,1,0,69,69,0.9420289855072463
C,50,0,1050236,1,0,137,137,0.9562043795620438
C,50,0,1050237,1,0,135,135,0.9333333333333333
C,50,0,1050238,0,0,138,138,0.8333333333333334
C,50,0,1050239,1,0,76,76,0.8947368421052632
C,50,0,1050244,0,0,51,51,0.9607843137254902
C,50,0,1050245,1,0,122,122,0.9836065573770492
C,50,0,1050246,1,0,110,110,0.9
C,50,0,1050247,1,0,153,153,0.934640522875817
C,50,0,1050240,1,0,125,125,0.96
C,50,0,1050241,1,0,129,129,0.8449612403100775
C,50,0,1050242,1,0,121,121,0.7933884297520661
C,50,0,1050243,1,0,91,91,0.7912087912087912
C,50,0,1050252,1,0,59,59,1.0
C,50,0,1050253,1,0,101,101,0.9405940594059405
C,50,0,1050254,1,0,72,72,1.0
C,50,0,1050255,1,0,113,113,0.9823008849557522
C,50,0,1050248,1,0,93,93,0.8494623655913979
C,50,0,1050249,1,0,127,127,0.9291338582677166
C,50,0,1050250,1,0,145,145,0.9586206896551724
C,50,0,1050251,1,0,129,129,0.937984496124031
C,50,0,1050256,1,0,124,124,0.8951612903225806
C,50,0,1050257,1,0,108,108,0.8425925925925926
C,50,0,1050258,1,0,89,89,0.8651685393258427
C,50,0,1050259,1,0,136,136,0.8602941176470589
C,50,0,1050268,1,0,117,117,0.811965811965812
C,50,0,1050269,1,0,90,90,0.8444444444444444
C,50,0,1050270,1,0,140,140,0.9357142857142857
C,50,0,1050271,1,0,85,85,0.8588235294117647
C,50,0,1050260,1,0,111,111,0.7747747747747747
C,50,0,1050261,1,0,65,65,0.9692307692307692
C,50,0,1050262,1,0,114,114,0.9122807017543859
C,50,0,1050263,1,0,186,186,0.8387096774193549
C,50,0,1050232,1,0,84,84,0.8690476190476191
C,50,0,1050233,1,0,167,167,0.8682634730538922
C,50,0,1050234,0,1,600,600,0.67
C,50,0,1050235,1,0,101,101,0.8118811881188119
C,50,0,1050276,1,0,177,177,0.711864406779661
C,50,0,1050277,1,0,62,62,0.967741935483871
C,50,0,1050278,1,0,117,117,0.8290598290598291
C,50,0,1050279,0,0,109,109,0.8623853211009175
C,50,0,1050280,1,0,91,91,0.8351648351648352
C,50,0,1050281,1,0,160,160,0.875
C,50,0,1050282,1,0,63,63,0.9047619047619048
C,50,0,1050283,1,0,124,124,0.9354838709677419
C,50,0,1050288,1,0,105,105,0.9047619047619048
C,50,0,1050289,1,0,115,115,0.8695652173913043
C,50,0,1050290,1,0,75,75,0.8
C,50,0,1050291,0,0,189,189,0.7883597883597884
C,50,0,1050304,1,0,87,87,0.8275862068965517
C,50,0,1050305,1,0,169,169,0.8520710059171598
C,50,0,1050306,1,0,109,109,0.8807339449541285
C,50,0,1050307,1,0,64,64,0.9375
C,50,0,1050292,1,0,61,61,0.9344262295081968
C,50,0,1050293,1,0,110,110,0.8636363636363636
C,50,0,1050294,1,0,74,74,0.972972972972973
C,50,0,1050295,1,0,161,161,0.9316770186335404
C,50,0,1050296,1,0,161,161,0.9006211180124224
C,50,0,1050297,1,0,90,90,0.9111111111111111
C,50,0,1050298,1,0,82,82,0.8658536585365854
C,50,0,1050299,1,0,140,140,0.9
C,50,0,1050308,1,0,131,131,0.8854961832061069
C,50,0,1050309,1,0,137,137,0.8978102189781022
C,50,0,1050310,1,0,78,78,0.9102564102564102
C,50,0,1050311,1,0,63,63,0.9682539682539683
C,50,0,1050272,1,0,143,143,0.8811188811188811
C,50,0,1050273,0,1,600,600,0.995
C,50,0,1050274,1,0,75,75,1.0
C,50,0,1050275,1,0,59,59,0.8813559322033898
C,50,0,1050284,1,0,111,111,0.963963963963964
C,50,0,1050285,1,0,123,123,0.8536585365853658
C,50,0,1050286,1,0,178,178,0.8651685393258427
C,50,0,1050287,0,0,227,227,0.8634361233480177
C,50,0,1050320,1,0,73,73,0.9315068493150684
C,50,0,1050321,1,0,73,73,0.9726027397260274
C,50,0,1050322,1,0,130,130,0.9307692307692308
C,50,0,1050323,1,0,78,78,1.0
C,50,0,1050300,1,0,172,172,0.8604651162790697
C,50,0,1050301,1,0,376,376,0.6808510638297872
C,50,0,1050302,1,0,75,75,0.8533333333333334
C,50,0,1050303,0,0,103,103,0.8349514563106796
C,50,0,1050324,1,0,90,90,0.9111111111111111
C,50,0,1050325,1,0,151,151,0.8543046357615894
C,50,0,1050326,1,0,71,71,0.8591549295774648
C,50,0,1050327,1,0,68,68,0.9411764705882353
C,50,0,1050312,1,0,74,74,0.972972972972973
C,50,0,1050313,1,0,112,112,0.9017857142857143
C,50,0,1050314,1,0,129,129,0.937984496124031
C,50,0,1050315,1,0,91,91,0.8131868131868132
C,50,0,1050316,1,0,62,62,1.0
C,50,0,1050317,1,0,87,87,0.8850574712643678
C,50,0,1050318,1,0,127,127,0.8110236220472441
C,50,0,1050319,1,0,120,120,0.8916666666666667
C,50,0,1050264,1,0,105,105,0.9714285714285714
C,50,0,1050265,1,0,127,127,0.952755905511811
C,50,0,1050266,0,1,600,600,0.9083333333333333
C,50,0,1050267,1,0,132,132,0.7575757575757576
C,50,0,1050336,1,0,124,124,0.8145161290322581
C,50,0,1050337,1,0,112,112,0.9017857142857143
C,50,0,1050338,1,0,67,67,0.8805970149253731
C,50,0,1050339,1,0,75,75,0.9866666666666667
C,50,0,1050344,1,0,78,78,0.8461538461538461
C,50,0,1050345,1,0,74,74,0.9459459459459459
C,50,0,1050346,1,0,105,105,0.8380952380952381
C,50,0,1050347,1,0,58,58,0.7241379310344828
C,50,0,1050332,1,0,167,167,0.8682634730538922
C,50,0,1050333,1,0,113,113,0.8938053097345132
C,50,0,1050334,1,0,75,75,0.8666666666666667
C,50,0,1050335,1,0,112,112,0.875
C,50,0,1050348,1,0,83,83,0.8192771084337349
C,50,0,1050349,1,0,76,76,0.9342105263157895
C,50,0,1050350,1,0,84,84,0.8690476190476191
C,50,0,1050351,1,0,129,129,0.9147286821705426
C,50,0,1050328,1,0,255,255,0.7529411764705882
C,50,0,1050329,1,0,83,83,0.8313253012048193
C,50,0,1050330,1,0,151,151,0.9271523178807947
C,50,0,1050331,1,0,116,116,0.8620689655172413
C,50,0,1050340,1,0,141,141,0.8652482269503546
C,50,0,1050341,1,0,128,128,0.875
C,50,0,1050342,1,0,83,83,0.8313253012048193
C,50,0,1050343,1,0,190,190,0.9473684210526315
C,50,0,1050360,1,0,140,140,0.9
C,50,0,1050361,1,0,71,71,0.9014084507042254
C,50,0,1050362,1,0,135,135,0.9111111111111111
C,50,0,1050363,1,0,114,114,0.868421052631579
C,50,0,1050364,1,0,91,91,0.8681318681318682
C,50,0,1050365,1,0,327,327,0.8012232415902141
C,50,0,1050366,1,0,110,110,0.8454545454545455
C,50,0,1050367,1,0,65,65,0.9692307692307692
C,50,0,1050356,1,0,81,81,0.9135802469135802
C,50,0,1050357,1,0,70,70,0.9857142857142858
C,50,0,1050358,1,0,116,116,0.9827586206896551
C,50,0,1050359,1,0,179,179,0.776536312849162
C,50,0,1050372,1,0,75,75,0.9866666666666667
C,50,0,1050373,1,0,51,51,1.0
C,50,0,1050374,1,0,112,112,0.8035714285714286
C,50,0,1050375,1,0,126,126,0.6904761904761905
C,50,0,1050368,1,0,79,79,0.9113924050632911
C,50,0,1050369,1,0,117,117,0.9401709401709402
C,50,0,1050370,1,0,86,86,0.8604651162790697
C,50,0,1050371,1,0,93,93,0.956989247311828
C,50,0,1050352,1,0,266,266,0.7180451127819549
C,50,0,1050353,1,0,227,227,0.8414096916299559
C,50,0,1050354,1,0,77,77,0.8441558441558441
C,50,0,1050355,1,0,76,76,0.9605263157894737
C,50,0,1050388,1,0,88,88,0.9318181818181818
C,50,0,1050389,1,0,74,74,0.9864864864864865
C,50,0,1050390,1,0,97,97,0.8865979381443299
C,50,0,1050391,1,0,135,135,0.8666666666666667
C,50,0,1050396,1,0,81,81,0.9629629629629629
C,50,0,1050397,1,0,96,96,0.84375
C,50,0,1050398,1,0,77,77,0.922077922077922
C,50,0,1050399,1,0,62,62,0.8870967741935484
C,50,0,1050400,1,0,81,81,0.9135802469135802
C,50,0,1050401,1,0,84,84,0.8571428571428571
C,50,0,1050402,1,0,127,127,0.9291338582677166
C,50,0,1050403,1,0,93,93,0.9032258064516129
C,50,0,1050404,1,0,62,62,0.9516129032258065
C,50,0,1050405,1,0,66,66,0.9393939393939394
C,50,0,1050406,1,0,86,86,0.7558139534883721
C,50,0,1050407,1,0,65,65,0.9846153846153847
C,50,0,1050392,1,0,133,133,0.8947368421052632
C,50,0,1050393,1,0,112,112,0.8839285714285714
C,50,0,1050394,1,0,217,217,0.8248847926267281
C,50,0,1050395,1,0,114,114,0.9122807017543859
C,50,0,1050384,1,0,103,103,0.9223300970873787
C,50,0,1050385,1,0,172,172,0.8372093023255814
C,50,0,1050386,0,0,320,320,0.896875
C,50,0,1050387,1,0,79,79,0.8987341772151899
C,50,0,1050408,1,0,76,76,0.8421052631578947
C,50,0,1050409,1,0,67,67,0.9402985074626866
C,50,0,1050410,1,0,115,115,0.8434782608695652
C,50,0,1050411,1,0,95,95,0.9052631578947369
C,50,0,1050380,1,0,100,100,0.84
C,50,0,1050381,1,0,65,65,1.0
C,50,0,1050382,1,0,150,150,0.82
C,50,0,1050383,1,0,484,484,0.7995867768595041
C,50,0,1050416,1,0,97,97,0.7938144329896907
C,50,0,1050417,1,0,140,140,0.8357142857142857
C,50,0,1050418,1,0,82,82,0.9024390243902439
C,50,0,1050419,1,0,144,144,0.9027777777777778
C,50,0,1050436,1,0,128,128,0.90625
C,50,0,1050437,1,0,70,70,0.9714285714285714
C,50,0,1050438,1,0,75,75,0.88
C,50,0,1050439,1,0,119,119,0.9747899159663865
C,50,0,1050432,1,0,92,92,0.8586956521739131
C,50,0,1050433,1,0,60,60,0.9333333333333333
C,50,0,1050434,1,0,184,184,0.8206521739130435
C,50,0,1050435,1,0,81,81,0.9012345679012346
C,50,0,1050428,1,0,154,154,0.9025974025974026
C,50,0,1050429,1,0,67,67,0.9552238805970149
C,50,0,1050430,1,0,80,80,0.9875
C,50,0,1050431,1,0,129,129,0.9224806201550387
C,50,0,1050420,1,0,134,134,0.8283582089552238
C,50,0,1050421,0,0,220,220,0.7363636363636363
C,50,0,1050422,1,0,75,75,0.9333333333333333
C,50,0,1050423,1,0,90,90,0.9888888888888889
C,50,0,1050424,1,0,96,96,0.9583333333333334
C,50,0,1050425,0,0,147,147,0.7891156462585034
C,50,0,1050426,1,0,84,84,0.8690476190476191
C,50,0,1050427,1,0,150,150,0.8933333333333333
C,50,0,1050376,0,1,600,600,0.7016666666666667
C,50,0,1050377,1,0,155,155,0.8838709677419355
C,50,0,1050378,1,0,70,70,0.9285714285714286
C,50,0,1050379,1,0,68,68,0.8529411764705882
C,50,0,1050412,1,0,147,147,0.8163265306122449
C,50,0,1050413,1,0,156,156,0.7692307692307693
C,50,0,1050414,1,0,89,89,0.9325842696629213
C,50,0,1050415,1,0,254,254,0.7559055118110236
C,50,0,1050448,1,0,135,135,0.8888888888888888
C,50,0,1050449,1,0,84,84,0.9404761904761905
C,50,0,1050450,1,0,113,113,0.8584070796460177
C,50,0,1050451,1,0,90,90,0.8222222222222222
C,50,0,1050452,0,0,129,129,0.7906976744186046
C,50,0,1050453,1,0,107,107,0.897196261682243
C,50,0,1050454,1,0,61,61,1.0
C,50,0,1050455,1,0,119,119,0.8235294117647058
C,50,0,1050444,1,0,86,86,0.9418604651162791
C,50,0,1050445,1,0,101,101,0.9207920792079208
C,50,0,1050446,0,0,193,193,0.8393782383419689
C,50,0,1050447,1,0,124,124,0.9354838709677419
C,50,0,1050440,1,0,78,78,0.8846153846153846
C,50,0,1050441,1,0,104,104,0.7211538461538461
C,50,0,1050442,0,1,600,600,0.9133333333333333
C,50,0,1050443,1,0,75,75,0.9333333333333333
C,50,0,1050460,1,0,107,107,0.8691588785046729
C,50,0,1050461,1,0,184,184,0.7771739130434783
C,50,0,1050462,1,0,68,68,0.9705882352941176
C,50,0,1050463,1,0,85,85,0.8823529411764706
C,50,0,1050464,1,0,129,129,0.9069767441860465
C,50,0,1050465,0,0,159,159,0.8616352201257862
C,50,0,1050466,1,0,84,84,0.8333333333333334
C,50,0,1050467,1,0,70,70,0.9
C,50,0,1050468,0,0,147,147,0.9115646258503401
C,50,0,1050469,1,0,71,71,0.9577464788732394
C,50,0,1050470,1,0,112,112,0.8125
C,50,0,1050471,1,0,145,145,0.8206896551724138
C,50,0,1050476,1,0,155,155,0.8580645161290322
C,50,0,1050477,1,0,101,101,0.7128712871287128
C,50,0,1050478,1,0,72,72,0.9305555555555556
C,50,0,1050479,1,0,65,65,0.9384615384615385
C,50,0,1050484,1,0,140,140,0.9714285714285714
C,50,0,1050485,1,0,94,94,0.8617021276595744
C,50,0,1050486,1,0,64,64,1.0
C,50,0,1050487,1,0,134,134,0.835820895522388
C,50,0,1050488,1,0,83,83,0.8313253012048193
C,50,0,1050489,0,0,176,176,0.9204545454545454
C,50,0,1050490,1,0,72,72,0.9166666666666666
C,50,0,1050491,1,0,80,80,0.8625
C,50,0,1050456,1,0,131,131,0.9007633587786259
C,50,0,1050457,1,0,76,76,0.9078947368421053
C,50,0,1050458,0,1,600,600,0.7616666666666667
C,50,0,1050459,1,0,89,89,0.8314606741573034
C,50,0,1050492,1,0,87,87,0.7816091954022989
C,50,0,1050493,1,0,134,134,0.835820895522388
C,50,0,1050494,1,0,83,83,0.963855421686747
C,50,0,1050495,0,0,137,137,0.9416058394160584
C,50,0,1050496,1,0,113,113,0.9646017699115044
C,50,0,1050497,1,0,72,72,0.9861111111111112
C,50,0,1050498,1,0,85,85,0.8588235294117647
C,50,0,1050499,1,0,151,151,0.8079470198675497
C,50,0,1050480,1,0,82,82,0.8658536585365854
C,50,0,1050481,0,1,600,600,0.6833333333333333
C,50,0,1050482,1,0,98,98,0.7755102040816326
C,50,0,1050483,1,0,89,89,0.8651685393258427
C,50,0,1050472,1,0,193,193,0.772020725388601
C,50,0,1050473,1,0,79,79,0.9367088607594937
C,50,0,1050474,1,0,133,133,0.9172932330827067
C,50,0,1050475,0,1,600,600,0.9783333333333334
C,100,0,1100019,1,0,79,40,0.875
C,100,0,1100020,1,0,92,46,0.9130434782608695
C,100,0,1100021,1,0,73,37,0.8918918918918919
C,100,0,1100022,1,0,86,43,0.8837209302325582
C,100,0,1100015,1,0,83,42,1.0
C,100,0,1100016,1,0,67,34,0.9411764705882353
C,100,0,1100017,0,0,144,72,0.8888888888888888
C,100,0,1100018,1,0,119,60,1.0
C,100,0,1100007,1,0,136,68,0.75
C,100,0,1100008,1,0,83,42,0.8571428571428571
C,100,0,1100009,1,0,75,38,0.9473684210526315
C,100,0,1100010,1,0,119,60,0.8166666666666667
C,100,0,1100031,1,0,112,56,0.8928571428571429
C,100,0,1100032,1,0,154,77,0.948051948051948
C,100,0,1100033,1,0,88,44,0.8863636363636364
C,100,0,1100034,1,0,80,40,0.9
C,100,0,1100011,1,0,69,35,0.9714285714285714
C,100,0,1100012,1,0,92,46,0.8695652173913043
C,100,0,1100013,1,0,144,72,0.9166666666666666
C,100,0,1100014,1,0,85,43,0.8372093023255814
C,100,0,1100003,1,0,95,48,0.9375
C,100,0,1100004,1,0,156,78,0.8333333333333334
C,100,0,1100005,0,0,202,101,0.8712871287128713
C,100,0,1100006,1,0,65,33,0.9696969696969697
C,100,0,1100023,1,0,95,48,0.7708333333333334
C,100,0,1100024,1,0,137,69,0.8840579710144928
C,100,0,1100025,1,0,131,66,0.8939393939393939
C,100,0,1100026,1,0,188,94,0.8404255319148937
C,100,0,1100027,1,0,138,69,0.855072463768116
C,100,0,1100028,0,1,600,300,0.9833333333333333
C,100,0,1100029,1,0,71,36,0.9444444444444444
C,100,0,1100030,1,0,68,34,1.0
C,100,0,1100035,1,0,82,41,0.975609756097561
C,100,0,1100036,1,0,106,53,0.8301886792452831
C,100,0,1100037,1,0,136,68,0.8823529411764706
C,100,0,1100038,1,0,135,68,0.9264705882352942
C,100,0,1100047,1,0,73,37,0.8648648648648649
C,100,0,1100048,1,0,103,52,0.9615384615384616
C,100,0,1100049,1,0,72,36,0.9722222222222222
C,100,0,1100050,1,0,85,43,0.9302325581395349
C,100,0,1100039,0,0,147,74,0.8648648648648649
C,100,0,1100040,1,0,100,50,0.88
C,100,0,1100041,1,0,84,42,0.9047619047619048
C,100,0,1100042,1,0,80,40,0.85
C,100,0,1100043,1,0,104,52,0.8653846153846154
C,100,0,1100044,1,0,129,65,0.9076923076923077
C,100,0,1100045,1,0,131,66,0.8787878787878788
C,100,0,1100046,1,0,88,44,0.8409090909090909
C,100,0,1100063,1,0,63,32,0.9375
C,100,0,1100064,1,0,87,44,0.8863636363636364
C,100,0,1100065,1,0,95,48,0.8541666666666666
C,100,0,1100066,1,0,62,31,1.0
C,100,0,1100055,1,0,132,66,0.9696969696969697
C,100,0,1100056,1,0,164,82,0.8170731707317073
C,100,0,1100057,1,0,153,77,0.8571428571428571
C,100,0,1100058,1,0,101,51,0.9019607843137255
C,100,0,1100067,1,0,76,38,1.0
C,100,0,1100068,1,0,176,88,0.9204545454545454
C,100,0,1100069,0,0,79,40,0.95
C,100,0,1100070,1,0,72,36,0.9444444444444444
C,100,0,1100083,1,0,76,38,0.868421052631579
C,100,0,1100084,1,0,107,54,0.9629629629629629
C,100,0,1100085,1,0,88,44,0.8636363636363636
C,100,0,1100086,1,0,88,44,0.7727272727272727
C,100,0,1100051,1,0,79,40,0.9
C,100,0,1100052,1,0,128,64,0.828125
C,100,0,1100053,0,1,600,300,0.7
C,100,0,1100054,1,0,134,67,0.9402985074626866
C,100,0,1100079,1,0,62,31,1.0
C,100,0,1100080,1,0,199,100,0.81
C,100,0,1100081,1,0,141,71,0.9014084507042254
C,100,0,1100082,1,0,141,71,0.8450704225352113
C,100,0,1100071,1,0,157,79,0.8607594936708861
C,100,0,1100072,1,0,101,51,1.0
C,100,0,1100073,1,0,144,72,0.8611111111111112
C,100,0,1100074,1,0,135,68,1.0
C,100,0,1100087,1,0,130,65,0.8461538461538461
C,100,0,1100088,1,0,135,68,0.9117647058823529
C,100,0,1100089,1,0,72,36,0.75
C,100,0,1100090,1,0,127,64,0.8125
C,100,0,1100091,1,0,107,54,0.7962962962962963
C,100,0,1100092,1,0,74,37,0.7837837837837838
C,100,0,1100093,1,0,141,71,0.9295774647887324
C,100,0,1100094,1,0,83,42,0.8809523809523809
C,100,0,1100075,1,0,82,41,0.9024390243902439
C,100,0,1100076,1,0,92,46,0.8260869565217391
C,100,0,1100077,1,0,134,67,0.835820895522388
C,100,0,1100078,1,0,273,137,0.7153284671532847
C,100,0,1100095,1,0,167,84,0.8928571428571429
C,100,0,1100096,1,0,64,32,1.0
C,100,0,1100097,1,0,79,40,0.95
C,100,0,1100098,1,0,79,40,0.9
C,100,0,1100099,1,0,87,44,0.8636363636363636
C,100,0,1100100,1,0,124,62,0.9516129032258065
C,100,0,1100101,1,0,85,43,0.9302325581395349
C,100,0,1100102,1,0,106,53,0.8867924528301887
C,100,0,1100103,1,0,127,64,0.90625
C,100,0,1100104,1,0,84,42,0.9761904761904762
C,100,0,1100105,1,0,216,108,0.8425925925925926
C,100,0,1100106,1,0,72,36,0.8888888888888888
C,100,0,1100059,1,0,173,87,0.7586206896551724
C,100,0,1100060,0,0,108,54,0.8148148148148148
C,100,0,1100061,0,1,600,300,0.9933333333333333
C,100,0,1100062,1,0,110,55,0.8363636363636363
C,100,0,1100115,1,0,89,45,0.7555555555555555
C,100,0,1100116,1,0,69,35,0.6857142857142857
C,100,0,1100117,1,0,95,48,0.9375
C,100,0,1100118,1,0,138,69,0.8985507246376812
C,100,0,1100123,1,0,136,68,0.9705882352941176
C,100,0,1100124,1,0,61,31,0.9354838709677419
C,100,0,1100125,1,0,108,54,0.8888888888888888
C,100,0,1100126,1,0,67,34,0.9117647058823529
C,100,0,1100111,1,0,74,37,0.9459459459459459
C,100,0,1100112,1,0,127,64,0.859375
C,100,0,1100113,1,0,137,69,0.8840579710144928
C,100,0,1100114,1,0,95,48,0.8541666666666666
C,100,0,1100107,1,0,82,41,0.926829268292683
C,100,0,1100108,1,0,207,104,0.9423076923076923
C,100,0,1100109,1,0,63,32,1.0
C,100,0,1100110,1,0,94,47,1.0
C,100,0,1100119,1,0,72,36,0.9166666666666666
C,100,0,1100120,1,0,229,115,0.8434782608695652
C,100,0,1100121,1,0,103,52,0.8846153846153846
C,100,0,1100122,1,0,85,43,0.813953488372093
C,100,0,1100127,1,0,85,43,0.9069767441860465
C,100,0,1100128,1,0,77,39,1.0
C,100,0,1100129,1,0,66,33,0.9393939393939394
C,100,0,1100130,1,0,116,58,0.9482758620689655
C,100,0,1100139,1,0,171,86,0.7906976744186046
C,100,0,1100140,1,0,81,41,0.9024390243902439
C,100,0,1100141,1,0,143,72,0.9583333333333334
C,100,0,1100142,1,0,70,35,0.9714285714285714
C,100,0,1100131,1,0,167,84,0.9166666666666666
C,100,0,1100132,1,0,72,36,0.9166666666666666
C,100,0,1100133,0,0,204,102,0.8921568627450981
C,100,0,1100134,1,0,111,56,0.875
C,100,0,1100151,1,0,85,43,0.9767441860465116
C,100,0,1100152,1,0,72,36,0.75
C,100,0,1100153,1,0,68,34,0.9705882352941176
C,100,0,1100154,1,0,57,29,0.9655172413793104
C,100,0,1100135,1,0,90,45,0.8222222222222222
C,100,0,1100136,1,0,197,99,0.8585858585858586
C,100,0,1100137,1,0,117,59,0.8813559322033898
C,100,0,1100138,1,0,104,52,0.8846153846153846
C,100,0,1100155,1,0,61,31,1.0
C,100,0,1100156,1,0,133,67,0.8208955223880597
C,100,0,1100157,1,0,129,65,0.8923076923076924
C,100,0,1100158,1,0,113,57,0.7719298245614035
C,100,0,1100147,0,0,564,282,0.9716312056737588
C,100,0,1100148,1,0,88,44,0.9772727272727273
C,100,0,1100149,1,0,72,36,0.9722222222222222
C,100,0,1100150,1,0,62,31,1.0
C,100,0,1100163,1,0,121,61,0.8852459016393442
C,100,0,1100164,1,0,73,37,0.972972972972973
C,100,0,1100165,1,0,87,44,0.9090909090909091
C,100,0,1100166,0,0,101,51,0.8431372549019608
C,100,0,1100143,1,0,74,37,1.0
C,100,0,1100144,1,0,104,52,0.9615384615384616
C,100,0,1100145,1,0,75,38,0.9210526315789473
C,100,0,1100146,0,1,600,300,0.64
C,100,0,1100159,1,0,160,80,0.725
C,100,0,1100160,1,0,66,33,1.0
C,100,0,1100161,1,0,83,42,0.9523809523809523
C,100,0,1100162,1,0,64,32,1.0
C,100,0,1100175,1,0,89,45,0.8444444444444444
C,100,0,1100176,1,0,92,46,1.0
C,100,0,1100177,1,0,148,74,0.8378378378378378
C,100,0,1100178,1,0,67,34,1.0
C,100,0,1100171,1,0,233,117,0.8547008547008547
C,100,0,1100172,1,0,113,57,0.8947368421052632
C,100,0,1100173,1,0,74,37,0.972972972972973
C,100,0,1100174,1,0,119,60,0.9333333333333333
C,100,0,1100187,1,0,133,67,0.8059701492537313
C,100,0,1100188,1,0,68,34,0.9411764705882353
C,100,0,1100189,1,0,79,40,0.875
C,100,0,1100190,1,0,91,46,0.8043478260869565
C,100,0,1100179,1,0,69,35,1.0
C,100,0,1100180,1,0,89,45,0.8444444444444444
C,100,0,1100181,1,0,225,113,0.8407079646017699
C,100,0,1100182,1,0,141,71,0.9436619718309859
C,100,0,1100195,1,0,84,42,0.9047619047619048
C,100,0,1100196,1,0,69,35,0.9142857142857143
C,100,0,1100197,1,0,96,48,0.8958333333333334
C,100,0,1100198,1,0,83,42,0.7619047619047619
C,100,0,1100191,1,0,152,76,0.9210526315789473
C,100,0,1100192,1,0,76,38,0.8421052631578947
C,100,0,1100193,1,0,73,37,0.918918918918919
C,100,0,1100194,1,0,67,34,0.9411764705882353
C,100,0,1100183,1,0,73,37,0.8918918918918919
C,100,0,1100184,1,0,155,78,0.8717948717948718
C,100,0,1100185,1,0,160,80,0.725
C,100,0,1100186,1,0,99,50,0.94
C,100,0,1100167,1,0,128,64,0.875
C,100,0,1100168,1,0,91,46,0.8043478260869565
C,100,0,1100169,1,0,81,41,0.9512195121951219
C,100,0,1100170,0,1,600,300,0.9866666666666667
C,100,0,1100207,1,0,89,45,0.9333333333333333
C,100,0,1100208,1,0,129,65,0.9230769230769231
C,100,0,1100209,1,0,124,62,0.8870967741935484
C,100,0,1100210,0,1,251,126,0.8412698412698413
C,100,0,1100203,1,0,76,38,0.8947368421052632
C,100,0,1100204,1,0,207,104,0.8173076923076923
C,100,0,1100205,1,0,132,66,0.8636363636363636
C,100,0,1100206,1,0,96,48,0.8333333333333334
C,100,0,1100211,1,0,301,151,0.7483443708609272
C,100,0,1100212,1,0,65,33,1.0
C,100,0,1100213,1,0,150,75,0.8133333333333334
C,100,0,1100214,1,0,255,128,0.6640625
C,100,0,1100215,1,0,74,37,0.7837837837837838
C,100,0,1100216,1,0,261,131,0.732824427480916
C,100,0,1100217,1,0,91,46,0.8478260869565217
C,100,0,1100218,1,0,75,38,0.9210526315789473
C,100,0,1100223,1,0,221,111,0.8558558558558559
C,100,0,1100224,1,0,77,39,0.8974358974358975
C,100,0,1100225,1,0,140,70,0.9428571428571428
C,100,0,1100226,1,0,164,82,0.9390243902439024
C,100,0,1100219,1,0,157,79,0.8734177215189873
C,100,0,1100220,1,0,150,75,0.84
C,100,0,1100221,1,0,277,139,0.6906474820143885
C,100,0,1100222,1,0,65,33,0.9393939393939394
C,100,0,1100235,1,0,62,31,0.8387096774193549
C,100,0,1100236,1,0,145,73,0.9178082191780822
C,100,0,1100237,1,0,72,36,0.9166666666666666
C,100,0,1100238,1,0,88,44,0.9090909090909091
C,100,0,1100231,1,0,159,80,0.8875
C,100,0,1100232,1,0,104,52,0.9615384615384616
C,100,0,1100233,0,0,458,229,0.9694323144104804
C,100,0,1100234,1,0,70,35,0.9428571428571428
C,100,0,1100239,1,0,54,27,0.9259259259259259
C,100,0,1100240,1,0,86,43,0.8837209302325582
C,100,0,1100241,1,0,201,101,0.9306930693069307
C,100,0,1100242,1,0,62,31,0.9032258064516129
C,100,0,1100199,1,0,376,188,0.7021276595744681
C,100,0,1100200,1,0,81,41,0.9024390243902439
C,100,0,1100201,1,0,75,38,0.9473684210526315
C,100,0,1100202,0,1,600,300,0.9966666666666667
C,100,0,1100247,1,0,80,40,0.975
C,100,0,1100248,1,0,151,76,0.8947368421052632
C,100,0,1100249,1,0,115,58,0.9482758620689655
C,100,0,1100250,1,0,72,36,0.9166666666666666
C,100,0,1100259,1,0,179,90,0.8666666666666667
C,100,0,1100260,1,0,88,44,0.9772727272727273
C,100,0,1100261,1,0,81,41,1.0
C,100,0,1100262,1,0,64,32,0.9375
C,100,0,1100255,1,0,83,42,0.8095238095238095
C,100,0,1100256,1,0,104,52,0.9038461538461539
C,100,0,1100257,1,0,142,71,0.9577464788732394
C,100,0,1100258,1,0,68,34,0.9705882352941176
C,100,0,1100271,1,0,75,38,0.9210526315789473
C,100,0,1100272,1,0,78,39,0.9230769230769231
C,100,0,1100273,1,0,82,41,0.8536585365853658
C,100,0,1100274,1,0,114,57,0.9298245614035088
C,100,0,1100227,1,0,117,59,0.9152542372881356
C,100,0,1100228,1,0,121,61,0.9016393442622951
C,100,0,1100229,0,0,491,246,0.6829268292682927
C,100,0,1100230,1,0,66,33,0.9696969696969697
C,100,0,1100243,1,0,139,70,0.9428571428571428
C,100,0,1100244,1,0,96,48,0.9375
C,100,0,1100245,1,0,143,72,0.9027777777777778
C,100,0,1100246,1,0,80,40,0.9
C,100,0,1100263,1,0,76,38,1.0
C,100,0,1100264,1,0,71,36,0.8611111111111112
C,100,0,1100265,1,0,161,81,0.9012345679012346
C,100,0,1100266,1,0,75,38,0.9473684210526315
C,100,0,1100251,1,0,98,49,0.7755102040816326
C,100,0,1100252,1,0,109,55,0.9090909090909091
C,100,0,1100253,1,0,67,34,1.0
C,100,0,1100254,1,0,137,69,0.9130434782608695
C,100,0,1100279,1,0,75,38,0.7894736842105263
C,100,0,1100280,1,0,113,57,1.0
C,100,0,1100281,1,0,60,30,0.9666666666666667
C,100,0,1100282,1,0,79,40,0.925
C,100,0,1100267,1,0,84,42,0.9047619047619048
C,100,0,1100268,1,0,119,60,0.8666666666666667
C,100,0,1100269,1,0,189,95,0.8421052631578947
C,100,0,1100270,1,0,81,41,0.975609756097561
C,100,0,1100283,1,0,129,65,0.8923076923076924
C,100,0,1100284,1,0,112,56,0.9642857142857143
C,100,0,1100285,1,0,73,37,0.6486486486486487
C,100,0,1100286,1,0,165,83,0.9397590361445783
C,100,0,1100295,1,0,72,36,0.9444444444444444
C,100,0,1100296,1,0,130,65,0.8923076923076924
C,100,0,1100297,1,0,206,103,0.8155339805825242
C,100,0,1100298,1,0,58,29,0.9655172413793104
C,100,0,1100291,1,0,168,84,0.9047619047619048
C,100,0,1100292,1,0,85,43,0.813953488372093
C,100,0,1100293,1,0,111,56,0.9107142857142857
C,100,0,1100294,1,0,73,37,0.9459459459459459
C,100,0,1100307,1,0,93,47,0.7872340425531915
C,100,0,1100308,1,0,131,66,0.8484848484848485
C,100,0,1100309,1,0,55,28,0.9285714285714286
C,100,0,1100310,1,0,78,39,0.8717948717948718
C,100,0,1100303,1,0,74,37,0.918918918918919
C,100,0,1100304,1,0,130,65,0.9076923076923077
C,100,0,1100305,1,0,96,48,0.875
C,100,0,1100306,1,0,89,45,0.8222222222222222
C,100,0,1100275,1,0,397,199,0.8894472361809045
C,100,0,1100276,1,0,145,73,0.958904109589041
C,100,0,1100277,1,0,75,38,1.0
C,100,0,1100278,1,0,243,122,0.819672131147541
C,100,0,1100311,1,0,151,76,0.881578947368421
C,100,0,1100312,1,0,84,42,0.8095238095238095
C,100,0,1100313,1,0,67,34,0.8529411764705882
C,100,0,1100314,1,0,148,74,0.918918918918919
C,100,0,1100299,1,0,130,65,0.8769230769230769
C,100,0,1100300,1,0,82,41,0.926829268292683
C,100,0,1100301,1,0,91,46,0.8913043478260869
C,100,0,1100302,0,0,130,65,0.8
C,100,0,1100287,1,0,192,96,0.8125
C,100,0,1100288,1,0,107,54,0.8703703703703703
C,100,0,1100289,1,0,75,38,0.9210526315789473
C,100,0,1100290,1,0,187,94,0.7978723404255319
C,100,0,1100315,1,0,122,61,0.9180327868852459
C,100,0,1100316,1,0,319,160,0.83125
C,100,0,1100317,1,0,190,95,0.8947368421052632
C,100,0,1100318,1,0,63,32,0.96875
C,100,0,1100323,1,0,160,80,0.825
C,100,0,1100324,1,0,74,37,0.9459459459459459
C,100,0,1100325,1,0,125,63,0.9206349206349206
C,100,0,1100326,0,0,187,94,0.8936170212765957
C,100,0,1100319,1,0,154,77,0.8961038961038961
C,100,0,1100320,1,0,82,41,0.926829268292683
C,100,0,1100321,1,0,61,31,0.967741935483871
C,100,0,1100322,1,0,60,30,1.0
C,100,0,1100343,1,0,70,35,1.0
C,100,0,1100344,1,0,90,45,0.9555555555555556
C,100,0,1100345,1,0,60,30,0.9333333333333333
C,100,0,1100346,1,0,119,60,0.8166666666666667
C,100,0,1100335,1,0,125,63,0.9047619047619048
C,100,0,1100336,1,0,149,75,0.9066666666666666
C,100,0,1100337,0,0,163,82,0.8536585365853658
C,100,0,1100338,1,0,89,45,0.8222222222222222
C,100,0,1100351,1,0,126,63,0.9206349206349206
C,100,0,1100352,1,0,94,47,0.8936170212765957
C,100,0,1100353,1,0,123,62,0.8870967741935484
C,100,0,1100354,1,0,145,73,0.8767123287671232
C,100,0,1100347,1,0,72,36,0.9444444444444444
C,100,0,1100348,1,0,113,57,0.9649122807017544
C,100,0,1100349,1,0,61,31,0.967741935483871
C,100,0,1100350,1,0,59,30,0.8666666666666667
C,100,0,1100331,1,0,163,82,0.7804878048780488
C,100,0,1100332,1,0,104,52,0.9423076923076923
C,100,0,1100333,1,0,83,42,0.8095238095238095
C,100,0,1100334,1,0,301,151,0.9933774834437086
C,100,0,1100355,1,0,98,49,0.9183673469387755
C,100,0,1100356,1,0,161,81,0.9259259259259259
C,100,0,1100357,1,0,74,37,1.0
C,100,0,1100358,1,0,80,40,0.9
C,100,0,1100327,1,0,78,39,0.8717948717948718
C,100,0,1100328,1,0,90,45,0.6888888888888889
C,100,0,1100329,1,0,131,66,0.9545454545454546
C,100,0,1100330,1,0,577,289,0.5813148788927336
C,100,0,1100339,1,0,138,69,0.927536231884058
C,100,0,1100340,1,0,88,44,0.8181818181818182
C,100,0,1100341,1,0,153,77,0.8181818181818182
C,100,0,1100342,1,0,87,44,0.8181818181818182
C,100,0,1100367,1,0,134,67,0.8208955223880597
C,100,0,1100368,1,0,256,128,0.7890625
C,100,0,1100369,1,0,103,52,0.8653846153846154
C,100,0,1100370,1,0,135,68,0.8823529411764706
C,100,0,1100387,1,0,88,44,0.9772727272727273
C,100,0,1100388,1,0,148,74,0.8513513513513513
C,100,0,1100389,1,0,73,37,0.8918918918918919
C,100,0,1100390,1,0,141,71,0.9295774647887324
C,100,0,1100375,1,0,122,61,0.9508196721311475
C,100,0,1100376,1,0,192,96,0.84375
C,100,0,1100377,1,0,118,59,0.9152542372881356
C,100,0,1100378,1,0,122,61,0.9344262295081968
C,100,0,1100371,0,1,600,300,1.0
C,100,0,1100372,1,0,80,40,0.925
C,100,0,1100373,1,0,139,70,0.9571428571428572
C,100,0,1100374,1,0,61,31,0.8064516129032258
C,100,0,1100359,0,1,600,300,0.8633333333333333
C,100,0,1100360,1,0,89,45,0.8666666666666667
C,100,0,1100361,1,0,59,30,1.0
C,100,0,1100362,1,0,149,75,0.9066666666666666
C,100,0,1100391,1,0,64,32,0.84375
C,100,0,1100392,1,0,128,64,0.9375
C,100,0,1100393,1,0,92,46,0.6304347826086957
C,100,0,1100394,1,0,75,38,0.9210526315789473
C,100,0,1100363,1,0,112,56,0.8928571428571429
C,100,0,1100364,1,0,126,63,0.9206349206349206
C,100,0,1100365,0,1,600,300,0.67
C,100,0,1100366,1,0,101,51,0.9607843137254902
C,100,0,1100379,1,0,191,96,0.96875
C,100,0,1100380,1,0,148,74,0.918918918918919
C,100,0,1100381,1,0,67,34,0.9705882352941176
C,100,0,1100382,1,0,126,63,0.8571428571428571
C,100,0,1100383,0,1,600,300,0.7566666666666667
C,100,0,1100384,1,0,69,35,1.0
C,100,0,1100385,1,0,167,84,0.9166666666666666
C,100,0,1100386,1,0,71,36,1.0
C,100,0,1100399,1,0,101,51,0.8823529411764706
C,100,0,1100400,1,0,134,67,0.8955223880597015
C,100,0,1100401,1,0,59,30,0.9666666666666667
C,100,0,1100402,1,0,79,40,1.0
C,100,0,1100395,0,0,407,204,0.8676470588235294
C,100,0,1100396,1,0,100,50,0.86
C,100,0,1100397,1,0,94,47,0.7659574468085106
C,100,0,1100398,1,0,91,46,0.7391304347826086
C,100,0,1100415,1,0,69,35,0.8857142857142857
C,100,0,1100416,1,0,147,74,0.9054054054054054
C,100,0,1100417,0,0,76,38,0.7631578947368421
C,100,0,1100418,1,0,134,67,0.7910447761194029
C,100,0,1100419,1,0,146,73,0.9041095890410958
C,100,0,1100420,1,0,111,56,0.9642857142857143
C,100,0,1100421,1,0,67,34,0.9117647058823529
C,100,0,1100422,1,0,55,28,0.7857142857142857
C,100,0,1100403,1,0,212,106,0.8867924528301887
C,100,0,1100404,1,0,119,60,0.85
C,100,0,1100405,1,0,138,69,0.7971014492753623
C,100,0,1100406,1,0,151,76,0.868421052631579
C,100,0,1100427,1,0,69,35,0.9428571428571428
C,100,0,1100428,1,0,72,36,0.9166666666666666
C,100,0,1100429,1,0,74,37,0.8108108108108109
C,100,0,1100430,1,0,214,107,0.8504672897196262
C,100,0,1100423,1,0,133,67,0.9552238805970149
C,100,0,1100424,1,0,67,34,0.9411764705882353
C,100,0,1100425,0,0,202,101,0.9405940594059405
C,100,0,1100426,1,0,84,42,0.8095238095238095
C,100,0,1100435,1,0,98,49,0.7346938775510204
C,100,0,1100436,1,0,96,48,0.8541666666666666
C,100,0,1100437,1,0,85,43,0.7441860465116279
C,100,0,1100438,1,0,138,69,0.8840579710144928
C,100,0,1100447,1,0,83,42,0.9285714285714286
C,100,0,1100448,0,0,78,39,0.9743589743589743
C,100,0,1100449,1,0,112,56,0.8392857142857143
C,100,0,1100450,1,0,93,47,0.8297872340425532
C,100,0,1100443,1,0,123,62,0.9032258064516129
C,100,0,1100444,1,0,89,45,0.8444444444444444
C,100,0,1100445,1,0,60,30,1.0
C,100,0,1100446,1,0,82,41,1.0
C,100,0,1100407,0,0,190,95,0.8736842105263158
C,100,0,1100408,1,0,108,54,0.8703703703703703
C,100,0,1100409,1,0,536,268,0.6567164179104478
C,100,0,1100410,1,0,133,67,0.9701492537313433
C,100,0,1100455,1,0,59,30,1.0
C,100,0,1100456,1,0,133,67,0.8656716417910447
C,100,0,1100457,1,0,141,71,0.9577464788732394
C,100,0,1100458,1,0,78,39,0.8461538461538461
C,100,0,1100459,1,0,160,80,0.8375
C,100,0,1100460,1,0,89,45,0.9777777777777777
C,100,0,1100461,1,0,91,46,0.9130434782608695
C,100,0,1100462,1,0,127,64,0.71875
C,100,0,1100451,1,0,119,60,0.9
C,100,0,1100452,1,0,68,34,0.9411764705882353
C,100,0,1100453,1,0,70,35,0.9714285714285714
C,100,0,1100454,1,0,104,52,0.8269230769230769
C,100,0,1100411,1,0,135,68,0.9411764705882353
C,100,0,1100412,0,1,600,300,0.9933333333333333
C,100,0,1100413,1,0,63,32,1.0
C,100,0,1100414,1,0,209,105,0.8285714285714286
C,100,0,1100431,1,0,94,47,0.7659574468085106
C,100,0,1100432,0,0,452,226,0.8053097345132744
C,100,0,1100433,0,0,308,154,0.7662337662337663
C,100,0,1100434,1,0,123,62,0.9032258064516129
C,100,0,1100439,1,0,72,36,0.8611111111111112
C,100,0,1100440,1,0,117,59,0.8983050847457628
C,100,0,1100441,0,1,600,300,0.9
C,100,0,1100442,0,0,126,63,0.7936507936507936
C,100,0,1100475,1,0,71,36,0.8888888888888888
C,100,0,1100476,1,0,183,92,0.7934782608695652
C,100,0,1100477,1,0,65,33,0.9393939393939394
C,100,0,1100478,1,0,109,55,0.8909090909090909
C,100,0,1100471,1,0,119,60,0.9
C,100,0,1100472,1,0,148,74,0.9054054054054054
C,100,0,1100473,1,0,135,68,0.9117647058823529
C,100,0,1100474,1,0,81,41,0.9024390243902439
C,100,0,1100463,1,0,121,61,0.9508196721311475
C,100,0,1100464,1,0,162,81,0.9135802469135802
C,100,0,1100465,1,0,85,43,0.7906976744186046
C,100,0,1100466,1,0,86,43,0.8372093023255814
C,100,0,1100483,1,0,69,35,0.9428571428571428
C,100,0,1100484,1,0,53,27,0.9629629629629629
C,100,0,1100485,1,0,98,49,0.8979591836734694
C,100,0,1100486,1,0,75,38,0.9473684210526315
C,100,0,1100491,1,0,72,36,0.9166666666666666
C,100,0,1100492,1,0,64,32,0.96875
C,100,0,1100493,1,0,155,78,0.9102564102564102
C,100,0,1100494,1,0,59,30,0.9666666666666667
C,100,0,1100499,0,0,201,101,0.801980198019802
C,100,0,1100479,1,0,195,98,0.7959183673469388
C,100,0,1100480,1,0,105,53,0.8679245283018868
C,100,0,1100481,1,0,138,69,0.8840579710144928
C,100,0,1100482,1,0,77,39,0.9230769230769231
C,100,0,1100467,1,0,76,38,0.8947368421052632
C,100,0,1100468,1,0,155,78,0.717948717948718
C,100,0,1100469,1,0,112,56,0.8035714285714286
C,100,0,1100470,1,0,184,92,0.9456521739130435
C,100,0,1100487,1,0,177,89,0.8089887640449438
C,100,0,1100488,1,0,78,39,0.9743589743589743
C,100,0,1100489,1,0,119,60,0.8833333333333333
C,100,0,1100490,1,0,74,37,0.918918918918919
C,100,0,1100495,1,0,108,54,0.8888888888888888
C,100,0,1100496,1,0,75,38,0.9736842105263158
C,100,0,1100497,1,0,171,86,0.8372093023255814
C,100,0,1100498,1,0,186,93,0.8602150537634409
C,250,0,1250020,1,0,63,13,1.0
C,250,0,1250021,1,0,82,17,0.8235294117647058
C,250,0,1250022,1,0,66,14,0.9285714285714286
C,250,0,1250023,1,0,86,18,1.0
C,250,0,1250004,1,0,68,14,0.9285714285714286
C,250,0,1250005,1,0,82,17,0.8823529411764706
C,250,0,1250006,1,0,63,13,1.0
C,250,0,1250007,1,0,136,28,0.9642857142857143
C,250,0,1250016,1,0,112,23,0.8695652173913043
C,250,0,1250017,1,0,88,18,0.8888888888888888
C,250,0,1250018,1,0,80,16,0.9375
C,250,0,1250019,1,0,132,27,0.9259259259259259
C,250,0,1250012,1,0,80,16,1.0
C,250,0,1250013,1,0,87,18,0.7222222222222222
C,250,0,1250014,1,0,124,25,0.88
C,250,0,1250015,1,0,131,27,0.9259259259259259
C,250,0,1250000,1,0,85,17,0.8823529411764706
C,250,0,1250001,1,0,128,26,0.9615384615384616
C,250,0,1250002,1,0,182,37,0.918918918918919
C,250,0,1250003,1,0,71,15,0.8666666666666667
C,250,0,1250032,1,0,78,16,0.8125
C,250,0,1250033,1,0,95,19,1.0
C,250,0,1250034,1,0,93,19,0.8421052631578947
C,250,0,1250035,1,0,110,22,0.9545454545454546
C,250,0,1250028,1,0,73,15,0.8666666666666667
C,250,0,1250029,0,0,238,48,0.8333333333333334
C,250,0,1250030,1,0,123,25,0.88
C,250,0,1250031,1,0,258,52,0.8461538461538461
C,250,0,1250008,1,0,81,17,0.9411764705882353
C,250,0,1250009,0,0,94,19,0.8947368421052632
C,250,0,1250010,1,0,135,27,0.8888888888888888
C,250,0,1250011,1,0,149,30,0.9333333333333333
C,250,0,1250024,1,0,123,25,0.92
C,250,0,1250025,1,0,87,18,0.7777777777777778
C,250,0,1250026,1,0,104,21,0.8095238095238095
C,250,0,1250027,1,0,129,26,0.8461538461538461
C,250,0,1250040,1,0,79,16,0.9375
C,250,0,1250041,1,0,80,16,0.875
C,250,0,1250042,1,0,88,18,0.7222222222222222
C,250,0,1250043,1,0,86,18,0.7777777777777778
C,250,0,1250052,1,0,232,47,0.851063829787234
C,250,0,1250053,1,0,112,23,0.9130434782608695
C,250,0,1250054,1,0,90,18,1.0
C,250,0,1250055,1,0,90,18,0.8888888888888888
C,250,0,1250048,1,0,104,21,0.8095238095238095
C,250,0,1250049,1,0,127,26,0.8846153846153846
C,250,0,1250050,1,0,91,19,0.8421052631578947
C,250,0,1250051,1,0,79,16,0.9375
C,250,0,1250036,1,0,209,42,0.8809523809523809
C,250,0,1250037,1,0,145,29,0.8275862068965517
C,250,0,1250038,1,0,111,23,0.8695652173913043
C,250,0,1250039,1,0,72,15,0.9333333333333333
C,250,0,1250064,1,0,80,16,0.8125
C,250,0,1250065,1,0,70,14,1.0
C,250,0,1250066,1,0,74,15,0.8666666666666667
C,250,0,1250067,1,0,86,18,0.8888888888888888
C,250,0,1250044,1,0,111,23,0.782608695652174
C,250,0,1250045,1,0,142,29,0.8275862068965517
C,250,0,1250046,1,0,122,25,0.92
C,250,0,1250047,1,0,118,24,0.9583333333333334
C,250,0,1250068,1,0,81,17,0.7647058823529411
C,250,0,1250069,1,0,55,11,0.8181818181818182
C,250,0,1250070,1,0,125,25,0.96
C,250,0,1250071,1,0,129,26,0.8076923076923077
C,250,0,1250072,1,0,143,29,0.7586206896551724
C,250,0,1250073,1,0,118,24,1.0
C,250,0,1250074,0,0,187,38,0.8421052631578947
C,250,0,1250075,1,0,114,23,0.8695652173913043
C,250,0,1250056,1,0,115,23,0.782608695652174
C,250,0,1250057,1,0,113,23,0.8260869565217391
C,250,0,1250058,1,0,132,27,0.8518518518518519
C,250,0,1250059,0,1,600,120,0.6333333333333333
C,250,0,1250092,1,0,72,15,1.0
C,250,0,1250093,1,0,86,18,0.8333333333333334
C,250,0,1250094,0,0,68,14,0.8571428571428571
C,250,0,1250095,1,0,88,18,0.8888888888888888
C,250,0,1250104,1,0,56,12,0.9166666666666666
C,250,0,1250105,1,0,57,12,1.0
C,250,0,1250106,1,0,145,29,0.8620689655172413
C,250,0,1250107,1,0,102,21,0.8095238095238095
C,250,0,1250060,1,0,135,27,0.8518518518518519
C,250,0,1250061,1,0,328,66,0.9090909090909091
C,250,0,1250062,1,0,114,23,0.8695652173913043
C,250,0,1250063,1,0,134,27,0.9629629629629629
C,250,0,1250084,1,0,99,20,0.8
C,250,0,1250085,1,0,99,20,0.95
C,250,0,1250086,1,0,124,25,0.84
C,250,0,1250087,1,0,77,16,0.8125
C,250,0,1250080,1,0,321,65,0.6923076923076923
C,250,0,1250081,1,0,146,30,0.9666666666666667
C,250,0,1250082,1,0,168,34,0.7941176470588235
C,250,0,1250083,1,0,179,36,0.9444444444444444
C,250,0,1250100,1,0,61,13,0.9230769230769231
C,250,0,1250101,1,0,95,19,0.9473684210526315
C,250,0,1250102,1,0,142,29,0.896551724137931
C,250,0,1250103,1,0,62,13,0.8461538461538461
C,250,0,1250088,1,0,415,83,0.8192771084337349
C,250,0,1250089,1,0,91,19,0.8947368421052632
C,250,0,1250090,1,0,161,33,0.8787878787878788
C,250,0,1250091,1,0,69,14,0.9285714285714286
C,250,0,1250076,1,0,170,34,0.9117647058823529
C,250,0,1250077,0,1,600,120,0.675
C,250,0,1250078,1,0,107,22,0.9545454545454546
C,250,0,1250079,1,0,59,12,0.9166666666666666
C,250,0,1250096,1,0,484,97,0.6804123711340206
C,250,0,1250097,0,0,151,31,0.9354838709677419
C,250,0,1250098,1,0,161,33,0.7878787878787878
C,250,0,1250099,1,0,98,20,0.95
C,250,0,1250128,1,0,98,20,0.95
C,250,0,1250129,1,0,84,17,0.8823529411764706
C,250,0,1250130,0,0,165,33,0.8787878787878788
C,250,0,1250131,1,0,90,18,0.9444444444444444
C,250,0,1250120,1,0,129,26,0.9230769230769231
C,250,0,1250121,1,0,164,33,0.696969696969697
C,250,0,1250122,1,0,59,12,0.8333333333333334
C,250,0,1250123,1,0,129,26,0.9230769230769231
C,250,0,1250136,1,0,128,26,0.9230769230769231
C,250,0,1250137,1,0,92,19,0.9473684210526315
C,250,0,1250138,1,0,59,12,1.0
C,250,0,1250139,0,0,101,21,1.0
C,250,0,1250124,1,0,76,16,0.875
C,250,0,1250125,1,0,196,40,0.85
C,250,0,1250126,1,0,128,26,0.6923076923076923
C,250,0,1250127,1,0,58,12,1.0
C,250,0,1250132,1,0,167,34,0.9705882352941176
C,250,0,1250133,1,0,88,18,0.8888888888888888
C,250,0,1250134,1,0,122,25,0.88
C,250,0,1250135,1,0,142,29,0.9310344827586207
C,250,0,1250108,1,0,205,41,0.8536585365853658
C,250,0,1250109,1,0,82,17,1.0
C,250,0,1250110,0,1,600,120,0.7833333333333333
C,250,0,1250111,1,0,66,14,1.0
C,250,0,1250116,0,0,163,33,0.8787878787878788
C,250,0,1250117,1,0,77,16,0.9375
C,250,0,1250118,1,0,132,27,1.0
C,250,0,1250119,1,0,145,29,0.8620689655172413
C,250,0,1250140,1,0,85,17,0.8235294117647058
C,250,0,1250141,1,0,84,17,0.9411764705882353
C,250,0,1250142,1,0,141,29,0.896551724137931
C,250,0,1250143,1,0,98,20,1.0
C,250,0,1250148,1,0,134,27,0.9629629629629629
C,250,0,1250149,1,0,125,25,0.92
C,250,0,1250150,1,0,62,13,0.9230769230769231
C,250,0,1250151,1,0,73,15,1.0
C,250,0,1250160,1,0,69,14,0.8571428571428571
C,250,0,1250161,1,0,81,17,0.9411764705882353
C,250,0,1250162,1,0,130,26,0.9615384615384616
C,250,0,1250163,1,0,129,26,0.9230769230769231
C,250,0,1250168,1,0,79,16,0.9375
C,250,0,1250169,1,0,153,31,1.0
C,250,0,1250170,1,0,89,18,0.6666666666666666
C,250,0,1250171,1,0,55,11,1.0
C,250,0,1250144,1,0,114,23,0.9565217391304348
C,250,0,1250145,1,0,129,26,0.9615384615384616
C,250,0,1250146,0,0,172,35,0.8571428571428571
C,250,0,1250147,1,0,190,38,0.7368421052631579
C,250,0,1250156,1,0,138,28,0.8928571428571429
C,250,0,1250157,1,0,98,20,1.0
C,250,0,1250158,1,0,147,30,0.8666666666666667
C,250,0,1250159,1,0,184,37,0.918918918918919
C,250,0,1250152,1,0,104,21,0.9523809523809523
C,250,0,1250153,1,0,69,14,0.8571428571428571
C,250,0,1250154,1,0,80,16,0.8125
C,250,0,1250155,0,0,176,36,0.9722222222222222
C,250,0,1250112,1,0,78,16,0.875
C,250,0,1250113,1,0,101,21,0.8571428571428571
C,250,0,1250114,1,0,136,28,1.0
C,250,0,1250115,1,0,396,80,0.7625
C,250,0,1250176,1,0,88,18,0.9444444444444444
C,250,0,1250177,1,0,118,24,0.9166666666666666
C,250,0,1250178,0,0,176,36,0.9166666666666666
C,250,0,1250179,1,0,83,17,0.8235294117647058
C,250,0,1250188,0,0,169,34,0.8823529411764706
C,250,0,1250189,1,0,133,27,0.8888888888888888
C,250,0,1250190,1,0,75,15,1.0
C,250,0,1250191,1,0,123,25,0.84
C,250,0,1250184,1,0,77,16,0.875
C,250,0,1250185,0,0,293,59,0.7457627118644068
C,250,0,1250186,1,0,115,23,0.8695652173913043
C,250,0,1250187,1,0,64,13,1.0
C,250,0,1250192,1,0,126,26,0.9230769230769231
C,250,0,1250193,1,0,150,30,0.9
C,250,0,1250194,1,0,67,14,1.0
C,250,0,1250195,0,0,151,31,0.8709677419354839
C,250,0,1250200,1,0,73,15,1.0
C,250,0,1250201,1,0,65,13,0.9230769230769231
C,250,0,1250202,1,0,115,23,0.9130434782608695
C,250,0,1250203,1,0,221,45,0.9333333333333333
C,250,0,1250180,1,0,77,16,0.9375
C,250,0,1250181,1,0,228,46,0.782608695652174
C,250,0,1250182,1,0,76,16,1.0
C,250,0,1250183,1,0,162,33,0.8787878787878788
C,250,0,1250172,0,0,458,92,0.6739130434782609
C,250,0,1250173,1,0,136,28,0.9285714285714286
C,250,0,1250174,1,0,131,27,0.8888888888888888
C,250,0,1250175,0,0,142,29,0.8275862068965517
C,250,0,1250164,1,0,85,17,0.8235294117647058
C,250,0,1250165,0,1,600,120,0.525
C,250,0,1250166,1,0,103,21,0.9047619047619048
C,250,0,1250167,1,0,320,64,0.84375
C,250,0,1250196,1,0,71,15,0.8666666666666667
C,250,0,1250197,1,0,75,15,0.9333333333333333
C,250,0,1250198,0,0,201,41,0.8780487804878049
C,250,0,1250199,1,0,127,26,0.9615384615384616
C,250,0,1250216,1,0,134,27,0.8148148148148148
C,250,0,1250217,1,0,128,26,0.8846153846153846
C,250,0,1250218,1,0,91,19,0.7894736842105263
C,250,0,1250219,1,0,145,29,0.8620689655172413
C,250,0,1250224,1,0,124,25,0.92
C,250,0,1250225,1,0,88,18,1.0
C,250,0,1250226,1,0,92,19,0.9473684210526315
C,250,0,1250227,1,0,130,26,0.9230769230769231
C,250,0,1250208,1,0,158,32,0.9375
C,250,0,1250209,1,0,175,35,0.8285714285714286
C,250,0,1250210,1,0,90,18,0.8333333333333334
C,250,0,1250211,1,0,105,21,0.7142857142857143
C,250,0,1250212,1,0,133,27,0.9259259259259259
C,250,0,1250213,1,0,96,20,0.8
C,250,0,1250214,1,0,294,59,0.7627118644067796
C,250,0,1250215,1,0,64,13,1.0
C,250,0,1250220,1,0,95,19,0.8421052631578947
C,250,0,1250221,1,0,83,17,0.8823529411764706
C,250,0,1250222,1,0,113,23,0.8695652173913043
C,250,0,1250223,1,0,113,23,0.9565217391304348
C,250,0,1250236,1,0,126,26,0.8461538461538461
C,250,0,1250237,1,0,134,27,0.8518518518518519
C,250,0,1250238,1,0,75,15,1.0
C,250,0,1250239,1,0,163,33,0.8181818181818182
C,250,0,1250240,1,0,91,19,0.9473684210526315
C,250,0,1250241,1,0,98,20,0.95
C,250,0,1250242,1,0,71,15,1.0
C,250,0,1250243,1,0,165,33,0.9393939393939394
C,250,0,1250248,1,0,75,15,0.8
C,250,0,1250249,1,0,87,18,0.8333333333333334
C,250,0,1250250,1,0,119,24,0.9166666666666666
C,250,0,1250251,1,0,133,27,0.8888888888888888
C,250,0,1250228,1,0,62,13,1.0
C,250,0,1250229,1,0,63,13,1.0
C,250,0,1250230,1,0,144,29,1.0
C,250,0,1250231,1,0,120,24,0.9166666666666666
C,250,0,1250204,1,0,247,50,0.64
C,250,0,1250205,1,0,120,24,1.0
C,250,0,1250206,1,0,136,28,0.9642857142857143
C,250,0,1250207,1,0,310,62,0.9032258064516129
C,250,0,1250232,1,0,126,26,0.8846153846153846
C,250,0,1250233,0,0,81,17,0.8235294117647058
C,250,0,1250234,1,0,75,15,1.0
C,250,0,1250235,1,0,89,18,0.8333333333333334
C,250,0,1250256,1,0,134,27,0.8888888888888888
C,250,0,1250257,1,0,75,15,0.8666666666666667
C,250,0,1250258,1,0,116,24,0.8333333333333334
C,250,0,1250259,1,0,67,14,1.0
C,250,0,1250264,1,0,113,23,0.9130434782608695
C,250,0,1250265,1,0,71,15,0.9333333333333333
C,250,0,1250266,1,0,83,17,0.9411764705882353
C,250,0,1250267,1,0,78,16,0.9375
C,250,0,1250260,1,0,76,16,0.8125
C,250,0,1250261,0,0,80,16,0.75
C,250,0,1250262,1,0,111,23,0.9565217391304348
C,250,0,1250263,1,0,83,17,0.7647058823529411
C,250,0,1250244,1,0,83,17,0.8235294117647058
C,250,0,1250245,1,0,273,55,0.6909090909090909
C,250,0,1250246,1,0,105,21,1.0
C,250,0,1250247,1,0,143,29,0.896551724137931
C,250,0,1250252,1,0,96,20,0.95
C,250,0,1250253,1,0,152,31,0.9354838709677419
C,250,0,1250254,1,0,75,15,1.0
C,250,0,1250255,1,0,72,15,0.9333333333333333
C,250,0,1250272,1,0,97,20,0.9
C,250,0,1250273,1,0,54,11,0.9090909090909091
C,250,0,1250274,1,0,120,24,0.9166666666666666
C,250,0,1250275,1,0,96,20,0.9
C,250,0,1250284,1,0,71,15,0.8666666666666667
C,250,0,1250285,1,0,130,26,0.7692307692307693
C,250,0,1250286,0,0,228,46,0.9347826086956522
C,250,0,1250287,1,0,76,16,0.8125
C,250,0,1250280,1,0,144,29,0.9655172413793104
C,250,0,1250281,1,0,72,15,0.9333333333333333
C,250,0,1250282,1,0,281,57,0.7894736842105263
C,250,0,1250283,1,0,231,47,0.8723404255319149
C,250,0,1250276,1,0,89,18,0.8333333333333334
C,250,0,1250277,1,0,128,26,0.8846153846153846
C,250,0,1250278,1,0,85,17,0.9411764705882353
C,250,0,1250279,1,0,74,15,0.9333333333333333
C,250,0,1250268,1,0,228,46,0.9130434782608695
C,250,0,1250269,1,0,96,20,0.75
C,250,0,1250270,1,0,119,24,1.0
C,250,0,1250271,1,0,165,33,0.9393939393939394
C,250,0,1250296,1,0,66,14,0.6428571428571429
C,250,0,1250297,1,0,73,15,1.0
C,250,0,1250298,1,0,78,16,0.9375
C,250,0,1250299,1,0,136,28,0.75
C,250,0,1250300,1,0,113,23,0.9565217391304348
C,250,0,1250301,1,0,92,19,0.7894736842105263
C,250,0,1250302,1,0,83,17,0.9411764705882353
C,250,0,1250303,1,0,117,24,0.875
C,250,0,1250292,1,0,179,36,0.7222222222222222
C,250,0,1250293,1,0,71,15,1.0
C,250,0,1250294,1,0,196,40,0.85
C,250,0,1250295,1,0,208,42,0.7619047619047619
C,250,0,1250308,1,0,85,17,0.8823529411764706
C,250,0,1250309,1,0,106,22,0.9545454545454546
C,250,0,1250310,1,0,95,19,0.8947368421052632
C,250,0,1250311,1,0,132,27,0.8518518518518519
C,250,0,1250288,0,1,600,120,0.9916666666666667
C,250,0,1250289,1,0,144,29,0.9655172413793104
C,250,0,1250290,1,0,103,21,0.8095238095238095
C,250,0,1250291,1,0,78,16,0.9375
C,250,0,1250304,1,0,168,34,0.8823529411764706
C,250,0,1250305,1,0,74,15,0.9333333333333333
C,250,0,1250306,1,0,144,29,0.9310344827586207
C,250,0,1250307,1,0,127,26,0.7692307692307693
C,250,0,1250316,1,0,126,26,0.9615384615384616
C,250,0,1250317,1,0,92,19,0.8421052631578947
C,250,0,1250318,1,0,123,25,0.92
C,250,0,1250319,1,0,83,17,0.8823529411764706
C,250,0,1250324,1,0,121,25,0.92
C,250,0,1250325,1,0,122,25,0.96
C,250,0,1250326,1,0,54,11,1.0
C,250,0,1250327,1,0,111,23,0.9130434782608695
C,250,0,1250320,1,0,100,20,0.9
C,250,0,1250321,1,0,88,18,1.0
C,250,0,1250322,1,0,108,22,0.9090909090909091
C,250,0,1250323,1,0,76,16,0.9375
C,250,0,1250336,1,0,102,21,0.8571428571428571
C,250,0,1250337,1,0,139,28,0.9642857142857143
C,250,0,1250338,1,0,102,21,0.7619047619047619
C,250,0,1250339,1,0,105,21,0.8095238095238095
C,250,0,1250340,1,0,108,22,0.8636363636363636
C,250,0,1250341,1,0,69,14,1.0
C,250,0,1250342,1,0,53,11,0.9090909090909091
C,250,0,1250343,1,0,140,28,0.8928571428571429
C,250,0,1250328,1,0,202,41,0.975609756097561
C,250,0,1250329,1,0,186,38,0.8947368421052632
C,250,0,1250330,1,0,153,31,0.9354838709677419
C,250,0,1250331,1,0,80,16,1.0
C,250,0,1250312,1,0,92,19,0.8947368421052632
C,250,0,1250313,1,0,256,52,0.8269230769230769
C,250,0,1250314,1,0,118,24,0.75
C,250,0,1250315,1,0,133,27,0.8888888888888888
C,250,0,1250332,1,0,469,94,0.648936170212766
C,250,0,1250333,1,0,92,19,0.9473684210526315
C,250,0,1250334,1,0,145,29,0.896551724137931
C,250,0,1250335,1,0,103,21,0.9047619047619048
C,250,0,1250348,1,0,129,26,0.9615384615384616
C,250,0,1250349,1,0,60,12,0.9166666666666666
C,250,0,1250350,0,0,170,34,0.7941176470588235
C,250,0,1250351,1,0,127,26,0.9615384615384616
C,250,0,1250364,1,0,74,15,1.0
C,250,0,1250365,1,0,72,15,0.9333333333333333
C,250,0,1250366,1,0,147,30,0.9666666666666667
C,250,0,1250367,1,0,87,18,0.7222222222222222
C,250,0,1250360,0,0,101,21,0.9047619047619048
C,250,0,1250361,1,0,122,25,0.96
C,250,0,1250362,1,0,123,25,0.96
C,250,0,1250363,1,0,94,19,0.8947368421052632
C,250,0,1250372,1,0,71,15,0.8
C,250,0,1250373,1,0,112,23,0.9130434782608695
C,250,0,1250374,1,0,120,24,0.875
C,250,0,1250375,1,0,66,14,1.0
C,250,0,1250356,0,1,600,120,0.6916666666666667
C,250,0,1250357,1,0,90,18,0.9444444444444444
C,250,0,1250358,1,0,83,17,0.7647058823529411
C,250,0,1250359,1,0,63,13,1.0
C,250,0,1250380,1,0,59,12,1.0
C,250,0,1250381,1,0,151,31,0.9354838709677419
C,250,0,1250382,1,0,76,16,0.9375
C,250,0,1250383,1,0,104,21,0.8571428571428571
C,250,0,1250368,1,0,110,22,0.7272727272727273
C,250,0,1250369,1,0,70,14,1.0
C,250,0,1250370,1,0,74,15,0.9333333333333333
C,250,0,1250371,1,0,144,29,0.8275862068965517
C,250,0,1250376,1,0,69,14,0.9285714285714286
C,250,0,1250377,1,0,137,28,0.9642857142857143
C,250,0,1250378,1,0,110,22,0.9545454545454546
C,250,0,1250379,0,0,160,32,0.9375
C,250,0,1250344,0,1,600,120,0.6166666666666667
C,250,0,1250345,1,0,121,25,0.88
C,250,0,1250346,1,0,174,35,0.9142857142857143
C,250,0,1250347,1,0,92,19,0.8421052631578947
C,250,0,1250388,1,0,113,23,0.9130434782608695
C,250,0,1250389,1,0,88,18,0.7222222222222222
C,250,0,1250390,1,0,74,15,1.0
C,250,0,1250391,1,0,98,20,0.85
C,250,0,1250384,1,0,195,39,0.5897435897435898
C,250,0,1250385,1,0,116,24,0.875
C,250,0,1250386,1,0,83,17,1.0
C,250,0,1250387,1,0,89,18,0.8333333333333334
C,250,0,1250404,1,0,77,16,0.875
C,250,0,1250405,1,0,123,25,0.92
C,250,0,1250406,1,0,65,13,0.9230769230769231
C,250,0,1250407,1,0,135,27,1.0
C,250,0,1250392,0,0,76,16,0.8125
C,250,0,1250393,1,0,84,17,1.0
C,250,0,1250394,1,0,144,29,0.7931034482758621
C,250,0,1250395,1,0,128,26,0.8076923076923077
C,250,0,1250352,1,0,375,75,0.6933333333333334
C,250,0,1250353,0,0,593,119,0.9495798319327731
C,250,0,1250354,1,0,82,17,0.8823529411764706
C,250,0,1250355,1,0,76,16,1.0
C,250,0,1250412,1,0,76,16,0.9375
C,250,0,1250413,1,0,66,14,0.9285714285714286
C,250,0,1250414,1,0,93,19,0.8421052631578947
C,250,0,1250415,1,0,123,25,0.92
C,250,0,1250400,1,0,126,26,0.9615384615384616
C,250,0,1250401,1,0,104,21,0.8571428571428571
C,250,0,1250402,0,0,139,28,0.8214285714285714
C,250,0,1250403,1,0,122,25,0.88
C,250,0,1250396,1,0,131,27,0.8518518518518519
C,250,0,1250397,1,0,133,27,0.9259259259259259
C,250,0,1250398,1,0,75,15,1.0
C,250,0,1250399,1,0,189,38,0.9736842105263158
C,250,0,1250408,1,0,135,27,0.9629629629629629
C,250,0,1250409,1,0,282,57,0.6666666666666666
C,250,0,1250410,1,0,131,27,0.9629629629629629
C,250,0,1250411,1,0,144,29,0.7931034482758621
C,250,0,1250428,0,0,101,21,0.7619047619047619
C,250,0,1250429,1,0,73,15,1.0
C,250,0,1250430,1,0,91,19,0.8947368421052632
C,250,0,1250431,1,0,142,29,0.9310344827586207
C,250,0,1250420,1,0,80,16,0.9375
C,250,0,1250421,0,0,106,22,0.9090909090909091
C,250,0,1250422,1,0,94,19,0.9473684210526315
C,250,0,1250423,1,0,121,25,0.84
C,250,0,1250416,1,0,120,24,0.9166666666666666
C,250,0,1250417,1,0,113,23,0.9565217391304348
C,250,0,1250418,1,0,143,29,0.896551724137931
C,250,0,1250419,1,0,114,23,0.9565217391304348
C,250,0,1250424,1,0,140,28,0.9642857142857143
C,250,0,1250425,1,0,115,23,0.9130434782608695
C,250,0,1250426,1,0,63,13,1.0
C,250,0,1250427,1,0,157,32,0.9375
C,250,0,1250432,1,0,113,23,1.0
C,250,0,1250433,1,0,139,28,0.9285714285714286
C,250,0,1250434,1,0,85,17,0.8235294117647058
C,250,0,1250435,1,0,91,19,0.8947368421052632
C,250,0,1250440,1,0,182,37,0.7837837837837838
C,250,0,1250441,1,0,179,36,0.9166666666666666
C,250,0,1250442,1,0,127,26,0.8846153846153846
C,250,0,1250443,1,0,74,15,0.8666666666666667
C,250,0,1250456,1,0,166,34,0.9117647058823529
C,250,0,1250457,1,0,79,16,0.875
C,250,0,1250458,1,0,188,38,0.8421052631578947
C,250,0,1250459,1,0,85,17,0.8823529411764706
C,250,0,1250452,1,0,75,15,0.9333333333333333
C,250,0,1250453,1,0,91,19,0.8421052631578947
C,250,0,1250454,1,0,187,38,0.9210526315789473
C,250,0,1250455,1,0,76,16,1.0
C,250,0,1250436,1,0,178,36,0.75
C,250,0,1250437,1,0,131,27,0.9259259259259259
C,250,0,1250438,1,0,161,33,0.8484848484848485
C,250,0,1250439,1,0,144,29,0.896551724137931
C,250,0,1250448,1,0,130,26,0.9230769230769231
C,250,0,1250449,1,0,124,25,0.92
C,250,0,1250450,1,0,78,16,0.875
C,250,0,1250451,1,0,75,15,0.9333333333333333
C,250,0,1250444,1,0,128,26,0.9230769230769231
C,250,0,1250445,0,0,385,77,0.961038961038961
C,250,0,1250446,1,0,164,33,0.9090909090909091
C,250,0,1250447,1,0,74,15,1.0
C,250,0,1250464,1,0,59,12,1.0
C,250,0,1250465,1,0,74,15,0.9333333333333333
C,250,0,1250466,1,0,79,16,1.0
C,250,0,1250467,1,0,103,21,0.9047619047619048
C,250,0,1250460,0,0,180,36,0.8055555555555556
C,250,0,1250461,1,0,63,13,1.0
C,250,0,1250462,1,0,139,28,0.8214285714285714
C,250,0,1250463,0,0,91,19,0.7894736842105263
C,250,0,1250488,1,0,75,15,0.9333333333333333
C,250,0,1250489,1,0,75,15,0.9333333333333333
C,250,0,1250490,0,0,101,21,0.9047619047619048
C,250,0,1250491,1,0,121,25,0.88
C,250,0,1250468,1,0,127,26,0.7692307692307693
C,250,0,1250469,1,0,291,59,0.9661016949152542
C,250,0,1250470,1,0,148,30,0.8333333333333334
C,250,0,1250471,0,0,118,24,0.9166666666666666
C,250,0,1250476,1,0,57,12,1.0
C,250,0,1250477,1,0,72,15,1.0
C,250,0,1250478,1,0,116,24,0.875
C,250,0,1250479,1,0,136,28,0.8571428571428571
C,250,0,1250480,1,0,156,32,0.8125
C,250,0,1250481,1,0,133,27,0.8888888888888888
C,250,0,1250482,1,0,125,25,0.96
C,250,0,1250483,1,0,83,17,0.8235294117647058
C,250,0,1250484,1,0,75,15,0.8666666666666667
C,250,0,1250485,1,0,108,22,0.7272727272727273
C,250,0,1250486,1,0,96,20,0.95
C,250,0,1250487,1,0,100,20,0.75
C,250,0,1250496,1,0,118,24,0.875
C,250,0,1250497,1,0,96,20,0.95
C,250,0,1250498,1,0,65,13,0.9230769230769231
C,250,0,1250499,1,0,87,18,0.9444444444444444
C,250,0,1250472,0,0,478,96,0.90625
C,250,0,1250473,1,0,212,43,0.7441860465116279
C,250,0,1250474,1,0,73,15,1.0
C,250,0,1250475,0,0,91,19,0.9473684210526315
C,250,0,1250492,1,0,205,41,0.926829268292683
C,250,0,1250493,1,0,127,26,0.8846153846153846
C,250,0,1250494,1,0,142,29,0.9310344827586207
C,250,0,1250495,1,0,161,33,0.8484848484848485
C,500,0,1500031,1,0,73,8,1.0
C,500,0,1500032,1,0,122,13,0.9230769230769231
C,500,0,1500033,1,0,59,6,1.0
C,500,0,1500034,1,0,134,14,0.9285714285714286
C,500,0,1500007,1,0,168,17,0.7058823529411765
C,500,0,1500008,1,0,76,8,1.0
C,500,0,1500009,0,0,101,11,0.9090909090909091
C,500,0,1500010,1,0,81,9,1.0
C,500,0,1500027,1,0,194,20,0.95
C,500,0,1500028,1,0,61,7,1.0
C,500,0,1500029,1,0,131,14,0.7857142857142857
C,500,0,1500030,1,0,71,8,1.0
C,500,0,1500023,1,0,98,10,0.9
C,500,0,1500024,1,0,77,8,0.875
C,500,0,1500025,1,0,58,6,0.6666666666666666
C,500,0,1500026,1,0,136,14,0.8571428571428571
C,500,0,1500039,1,0,63,7,1.0
C,500,0,1500040,1,0,76,8,1.0
C,500,0,1500041,1,0,110,11,0.9090909090909091
C,500,0,1500042,1,0,85,9,0.7777777777777778
C,500,0,1500019,1,0,78,8,1.0
C,500,0,1500020,0,0,101,11,1.0
C,500,0,1500021,1,0,129,13,0.9230769230769231
C,500,0,1500022,1,0,206,21,0.7619047619047619
C,500,0,1500011,1,0,85,9,1.0
C,500,0,1500012,1,0,60,6,1.0
C,500,0,1500013,0,0,110,11,0.36363636363636365
C,500,0,1500014,1,0,273,28,0.8214285714285714
C,500,0,1500035,1,0,103,11,0.8181818181818182
C,500,0,1500036,1,0,79,8,1.0
C,500,0,1500037,1,0,74,8,0.875
C,500,0,1500038,1,0,300,30,0.6666666666666666
C,500,0,1500003,1,0,55,6,0.6666666666666666
C,500,0,1500004,1,0,92,10,1.0
C,500,0,1500005,1,0,115,12,1.0
C,500,0,1500006,1,0,233,24,0.9166666666666666
C,500,0,1500015,1,0,82,9,0.7777777777777778
C,500,0,1500016,1,0,104,11,1.0
C,500,0,1500017,0,1,600,60,0.6666666666666666
C,500,0,1500018,1,0,136,14,0.9285714285714286
C,500,0,1500051,1,0,131,14,0.9285714285714286
C,500,0,1500052,1,0,93,10,1.0
C,500,0,1500053,1,0,72,8,1.0
C,500,0,1500054,1,0,108,11,0.9090909090909091
C,500,0,1500063,1,0,176,18,1.0
C,500,0,1500064,1,0,95,10,0.8
C,500,0,1500065,1,0,62,7,0.8571428571428571
C,500,0,1500066,1,0,63,7,1.0
C,500,0,1500059,1,0,145,15,0.8
C,500,0,1500060,1,0,101,11,0.8181818181818182
C,500,0,1500061,1,0,96,10,1.0
C,500,0,1500062,1,0,85,9,1.0
C,500,0,1500047,1,0,151,16,0.9375
C,500,0,1500048,1,0,61,7,1.0
C,500,0,1500049,1,0,74,8,1.0
C,500,0,1500050,1,0,100,10,0.9
C,500,0,1500055,1,0,129,13,0.9230769230769231
C,500,0,1500056,1,0,148,15,0.9333333333333333
C,500,0,1500057,1,0,199,20,0.85
C,500,0,1500058,1,0,74,8,0.875
C,500,0,1500071,1,0,112,12,0.8333333333333334
C,500,0,1500072,1,0,131,14,0.9285714285714286
C,500,0,1500073,1,0,52,6,0.8333333333333334
C,500,0,1500074,1,0,78,8,1.0
C,500,0,1500043,0,0,95,10,0.7
C,500,0,1500044,1,0,89,9,1.0
C,500,0,1500045,0,0,564,57,0.631578947368421
C,500,0,1500046,1,0,152,16,0.9375
C,500,0,1500075,1,0,70,7,1.0
C,500,0,1500076,1,0,130,13,1.0
C,500,0,1500077,1,0,79,8,0.75
C,500,0,1500078,1,0,89,9,1.0
C,500,0,1500095,0,0,76,8,0.75
C,500,0,1500096,1,0,73,8,1.0
C,500,0,1500097,1,0,78,8,0.875
C,500,0,1500098,1,0,62,7,0.7142857142857143
C,500,0,1500079,1,0,102,11,0.7272727272727273
C,500,0,1500080,1,0,211,22,0.8636363636363636
C,500,0,1500081,1,0,130,13,0.7692307692307693
C,500,0,1500082,1,0,89,9,0.8888888888888888
C,500,0,1500103,0,0,76,8,0.875
C,500,0,1500104,1,0,152,16,1.0
C,500,0,1500105,1,0,95,10,1.0
C,500,0,1500106,1,0,76,8,1.0
C,500,0,1500067,1,0,145,15,0.9333333333333333
C,500,0,1500068,1,0,68,7,1.0
C,500,0,1500069,1,0,87,9,1.0
C,500,0,1500070,0,0,231,24,0.9583333333333334
C,500,0,1500091,1,0,119,12,1.0
C,500,0,1500092,1,0,139,14,1.0
C,500,0,1500093,1,0,119,12,0.9166666666666666
C,500,0,1500094,1,0,137,14,0.9285714285714286
C,500,0,1500087,1,0,90,9,0.8888888888888888
C,500,0,1500088,1,0,178,18,0.8333333333333334
C,500,0,1500089,1,0,107,11,0.8181818181818182
C,500,0,1500090,1,0,161,17,0.8823529411764706
C,500,0,1500115,1,0,92,10,0.9
C,500,0,1500116,1,0,92,10,1.0
C,500,0,1500117,1,0,158,16,0.875
C,500,0,1500118,1,0,82,9,0.8888888888888888
C,500,0,1500107,1,0,82,9,0.8888888888888888
C,500,0,1500108,1,0,142,15,1.0
C,500,0,1500109,1,0,114,12,1.0
C,500,0,1500110,1,0,61,7,1.0
C,500,0,1500083,0,1,600,60,0.9833333333333333
C,500,0,1500084,1,0,68,7,1.0
C,500,0,1500085,1,0,100,10,0.8
C,500,0,1500086,1,0,92,10,0.9
C,500,0,1500111,1,0,151,16,0.8125
C,500,0,1500112,1,0,76,8,0.875
C,500,0,1500113,0,0,277,28,0.7857142857142857
C,500,0,1500114,1,0,94,10,0.8
C,500,0,1500119,1,0,107,11,0.9090909090909091
C,500,0,1500120,1,0,83,9,0.7777777777777778
C,500,0,1500121,1,0,89,9,0.8888888888888888
C,500,0,1500122,1,0,129,13,1.0
C,500,0,1500099,1,0,279,28,0.8928571428571429
C,500,0,1500100,1,0,88,9,1.0
C,500,0,1500101,1,0,141,15,0.8666666666666667
C,500,0,1500102,0,1,600,60,0.9833333333333333
C,500,0,1500131,1,0,115,12,0.75
C,500,0,1500132,1,0,59,6,0.8333333333333334
C,500,0,1500133,1,0,222,23,0.7391304347826086
C,500,0,1500134,1,0,119,12,0.9166666666666666
C,500,0,1500123,1,0,117,12,0.6666666666666666
C,500,0,1500124,1,0,106,11,0.8181818181818182
C,500,0,1500125,1,0,79,8,0.875
C,500,0,1500126,1,0,74,8,1.0
C,500,0,1500135,1,0,136,14,0.8571428571428571
C,500,0,1500136,1,0,84,9,0.7777777777777778
C,500,0,1500137,1,0,181,19,0.6842105263157895
C,500,0,1500138,1,0,140,14,0.8571428571428571
C,500,0,1500139,1,0,77,8,1.0
C,500,0,1500140,1,0,110,11,0.9090909090909091
C,500,0,1500141,1,0,87,9,0.6666666666666666
C,500,0,1500142,1,0,121,13,0.9230769230769231
C,500,0,1500151,1,0,62,7,1.0
C,500,0,1500152,1,0,236,24,0.875
C,500,0,1500153,1,0,79,8,1.0
C,500,0,1500154,1,0,123,13,1.0
C,500,0,1500143,1,0,135,14,1.0
C,500,0,1500144,1,0,75,8,1.0
C,500,0,1500145,1,0,174,18,0.9444444444444444
C,500,0,1500146,1,0,151,16,0.9375
C,500,0,1500127,0,0,101,11,0.8181818181818182
C,500,0,1500128,1,0,79,8,0.75
C,500,0,1500129,1,0,116,12,1.0
C,500,0,1500130,1,0,75,8,0.875
C,500,0,1500167,1,0,127,13,0.8461538461538461
C,500,0,1500168,1,0,69,7,1.0
C,500,0,1500169,1,0,78,8,1.0
C,500,0,1500170,1,0,72,8,0.875
C,500,0,1500155,1,0,229,23,1.0
C,500,0,1500156,1,0,176,18,0.7222222222222222
C,500,0,1500157,1,0,255,26,0.6538461538461539
C,500,0,1500158,1,0,100,10,0.9
C,500,0,1500147,0,0,316,32,0.75
C,500,0,1500148,1,0,73,8,0.875
C,500,0,1500149,1,0,65,7,0.5714285714285714
C,500,0,1500150,1,0,108,11,1.0
C,500,0,1500171,1,0,130,13,0.8461538461538461
C,500,0,1500172,1,0,114,12,0.9166666666666666
C,500,0,1500173,1,0,158,16,0.8125
C,500,0,1500174,1,0,124,13,0.8461538461538461
C,500,0,1500187,1,0,98,10,0.7
C,500,0,1500188,1,0,81,9,0.7777777777777778
C,500,0,1500189,1,0,102,11,0.9090909090909091
C,500,0,1500190,1,0,122,13,1.0
C,500,0,1500175,1,0,65,7,0.8571428571428571
C,500,0,1500176,1,0,193,20,0.9
C,500,0,1500177,1,0,164,17,0.7058823529411765
C,500,0,1500178,1,0,77,8,0.75
C,500,0,1500163,1,0,68,7,0.8571428571428571
C,500,0,1500164,0,1,600,60,0.9166666666666666
C,500,0,1500165,1,0,91,10,0.9
C,500,0,1500166,1,0,134,14,0.9285714285714286
C,500,0,1500183,1,0,123,13,0.8461538461538461
C,500,0,1500184,1,0,62,7,1.0
C,500,0,1500185,1,0,168,17,0.8823529411764706
C,500,0,1500186,1,0,131,14,0.9285714285714286
C,500,0,1500159,1,0,144,15,0.9333333333333333
C,500,0,1500160,1,0,77,8,0.875
C,500,0,1500161,1,0,75,8,1.0
C,500,0,1500162,0,1,600,60,0.9833333333333333
C,500,0,1500191,1,0,113,12,0.9166666666666666
C,500,0,1500192,1,0,63,7,1.0
C,500,0,1500193,0,0,115,12,0.6666666666666666
C,500,0,1500194,1,0,111,12,0.8333333333333334
C,500,0,1500199,1,0,137,14,0.8571428571428571
C,500,0,1500200,1,0,67,7,1.0
C,500,0,1500201,1,0,161,17,0.9411764705882353
C,500,0,1500202,1,0,108,11,1.0
C,500,0,1500195,0,1,102,11,0.9090909090909091
C,500,0,1500196,1,0,83,9,0.8888888888888888
C,500,0,1500197,1,0,121,13,1.0
C,500,0,1500198,1,0,328,33,0.7272727272727273
C,500,0,1500211,1,0,86,9,0.8888888888888888
C,500,0,1500212,1,0,88,9,0.8888888888888888
C,500,0,1500213,1,0,195,20,0.85
C,500,0,1500214,1,0,60,6,1.0
C,500,0,1500227,1,0,83,9,1.0
C,500,0,1500228,1,0,64,7,1.0
C,500,0,1500229,1,0,136,14,0.9285714285714286
C,500,0,1500230,1,0,69,7,1.0
C,500,0,1500203,1,0,205,21,0.8571428571428571
C,500,0,1500204,1,0,141,15,0.8666666666666667
C,500,0,1500205,1,0,67,7,1.0
C,500,0,1500206,1,0,80,8,1.0
C,500,0,1500231,1,0,175,18,0.8888888888888888
C,500,0,1500232,1,0,73,8,1.0
C,500,0,1500233,1,0,60,6,1.0
C,500,0,1500234,1,0,168,17,0.8823529411764706
C,500,0,1500223,1,0,81,9,1.0
C,500,0,1500224,1,0,121,13,0.9230769230769231
C,500,0,1500225,1,0,155,16,0.875
C,500,0,1500226,1,0,127,13,1.0
C,500,0,1500219,1,0,126,13,0.8461538461538461
C,500,0,1500220,1,0,258,26,0.8461538461538461
C,500,0,1500221,0,0,221,23,0.8695652173913043
C,500,0,1500222,1,0,71,8,1.0
C,500,0,1500235,1,0,88,9,0.8888888888888888
C,500,0,1500236,1,0,155,16,0.875
C,500,0,1500237,1,0,135,14,0.9285714285714286
C,500,0,1500238,1,0,198,20,1.0
C,500,0,1500179,1,0,58,6,1.0
C,500,0,1500180,0,1,600,60,1.0
C,500,0,1500181,1,0,125,13,1.0
C,500,0,1500182,1,0,360,36,0.6666666666666666
C,500,0,1500215,1,0,96,10,0.8
C,500,0,1500216,1,0,158,16,0.9375
C,500,0,1500217,1,0,74,8,1.0
C,500,0,1500218,1,0,214,22,0.7727272727272727
C,500,0,1500243,1,0,107,11,1.0
C,500,0,1500244,1,0,171,18,0.9444444444444444
C,500,0,1500245,1,0,55,6,1.0
C,500,0,1500246,1,0,91,10,0.8
C,500,0,1500239,1,0,138,14,0.8571428571428571
C,500,0,1500240,1,0,66,7,1.0
C,500,0,1500241,1,0,117,12,0.8333333333333334
C,500,0,1500242,1,0,57,6,0.6666666666666666
C,500,0,1500255,1,0,136,14,0.6428571428571429
C,500,0,1500256,1,0,71,8,1.0
C,500,0,1500257,1,0,65,7,1.0
C,500,0,1500258,0,0,136,14,0.9285714285714286
C,500,0,1500247,1,0,87,9,1.0
C,500,0,1500248,1,0,166,17,0.9411764705882353
C,500,0,1500249,1,0,103,11,1.0
C,500,0,1500250,1,0,83,9,0.7777777777777778
C,500,0,1500251,1,0,194,20,0.75
C,500,0,1500252,1,0,62,7,1.0
C,500,0,1500253,1,0,87,9,1.0
C,500,0,1500254,1,0,109,11,1.0
C,500,0,1500207,1,0,78,8,1.0
C,500,0,1500208,1,0,78,8,1.0
C,500,0,1500209,1,0,436,44,0.8181818181818182
C,500,0,1500210,1,0,298,30,0.9
C,500,0,1500275,1,0,64,7,1.0
C,500,0,1500276,1,0,95,10,0.6
C,500,0,1500277,1,0,51,6,0.8333333333333334
C,500,0,1500278,1,0,86,9,0.8888888888888888
C,500,0,1500279,1,0,86,9,0.8888888888888888
C,500,0,1500280,1,0,121,13,1.0
C,500,0,1500281,1,0,84,9,0.7777777777777778
C,500,0,1500282,0,0,108,11,0.9090909090909091
C,500,0,1500271,1,0,63,7,0.8571428571428571
C,500,0,1500272,0,0,164,17,1.0
C,500,0,1500273,1,0,106,11,0.9090909090909091
C,500,0,1500274,1,0,78,8,0.875
C,500,0,1500267,1,0,71,8,0.75
C,500,0,1500268,1,0,73,8,1.0
C,500,0,1500269,1,0,115,12,0.9166666666666666
C,500,0,1500270,1,0,151,16,0.9375
C,500,0,1500287,1,0,103,11,0.8181818181818182
C,500,0,1500288,1,0,165,17,1.0
C,500,0,1500289,1,0,82,9,0.7777777777777778
C,500,0,1500290,1,0,76,8,1.0
C,500,0,1500263,1,0,198,20,0.95
C,500,0,1500264,1,0,58,6,0.8333333333333334
C,500,0,1500265,1,0,82,9,1.0
C,500,0,1500266,1,0,171,18,0.8333333333333334
C,500,0,1500283,1,0,231,24,0.75
C,500,0,1500284,1,0,81,9,0.8888888888888888
C,500,0,1500285,1,0,106,11,0.8181818181818182
C,500,0,1500286,1,0,204,21,0.6666666666666666
C,500,0,1500259,1,0,169,17,0.9411764705882353
C,500,0,1500260,1,0,88,9,0.8888888888888888
C,500,0,1500261,1,0,132,14,0.8571428571428571
C,500,0,1500262,1,0,152,16,0.9375
C,500,0,1500299,1,0,140,14,0.9285714285714286
C,500,0,1500300,1,0,143,15,0.9333333333333333
C,500,0,1500301,1,0,80,8,1.0
C,500,0,1500302,1,0,99,10,1.0
C,500,0,1500303,1,0,92,10,0.8
C,500,0,1500304,1,0,138,14,0.9285714285714286
C,500,0,1500305,1,0,61,7,1.0
C,500,0,1500306,1,0,144,15,0.9333333333333333
C,500,0,1500315,1,0,75,8,1.0
C,500,0,1500316,1,0,82,9,0.8888888888888888
C,500,0,1500317,1,0,89,9,0.7777777777777778
C,500,0,1500318,1,0,72,8,0.875
C,500,0,1500307,1,0,113,12,0.6666666666666666
C,500,0,1500308,1,0,236,24,0.875
C,500,0,1500309,1,0,127,13,0.7692307692307693
C,500,0,1500310,1,0,114,12,0.8333333333333334
C,500,0,1500291,1,0,111,12,0.9166666666666666
C,500,0,1500292,1,0,103,11,0.9090909090909091
C,500,0,1500293,0,1,600,60,0.75
C,500,0,1500294,1,0,151,16,0.9375
C,500,0,1500323,1,0,80,8,0.875
C,500,0,1500324,1,0,92,10,0.7
C,500,0,1500325,1,0,81,9,0.8888888888888888
C,500,0,1500326,1,0,137,14,0.8571428571428571
C,500,0,1500295,1,0,203,21,0.8571428571428571
C,500,0,1500296,1,0,111,12,1.0
C,500,0,1500297,1,0,64,7,1.0
C,500,0,1500298,0,1,600,60,0.9666666666666667
C,500,0,1500311,1,0,63,7,0.8571428571428571
C,500,0,1500312,0,1,600,60,0.5666666666666667
C,500,0,1500313,1,0,158,16,0.5625
C,500,0,1500314,1,0,109,11,1.0
C,500,0,1500343,1,0,97,10,1.0
C,500,0,1500344,1,0,63,7,1.0
C,500,0,1500345,1,0,67,7,1.0
C,500,0,1500346,1,0,55,6,0.8333333333333334
C,500,0,1500319,1,0,114,12,0.75
C,500,0,1500320,1,0,128,13,0.8461538461538461
C,500,0,1500321,1,0,148,15,1.0
C,500,0,1500322,1,0,122,13,1.0
C,500,0,1500347,1,0,86,9,0.6666666666666666
C,500,0,1500348,1,0,86,9,0.7777777777777778
C,500,0,1500349,1,0,92,10,0.8
C,500,0,1500350,1,0,90,9,0.8888888888888888
C,500,0,1500327,1,0,140,14,0.8571428571428571
C,500,0,1500328,1,0,132,14,1.0
C,500,0,1500329,1,0,109,11,0.9090909090909091
C,500,0,1500330,1,0,134,14,1.0
C,500,0,1500331,1,0,122,13,0.9230769230769231
C,500,0,1500332,1,0,61,7,1.0
C,500,0,1500333,1,0,78,8,1.0
C,500,0,1500334,1,0,79,8,1.0
C,500,0,1500339,1,0,248,25,0.84
C,500,0,1500340,1,0,69,7,1.0
C,500,0,1500341,1,0,127,13,0.9230769230769231
C,500,0,1500342,1,0,109,11,1.0
C,500,0,1500335,1,0,118,12,0.9166666666666666
C,500,0,1500336,1,0,307,31,0.7741935483870968
C,500,0,1500337,1,0,79,8,1.0
C,500,0,1500338,1,0,56,6,1.0
C,500,0,1500351,1,0,106,11,1.0
C,500,0,1500352,1,0,108,11,0.8181818181818182
C,500,0,1500353,1,0,133,14,0.9285714285714286
C,500,0,1500354,1,0,144,15,0.8666666666666667
C,500,0,1500371,1,0,110,11,0.9090909090909091
C,500,0,1500372,0,0,67,7,0.8571428571428571
C,500,0,1500373,1,0,91,10,0.9
C,500,0,1500374,1,0,65,7,1.0
C,500,0,1500363,1,0,86,9,1.0
C,500,0,1500364,1,0,78,8,0.75
C,500,0,1500365,1,0,198,20,0.85
C,500,0,1500366,1,0,151,16,0.8125
C,500,0,1500379,1,0,88,9,0.7777777777777778
C,500,0,1500380,1,0,94,10,0.9
C,500,0,1500381,1,0,79,8,1.0
C,500,0,1500382,1,0,121,13,1.0
C,500,0,1500359,1,0,112,12,0.75
C,500,0,1500360,1,0,74,8,0.875
C,500,0,1500361,1,0,108,11,1.0
C,500,0,1500362,1,0,64,7,1.0
C,500,0,1500355,1,0,115,12,0.9166666666666666
C,500,0,1500356,1,0,151,16,0.8125
C,500,0,1500357,1,0,123,13,0.8461538461538461
C,500,0,1500358,1,0,131,14,1.0
C,500,0,1500367,1,0,123,13,1.0
C,500,0,1500368,1,0,82,9,1.0
C,500,0,1500369,1,0,114,12,0.9166666666666666
C,500,0,1500370,1,0,135,14,0.8571428571428571
C,500,0,1500395,1,0,51,6,0.8333333333333334
C,500,0,1500396,1,0,107,11,1.0
C,500,0,1500397,1,0,76,8,0.75
C,500,0,1500398,1,0,83,9,0.7777777777777778
C,500,0,1500391,1,0,62,7,1.0
C,500,0,1500392,1,0,76,8,0.875
C,500,0,1500393,1,0,166,17,0.9411764705882353
C,500,0,1500394,1,0,75,8,1.0
C,500,0,1500387,1,0,114,12,1.0
C,500,0,1500388,1,0,134,14,0.8571428571428571
C,500,0,1500389,1,0,70,7,1.0
C,500,0,1500390,1,0,143,15,0.8666666666666667
C,500,0,1500403,1,0,90,9,0.8888888888888888
C,500,0,1500404,1,0,87,9,1.0
C,500,0,1500405,1,0,109,11,0.9090909090909091
C,500,0,1500406,1,0,77,8,1.0
C,500,0,1500399,1,0,130,13,0.9230769230769231
C,500,0,1500400,1,0,106,11,0.9090909090909091
C,500,0,1500401,1,0,82,9,0.8888888888888888
C,500,0,1500402,1,0,186,19,1.0
C,500,0,1500383,1,0,105,11,0.9090909090909091
C,500,0,1500384,1,0,96,10,0.9
C,500,0,1500385,0,1,600,60,1.0
C,500,0,1500386,1,0,82,9,1.0
C,500,0,1500375,0,0,106,11,0.9090909090909091
C,500,0,1500376,1,0,158,16,0.9375
C,500,0,1500377,0,0,257,26,0.8461538461538461
C,500,0,1500378,0,1,600,60,1.0
C,500,0,1500411,0,0,155,16,0.9375
C,500,0,1500412,1,0,134,14,1.0
C,500,0,1500413,1,0,100,10,0.9
C,500,0,1500414,1,0,99,10,0.9
C,500,0,1500407,1,0,151,16,0.9375
C,500,0,1500408,1,0,67,7,1.0
C,500,0,1500409,1,0,158,16,0.9375
C,500,0,1500410,1,0,106,11,0.9090909090909091
C,500,0,1500415,1,0,392,40,0.925
C,500,0,1500416,1,0,158,16,0.9375
C,500,0,1500417,1,0,125,13,0.8461538461538461
C,500,0,1500418,1,0,182,19,0.8947368421052632
C,500,0,1500431,1,0,82,9,0.7777777777777778
C,500,0,1500432,0,0,117,12,0.9166666666666666
C,500,0,1500433,1,0,74,8,0.875
C,500,0,1500434,1,0,132,14,0.8571428571428571
C,500,0,1500423,1,0,164,17,0.9411764705882353
C,500,0,1500424,1,0,109,11,0.8181818181818182
C,500,0,1500425,1,0,75,8,1.0
C,500,0,1500426,1,0,61,7,1.0
C,500,0,1500419,1,0,97,10,0.9
C,500,0,1500420,1,0,95,10,1.0
C,500,0,1500421,1,0,78,8,0.875
C,500,0,1500422,1,0,71,8,1.0
C,500,0,1500427,1,0,159,16,0.875
C,500,0,1500428,1,0,91,10,0.9
C,500,0,1500429,1,0,130,13,0.9230769230769231
C,500,0,1500430,1,0,78,8,0.75
C,500,0,1500439,1,0,99,10,1.0
C,500,0,1500440,1,0,107,11,1.0
C,500,0,1500441,1,0,82,9,0.7777777777777778
C,500,0,1500442,1,0,85,9,1.0
C,500,0,1500435,1,0,142,15,1.0
C,500,0,1500436,1,0,64,7,1.0
C,500,0,1500437,1,0,99,10,1.0
C,500,0,1500438,1,0,96,10,1.0
C,500,0,1500451,1,0,100,10,0.4
C,500,0,1500452,1,0,74,8,1.0
C,500,0,1500453,1,0,63,7,1.0
C,500,0,1500454,1,0,87,9,0.8888888888888888
C,500,0,1500447,1,0,149,15,0.9333333333333333
C,500,0,1500448,1,0,124,13,1.0
C,500,0,1500449,1,0,88,9,0.8888888888888888
C,500,0,1500450,1,0,108,11,0.8181818181818182
C,500,0,1500443,1,0,118,12,1.0
C,500,0,1500444,1,0,131,14,0.8571428571428571
C,500,0,1500445,0,0,166,17,0.8823529411764706
C,500,0,1500446,1,0,96,10,0.9
C,500,0,1500455,1,0,124,13,1.0
C,500,0,1500456,0,0,100,10,1.0
C,500,0,1500457,1,0,88,9,0.8888888888888888
C,500,0,1500458,1,0,129,13,0.7692307692307693
C,500,0,1500471,1,0,80,8,0.75
C,500,0,1500472,1,0,152,16,1.0
C,500,0,1500473,1,0,104,11,0.8181818181818182
C,500,0,1500474,1,0,91,10,1.0
C,500,0,1500463,1,0,81,9,0.7777777777777778
C,500,0,1500464,1,0,128,13,0.9230769230769231
C,500,0,1500465,1,0,163,17,0.9411764705882353
C,500,0,1500466,1,0,72,8,0.875
C,500,0,1500459,0,0,105,11,0.9090909090909091
C,500,0,1500460,1,0,65,7,1.0
C,500,0,1500461,1,0,89,9,0.8888888888888888
C,500,0,1500462,1,0,130,13,0.9230769230769231
C,500,0,1500475,0,0,308,31,0.9032258064516129
C,500,0,1500476,1,0,131,14,0.9285714285714286
C,500,0,1500477,1,0,62,7,1.0
C,500,0,1500478,1,0,78,8,0.875
C,500,0,1500499,1,0,70,7,0.8571428571428571
C,500,0,1500479,1,0,89,9,0.8888888888888888
C,500,0,1500480,1,0,166,17,0.8823529411764706
C,500,0,1500481,1,0,230,23,0.782608695652174
C,500,0,1500482,1,0,134,14,0.7857142857142857
C,500,0,1500467,1,0,205,21,0.8095238095238095
C,500,0,1500468,1,0,61,7,1.0
C,500,0,1500469,1,0,62,7,1.0
C,500,0,1500470,0,1,600,60,0.55
C,500,0,1500483,1,0,152,16,0.875
C,500,0,1500484,1,0,87,9,1.0
C,500,0,1500485,1,0,121,13,0.9230769230769231
C,500,0,1500486,1,0,181,19,1.0
C,500,0,1500491,1,0,128,13,1.0
C,500,0,1500492,1,0,138,14,0.9285714285714286
C,500,0,1500493,1,0,138,14,0.8571428571428571
C,500,0,1500494,1,0,186,19,0.8947368421052632
C,500,0,1500495,0,0,173,18,0.8333333333333334
C,500,0,1500496,1,0,200,20,0.65
C,500,0,1500497,1,0,112,12,0.8333333333333334
C,500,0,1500498,1,0,106,11,0.9090909090909091
C,500,0,1500487,1,0,594,60,0.8166666666666667
C,500,0,1500488,1,0,100,10,1.0
C,500,0,1500489,1,0,89,9,0.8888888888888888
C,500,0,1500490,1,0,124,13,0.9230769230769231
C,1000,0,2000008,1,0,61,4,1.0
C,1000,0,2000009,1,0,119,6,0.8333333333333334
C,1000,0,2000010,0,0,79,4,1.0
C,1000,0,2000011,1,0,65,4,1.0
C,1000,0,2000024,1,0,130,7,1.0
C,1000,0,2000025,1,0,65,4,1.0
C,1000,0,2000026,1,0,98,5,1.0
C,1000,0,2000027,1,0,72,4,1.0
C,1000,0,2000004,1,0,140,7,0.8571428571428571
C,1000,0,2000005,1,0,87,5,0.8
C,1000,0,2000006,1,0,193,10,0.6
C,1000,0,2000007,1,0,105,6,0.8333333333333334
C,1000,0,2000028,1,0,70,4,1.0
C,1000,0,2000029,1,0,67,4,1.0
C,1000,0,2000030,1,0,111,6,1.0
C,1000,0,2000031,1,0,127,7,0.8571428571428571
C,1000,0,2000016,1,0,101,6,0.6666666666666666
C,1000,0,2000017,1,0,183,10,0.8
C,1000,0,2000018,1,0,70,4,1.0
C,1000,0,2000019,1,0,127,7,0.8571428571428571
C,1000,0,2000000,1,0,85,5,1.0
C,1000,0,2000001,1,0,123,7,0.8571428571428571
C,1000,0,2000002,1,0,134,7,0.5714285714285714
C,1000,0,2000003,1,0,99,5,1.0
C,1000,0,2000032,1,0,151,8,0.75
C,1000,0,2000033,1,0,68,4,1.0
C,1000,0,2000034,1,0,81,5,0.8
C,1000,0,2000035,1,0,98,5,1.0
C,1000,0,2000040,1,0,83,5,1.0
C,1000,0,2000041,1,0,93,5,0.8
C,1000,0,2000042,1,0,129,7,1.0
C,1000,0,2000043,1,0,60,3,0.6666666666666666
C,1000,0,2000036,1,0,94,5,1.0
C,1000,0,2000037,1,0,121,7,1.0
C,1000,0,2000038,1,0,101,6,0.8333333333333334
C,1000,0,2000039,0,0,222,12,1.0
C,1000,0,2000056,1,0,86,5,1.0
C,1000,0,2000057,1,0,91,5,1.0
C,1000,0,2000058,1,0,97,5,1.0
C,1000,0,2000059,1,0,93,5,0.8
C,1000,0,2000044,1,0,86,5,0.8
C,1000,0,2000045,1,0,134,7,0.8571428571428571
C,1000,0,2000046,1,0,120,6,0.8333333333333334
C,1000,0,2000047,1,0,105,6,0.6666666666666666
C,1000,0,2000052,1,0,141,8,1.0
C,1000,0,2000053,1,0,101,6,0.8333333333333334
C,1000,0,2000054,1,0,81,5,1.0
C,1000,0,2000055,1,0,69,4,1.0
C,1000,0,2000060,1,0,152,8,1.0
C,1000,0,2000061,1,0,73,4,1.0
C,1000,0,2000062,0,0,295,15,0.8
C,1000,0,2000063,1,0,158,8,1.0
C,1000,0,2000068,1,0,169,9,0.5555555555555556
C,1000,0,2000069,1,0,90,5,1.0
C,1000,0,2000070,1,0,126,7,0.7142857142857143
C,1000,0,2000071,1,0,135,7,1.0
C,1000,0,2000020,0,1,600,30,1.0
C,1000,0,2000021,1,0,171,9,0.7777777777777778
C,1000,0,2000022,1,0,137,7,0.8571428571428571
C,1000,0,2000023,1,0,490,25,0.92
C,1000,0,2000012,1,0,90,5,1.0
C,1000,0,2000013,1,0,141,8,0.875
C,1000,0,2000014,1,0,453,23,1.0
C,1000,0,2000015,1,0,119,6,0.8333333333333334
C,1000,0,2000048,1,0,194,10,0.5
C,1000,0,2000049,0,0,231,12,0.9166666666666666
C,1000,0,2000050,1,0,240,12,0.8333333333333334
C,1000,0,2000051,1,0,56,3,1.0
C,1000,0,2000072,1,0,136,7,0.8571428571428571
C,1000,0,2000073,1,0,79,4,1.0
C,1000,0,2000074,1,0,81,5,1.0
C,1000,0,2000075,1,0,72,4,1.0
C,1000,0,2000064,1,0,302,16,0.875
C,1000,0,2000065,1,0,94,5,1.0
C,1000,0,2000066,1,0,190,10,1.0
C,1000,0,2000067,1,0,130,7,0.7142857142857143
C,1000,0,2000088,1,0,93,5,1.0
C,1000,0,2000089,1,0,66,4,1.0
C,1000,0,2000090,1,0,83,5,1.0
C,1000,0,2000091,1,0,164,9,1.0
C,1000,0,2000080,1,0,134,7,0.7142857142857143
C,1000,0,2000081,1,0,99,5,1.0
C,1000,0,2000082,0,0,76,4,1.0
C,1000,0,2000083,1,0,179,9,1.0
C,1000,0,2000076,1,0,94,5,1.0
C,1000,0,2000077,1,0,83,5,0.8
C,1000,0,2000078,1,0,154,8,0.875
C,1000,0,2000079,0,0,102,6,0.8333333333333334
C,1000,0,2000084,1,0,144,8,0.875
C,1000,0,2000085,1,0,254,13,0.6923076923076923
C,1000,0,2000086,1,0,112,6,0.8333333333333334
C,1000,0,2000087,1,0,78,4,1.0
C,1000,0,2000120,1,0,140,7,1.0
C,1000,0,2000121,1,0,142,8,1.0
C,1000,0,2000122,1,0,96,5,0.8
C,1000,0,2000123,1,0,84,5,0.8
C,1000,0,2000108,1,0,118,6,1.0
C,1000,0,2000109,1,0,134,7,1.0
C,1000,0,2000110,1,0,281,15,0.9333333333333333
C,1000,0,2000111,1,0,96,5,1.0
C,1000,0,2000112,1,0,112,6,1.0
C,1000,0,2000113,1,0,183,10,0.9
C,1000,0,2000114,1,0,98,5,1.0
C,1000,0,2000115,1,0,143,8,0.875
C,1000,0,2000104,1,0,163,9,0.8888888888888888
C,1000,0,2000105,1,0,113,6,0.8333333333333334
C,1000,0,2000106,1,0,88,5,0.8
C,1000,0,2000107,1,0,176,9,0.7777777777777778
C,1000,0,2000116,1,0,64,4,0.75
C,1000,0,2000117,1,0,96,5,0.8
C,1000,0,2000118,1,0,57,3,1.0
C,1000,0,2000119,1,0,153,8,1.0
C,1000,0,2000124,1,0,178,9,0.7777777777777778
C,1000,0,2000125,1,0,89,5,1.0
C,1000,0,2000126,1,0,116,6,1.0
C,1000,0,2000127,1,0,132,7,0.8571428571428571
C,1000,0,2000092,1,0,140,7,1.0
C,1000,0,2000093,1,0,126,7,0.7142857142857143
C,1000,0,2000094,0,0,201,11,1.0
C,1000,0,2000095,1,0,277,14,1.0
C,1000,0,2000100,1,0,84,5,1.0
C,1000,0,2000101,1,0,162,9,0.7777777777777778
C,1000,0,2000102,1,0,91,5,1.0
C,1000,0,2000103,1,0,87,5,1.0
C,1000,0,2000140,1,0,51,3,0.6666666666666666
C,1000,0,2000141,1,0,85,5,1.0
C,1000,0,2000142,1,0,63,4,1.0
C,1000,0,2000143,1,0,85,5,1.0
C,1000,0,2000144,1,0,125,7,0.8571428571428571
C,1000,0,2000145,1,0,70,4,1.0
C,1000,0,2000146,1,0,126,7,1.0
C,1000,0,2000147,1,0,162,9,0.8888888888888888
C,1000,0,2000136,1,0,105,6,0.5
C,1000,0,2000137,1,0,83,5,1.0
C,1000,0,2000138,1,0,86,5,1.0
C,1000,0,2000139,1,0,130,7,0.8571428571428571
C,1000,0,2000096,1,0,100,5,1.0
C,1000,0,2000097,1,0,64,4,1.0
C,1000,0,2000098,1,0,127,7,1.0
C,1000,0,2000099,0,1,600,30,1.0
C,1000,0,2000148,1,0,87,5,1.0
C,1000,0,2000149,1,0,68,4,1.0
C,1000,0,2000150,0,1,108,6,0.6666666666666666
C,1000,0,2000151,1,0,170,9,1.0
C,1000,0,2000128,1,0,86,5,0.8
C,1000,0,2000129,1,0,108,6,1.0
C,1000,0,2000130,0,1,600,30,0.5
C,1000,0,2000131,1,0,264,14,0.9285714285714286
C,1000,0,2000132,0,0,186,10,0.9
C,1000,0,2000133,0,1,600,30,0.7666666666666667
C,1000,0,2000134,1,0,94,5,1.0
C,1000,0,2000135,1,0,86,5,0.8
C,1000,0,2000160,1,0,118,6,0.6666666666666666
C,1000,0,2000161,1,0,135,7,0.8571428571428571
C,1000,0,2000162,1,0,133,7,1.0
C,1000,0,2000163,1,0,161,9,0.7777777777777778
C,1000,0,2000156,1,0,103,6,0.8333333333333334
C,1000,0,2000157,1,0,136,7,1.0
C,1000,0,2000158,1,0,134,7,1.0
C,1000,0,2000159,1,0,70,4,1.0
C,1000,0,2000164,1,0,85,5,0.8
C,1000,0,2000165,1,0,136,7,0.8571428571428571
C,1000,0,2000166,1,0,77,4,0.75
C,1000,0,2000167,1,0,122,7,1.0
C,1000,0,2000152,1,0,81,5,1.0
C,1000,0,2000153,1,0,145,8,0.875
C,1000,0,2000154,1,0,188,10,0.9
C,1000,0,2000155,1,0,82,5,1.0
C,1000,0,2000184,1,0,134,7,1.0
C,1000,0,2000185,1,0,188,10,0.9
C,1000,0,2000186,1,0,110,6,1.0
C,1000,0,2000187,1,0,86,5,0.8
C,1000,0,2000172,1,0,134,7,0.8571428571428571
C,1000,0,2000173,1,0,148,8,0.75
C,1000,0,2000174,1,0,141,8,1.0
C,1000,0,2000175,1,0,62,4,1.0
C,1000,0,2000168,1,0,202,11,0.7272727272727273
C,1000,0,2000169,1,0,91,5,0.8
C,1000,0,2000170,0,0,126,7,1.0
C,1000,0,2000171,1,0,142,8,0.875
C,1000,0,2000180,1,0,186,10,0.5
C,1000,0,2000181,0,0,251,13,1.0
C,1000,0,2000182,1,0,97,5,0.8
C,1000,0,2000183,1,0,106,6,1.0
C,1000,0,2000192,1,0,117,6,1.0
C,1000,0,2000193,1,0,143,8,1.0
C,1000,0,2000194,1,0,65,4,1.0
C,1000,0,2000195,1,0,100,5,1.0
C,1000,0,2000176,1,0,169,9,0.8888888888888888
C,1000,0,2000177,1,0,336,17,1.0
C,1000,0,2000178,1,0,208,11,0.6363636363636364
C,1000,0,2000179,1,0,113,6,0.8333333333333334
C,1000,0,2000188,1,0,105,6,1.0
C,1000,0,2000189,1,0,149,8,1.0
C,1000,0,2000190,1,0,126,7,1.0
C,1000,0,2000191,1,0,93,5,1.0
C,1000,0,2000212,0,0,76,4,1.0
C,1000,0,2000213,1,0,141,8,1.0
C,1000,0,2000214,0,0,126,7,1.0
C,1000,0,2000215,1,0,81,5,1.0
C,1000,0,2000200,1,0,116,6,1.0
C,1000,0,2000201,1,0,239,12,0.6666666666666666
C,1000,0,2000202,1,0,94,5,0.6
C,1000,0,2000203,1,0,91,5,0.8
C,1000,0,2000216,1,0,80,4,1.0
C,1000,0,2000217,1,0,61,4,1.0
C,1000,0,2000218,1,0,84,5,0.8
C,1000,0,2000219,1,0,265,14,0.8571428571428571
C,1000,0,2000208,1,0,138,7,1.0
C,1000,0,2000209,1,0,119,6,0.6666666666666666
C,1000,0,2000210,1,0,127,7,0.5714285714285714
C,1000,0,2000211,1,0,87,5,0.8
C,1000,0,2000232,1,0,51,3,1.0
C,1000,0,2000233,1,0,81,5,1.0
C,1000,0,2000234,1,0,81,5,1.0
C,1000,0,2000235,1,0,108,6,1.0
C,1000,0,2000196,1,0,138,7,0.8571428571428571
C,1000,0,2000197,1,0,241,13,0.9230769230769231
C,1000,0,2000198,1,0,147,8,0.875
C,1000,0,2000199,1,0,118,6,1.0
C,1000,0,2000224,1,0,176,9,0.6666666666666666
C,1000,0,2000225,1,0,162,9,0.7777777777777778
C,1000,0,2000226,1,0,68,4,0.75
C,1000,0,2000227,1,0,101,6,0.8333333333333334
C,1000,0,2000204,1,0,337,17,0.8823529411764706
C,1000,0,2000205,1,0,86,5,1.0
C,1000,0,2000206,1,0,67,4,1.0
C,1000,0,2000207,1,0,215,11,0.9090909090909091
C,1000,0,2000228,1,0,127,7,1.0
C,1000,0,2000229,1,0,147,8,0.875
C,1000,0,2000230,0,0,106,6,0.8333333333333334
C,1000,0,2000231,1,0,101,6,1.0
C,1000,0,2000220,1,0,116,6,1.0
C,1000,0,2000221,1,0,165,9,1.0
C,1000,0,2000222,0,0,228,12,0.75
C,1000,0,2000223,1,0,138,7,0.8571428571428571
C,1000,0,2000236,0,0,125,7,1.0
C,1000,0,2000237,1,0,92,5,1.0
C,1000,0,2000238,1,0,121,7,1.0
C,1000,0,2000239,1,0,133,7,0.8571428571428571
C,1000,0,2000244,1,0,108,6,0.8333333333333334
C,1000,0,2000245,1,0,94,5,1.0
C,1000,0,2000246,1,0,92,5,1.0
C,1000,0,2000247,1,0,187,10,1.0
C,1000,0,2000260,1,0,70,4,1.0
C,1000,0,2000261,1,0,187,10,0.9
C,1000,0,2000262,1,0,127,7,1.0
C,1000,0,2000263,1,0,115,6,0.8333333333333334
C,1000,0,2000240,1,0,100,5,1.0
C,1000,0,2000241,1,0,87,5,1.0
C,1000,0,2000242,1,0,76,4,0.75
C,1000,0,2000243,1,0,89,5,0.8
C,1000,0,2000264,1,0,75,4,1.0
C,1000,0,2000265,1,0,231,12,0.9166666666666666
C,1000,0,2000266,0,0,176,9,1.0
C,1000,0,2000267,1,0,86,5,1.0
C,1000,0,2000256,1,0,85,5,1.0
C,1000,0,2000257,1,0,172,9,1.0
C,1000,0,2000258,1,0,91,5,1.0
C,1000,0,2000259,0,0,294,15,0.8666666666666667
C,1000,0,2000276,1,0,133,7,1.0
C,1000,0,2000277,1,0,212,11,0.9090909090909091
C,1000,0,2000278,1,0,133,7,1.0
C,1000,0,2000279,1,0,179,9,1.0
C,1000,0,2000268,0,0,154,8,0.75
C,1000,0,2000269,1,0,96,5,0.8
C,1000,0,2000270,0,0,101,6,1.0
C,1000,0,2000271,1,0,206,11,0.8181818181818182
C,1000,0,2000272,1,0,103,6,1.0
C,1000,0,2000273,1,0,138,7,1.0
C,1000,0,2000274,0,0,235,12,0.8333333333333334
C,1000,0,2000275,1,0,126,7,0.8571428571428571
C,1000,0,2000288,0,0,90,5,1.0
C,1000,0,2000289,1,0,138,7,0.8571428571428571
C,1000,0,2000290,1,0,122,7,1.0
C,1000,0,2000291,1,0,70,4,1.0
C,1000,0,2000284,1,0,186,10,0.9
C,1000,0,2000285,1,0,99,5,0.6
C,1000,0,2000286,1,0,72,4,1.0
C,1000,0,2000287,1,0,154,8,1.0
C,1000,0,2000248,1,0,312,16,0.75
C,1000,0,2000249,1,0,135,7,0.8571428571428571
C,1000,0,2000250,1,0,101,6,1.0
C,1000,0,2000251,1,0,219,11,0.9090909090909091
C,1000,0,2000252,0,0,51,3,1.0
C,1000,0,2000253,1,0,388,20,0.65
C,1000,0,2000254,1,0,69,4,1.0
C,1000,0,2000255,0,1,600,30,1.0
C,1000,0,2000304,1,0,94,5,0.8
C,1000,0,2000305,0,0,78,4,1.0
C,1000,0,2000306,1,0,88,5,1.0
C,1000,0,2000307,1,0,90,5,1.0
C,1000,0,2000300,1,0,124,7,1.0
C,1000,0,2000301,1,0,143,8,1.0
C,1000,0,2000302,0,0,147,8,1.0
C,1000,0,2000303,1,0,155,8,1.0
C,1000,0,2000280,1,0,159,8,0.875
C,1000,0,2000281,1,0,85,5,1.0
C,1000,0,2000282,1,0,180,9,0.6666666666666666
C,1000,0,2000283,1,0,193,10,0.8
C,1000,0,2000296,1,0,78,4,0.5
C,1000,0,2000297,1,0,172,9,1.0
C,1000,0,2000298,1,0,180,9,1.0
C,1000,0,2000299,1,0,110,6,1.0
C,1000,0,2000308,1,0,134,7,1.0
C,1000,0,2000309,1,0,110,6,0.8333333333333334
C,1000,0,2000310,1,0,137,7,0.8571428571428571
C,1000,0,2000311,1,0,150,8,1.0
C,1000,0,2000292,0,1,600,30,0.7
C,1000,0,2000293,1,0,229,12,0.8333333333333334
C,1000,0,2000294,1,0,93,5,1.0
C,1000,0,2000295,1,0,142,8,0.875
C,1000,0,2000328,1,0,78,4,1.0
C,1000,0,2000329,1,0,86,5,1.0
C,1000,0,2000330,1,0,72,4,1.0
C,1000,0,2000331,1,0,99,5,1.0
C,1000,0,2000312,1,0,113,6,1.0
C,1000,0,2000313,1,0,103,6,0.8333333333333334
C,1000,0,2000314,1,0,214,11,0.7272727272727273
C,1000,0,2000315,1,0,139,7,0.8571428571428571
C,1000,0,2000324,1,0,95,5,1.0
C,1000,0,2000325,1,0,206,11,0.8181818181818182
C,1000,0,2000326,1,0,160,8,1.0
C,1000,0,2000327,1,0,112,6,1.0
C,1000,0,2000332,1,0,133,7,0.8571428571428571
C,1000,0,2000333,1,0,134,7,0.8571428571428571
C,1000,0,2000334,1,0,106,6,0.8333333333333334
C,1000,0,2000335,1,0,86,5,1.0
C,1000,0,2000340,1,0,86,5,0.8
C,1000,0,2000341,1,0,96,5,0.8
C,1000,0,2000342,1,0,135,7,1.0
C,1000,0,2000343,1,0,67,4,1.0
C,1000,0,2000316,1,0,109,6,1.0
C,1000,0,2000317,1,0,206,11,0.9090909090909091
C,1000,0,2000318,1,0,120,6,0.5
C,1000,0,2000319,1,0,87,5,1.0
C,1000,0,2000336,1,0,81,5,1.0
C,1000,0,2000337,1,0,172,9,1.0
C,1000,0,2000338,1,0,128,7,1.0
C,1000,0,2000339,1,0,229,12,0.8333333333333334
C,1000,0,2000320,1,0,212,11,0.8181818181818182
C,1000,0,2000321,1,0,162,9,0.8888888888888888
C,1000,0,2000322,0,0,101,6,0.8333333333333334
C,1000,0,2000323,1,0,82,5,1.0
C,1000,0,2000360,0,0,172,9,1.0
C,1000,0,2000361,1,0,85,5,0.8
C,1000,0,2000362,1,0,123,7,1.0
C,1000,0,2000363,0,0,76,4,0.75
C,1000,0,2000348,0,0,103,6,1.0
C,1000,0,2000349,1,0,126,7,0.7142857142857143
C,1000,0,2000350,1,0,129,7,1.0
C,1000,0,2000351,1,0,119,6,0.8333333333333334
C,1000,0,2000352,1,0,145,8,1.0
C,1000,0,2000353,1,0,82,5,1.0
C,1000,0,2000354,1,0,244,13,0.6923076923076923
C,1000,0,2000355,1,0,136,7,0.8571428571428571
C,1000,0,2000356,1,0,72,4,1.0
C,1000,0,2000357,0,0,78,4,0.75
C,1000,0,2000358,1,0,137,7,0.8571428571428571
C,1000,0,2000359,0,0,105,6,1.0
C,1000,0,2000376,1,0,84,5,1.0
C,1000,0,2000377,1,0,136,7,1.0
C,1000,0,2000378,1,0,134,7,0.8571428571428571
C,1000,0,2000379,1,0,85,5,0.8
C,1000,0,2000368,1,0,86,5,0.6
C,1000,0,2000369,1,0,95,5,0.8
C,1000,0,2000370,0,0,152,8,0.875
C,1000,0,2000371,1,0,84,5,1.0
C,1000,0,2000344,1,0,282,15,0.8
C,1000,0,2000345,1,0,84,5,1.0
C,1000,0,2000346,1,0,202,11,0.8181818181818182
C,1000,0,2000347,1,0,91,5,1.0
C,1000,0,2000372,1,0,113,6,1.0
C,1000,0,2000373,1,0,200,10,0.7
C,1000,0,2000374,1,0,130,7,0.5714285714285714
C,1000,0,2000375,1,0,107,6,1.0
C,1000,0,2000384,1,0,140,7,1.0
C,1000,0,2000385,1,0,107,6,1.0
C,1000,0,2000386,1,0,305,16,0.875
C,1000,0,2000387,1,0,121,7,1.0
C,1000,0,2000388,1,0,166,9,0.7777777777777778
C,1000,0,2000389,1,0,166,9,1.0
C,1000,0,2000390,1,0,155,8,0.875
C,1000,0,2000391,1,0,99,5,0.6
C,1000,0,2000380,0,0,184,10,0.8
C,1000,0,2000381,1,0,108,6,1.0
C,1000,0,2000382,1,0,199,10,0.9
C,1000,0,2000383,1,0,89,5,1.0
C,1000,0,2000364,1,0,137,7,0.8571428571428571
C,1000,0,2000365,1,0,158,8,0.625
C,1000,0,2000366,1,0,88,5,0.8
C,1000,0,2000367,1,0,221,12,1.0
C,1000,0,2000404,1,0,142,8,1.0
C,1000,0,2000405,1,0,110,6,0.8333333333333334
C,1000,0,2000406,1,0,154,8,1.0
C,1000,0,2000407,1,0,94,5,0.8
C,1000,0,2000392,1,0,148,8,1.0
C,1000,0,2000393,0,1,600,30,0.6666666666666666
C,1000,0,2000394,1,0,102,6,1.0
C,1000,0,2000395,1,0,70,4,0.75
C,1000,0,2000412,1,0,99,5,0.8
C,1000,0,2000413,1,0,195,10,0.8
C,1000,0,2000414,1,0,65,4,1.0
C,1000,0,2000415,1,0,132,7,1.0
C,1000,0,2000408,1,0,185,10,1.0
C,1000,0,2000409,1,0,151,8,0.625
C,1000,0,2000410,1,0,81,5,1.0
C,1000,0,2000411,1,0,194,10,0.9
C,1000,0,2000400,0,0,313,16,1.0
C,1000,0,2000401,1,0,132,7,1.0
C,1000,0,2000402,1,0,131,7,1.0
C,1000,0,2000403,1,0,76,4,0.75
C,1000,0,2000396,1,0,75,4,1.0
C,1000,0,2000397,1,0,117,6,1.0
C,1000,0,2000398,0,1,600,30,0.6666666666666666
C,1000,0,2000399,1,0,122,7,0.8571428571428571
C,1000,0,2000420,1,0,149,8,0.875
C,1000,0,2000421,1,0,128,7,0.7142857142857143
C,1000,0,2000422,0,0,186,10,1.0
C,1000,0,2000423,1,0,105,6,1.0
C,1000,0,2000424,1,0,130,7,0.8571428571428571
C,1000,0,2000425,0,0,79,4,1.0
C,1000,0,2000426,1,0,99,5,1.0
C,1000,0,2000427,1,0,74,4,1.0
C,1000,0,2000416,1,0,140,7,1.0
C,1000,0,2000417,1,0,128,7,1.0
C,1000,0,2000418,1,0,69,4,0.75
C,1000,0,2000419,1,0,114,6,1.0
C,1000,0,2000432,1,0,183,10,0.7
C,1000,0,2000433,1,0,150,8,0.875
C,1000,0,2000434,1,0,82,5,1.0
C,1000,0,2000435,1,0,118,6,1.0
C,1000,0,2000436,1,0,74,4,1.0
C,1000,0,2000437,1,0,110,6,1.0
C,1000,0,2000438,1,0,91,5,1.0
C,1000,0,2000439,0,0,227,12,0.5833333333333334
C,1000,0,2000448,1,0,58,3,1.0
C,1000,0,2000449,1,0,61,4,1.0
C,1000,0,2000450,1,0,87,5,1.0
C,1000,0,2000451,1,0,65,4,1.0
C,1000,0,2000428,1,0,86,5,0.8
C,1000,0,2000429,0,0,78,4,1.0
C,1000,0,2000430,1,0,94,5,0.8
C,1000,0,2000431,0,1,600,30,0.6
C,1000,0,2000440,1,0,247,13,0.9230769230769231
C,1000,0,2000441,1,0,100,5,0.8
C,1000,0,2000442,1,0,82,5,1.0
C,1000,0,2000443,1,0,237,12,0.8333333333333334
C,1000,0,2000444,1,0,80,4,1.0
C,1000,0,2000445,1,0,122,7,0.8571428571428571
C,1000,0,2000446,1,0,138,7,0.8571428571428571
C,1000,0,2000447,1,0,134,7,0.8571428571428571
C,1000,0,2000472,0,0,254,13,1.0
C,1000,0,2000473,1,0,92,5,0.8
C,1000,0,2000474,1,0,123,7,0.8571428571428571
C,1000,0,2000475,1,0,135,7,0.7142857142857143
C,1000,0,2000468,1,0,87,5,1.0
C,1000,0,2000469,1,0,155,8,1.0
C,1000,0,2000470,0,0,119,6,0.6666666666666666
C,1000,0,2000471,1,0,105,6,1.0
C,1000,0,2000460,1,0,77,4,1.0
C,1000,0,2000461,1,0,137,7,1.0
C,1000,0,2000462,1,0,76,4,1.0
C,1000,0,2000463,1,0,147,8,1.0
C,1000,0,2000464,1,0,251,13,0.9230769230769231
C,1000,0,2000465,1,0,129,7,1.0
C,1000,0,2000466,1,0,135,7,0.8571428571428571
C,1000,0,2000467,1,0,94,5,0.8
C,1000,0,2000452,1,0,551,28,0.5
C,1000,0,2000453,1,0,74,4,1.0
C,1000,0,2000454,1,0,87,5,1.0
C,1000,0,2000455,1,0,70,4,1.0
C,1000,0,2000476,0,0,196,10,1.0
C,1000,0,2000477,1,0,161,9,0.8888888888888888
C,1000,0,2000478,1,0,91,5,1.0
C,1000,0,2000479,1,0,159,8,0.875
C,1000,0,2000456,0,1,137,7,0.8571428571428571
C,1000,0,2000457,1,0,134,7,0.8571428571428571
C,1000,0,2000458,1,0,86,5,0.8
C,1000,0,2000459,1,0,123,7,1.0
C,1000,0,2000488,1,0,87,5,1.0
C,1000,0,2000489,0,0,224,12,0.9166666666666666
C,1000,0,2000490,1,0,128,7,1.0
C,1000,0,2000491,1,0,150,8,0.625
C,1000,0,2000484,1,0,201,11,0.45454545454545453
C,1000,0,2000485,1,0,132,7,0.8571428571428571
C,1000,0,2000486,1,0,262,14,0.7142857142857143
C,1000,0,2000487,1,0,89,5,0.8
C,1000,0,2000496,1,0,189,10,1.0
C,1000,0,2000497,1,0,134,7,0.8571428571428571
C,1000,0,2000498,1,0,189,10,0.8
C,1000,0,2000499,1,0,69,4,1.0
C,1000,0,2000492,1,0,85,5,0.8
C,1000,0,2000493,1,0,264,14,0.9285714285714286
C,1000,0,2000494,1,0,166,9,1.0
C,1000,0,2000495,0,0,175,9,1.0
C,1000,0,2000480,1,0,85,5,0.8
C,1000,0,2000481,1,0,114,6,1.0
C,1000,0,2000482,1,0,403,21,1.0
C,1000,0,2000483,1,0,129,7,1.0
C,2000,0,3000020,1,0,94,3,1.0
C,2000,0,3000021,1,0,84,3,1.0
C,2000,0,3000022,1,0,108,3,1.0
C,2000,0,3000023,1,0,123,4,1.0
C,2000,0,3000000,1,0,96,3,1.0
C,2000,0,3000001,1,0,153,4,1.0
C,2000,0,3000002,1,0,60,2,1.0
C,2000,0,3000003,1,0,88,3,1.0
C,2000,0,3000004,1,0,137,4,0.75
C,2000,0,3000005,0,0,52,2,1.0
C,2000,0,3000006,1,0,147,4,1.0
C,2000,0,3000007,1,0,109,3,1.0
C,2000,0,3000028,1,0,88,3,1.0
C,2000,0,3000029,1,0,88,3,1.0
C,2000,0,3000030,1,0,126,4,1.0
C,2000,0,3000031,1,0,105,3,1.0
C,2000,0,3000024,1,0,157,4,1.0
C,2000,0,3000025,1,0,79,2,1.0
C,2000,0,3000026,0,0,208,6,1.0
C,2000,0,3000027,1,0,129,4,1.0
C,2000,0,3000016,1,0,131,4,0.75
C,2000,0,3000017,1,0,72,2,1.0
C,2000,0,3000018,0,0,126,4,1.0
C,2000,0,3000019,0,0,91,3,1.0
C,2000,0,3000012,1,0,153,4,1.0
C,2000,0,3000013,0,0,51,2,1.0
C,2000,0,3000014,1,0,180,5,1.0
C,2000,0,3000015,1,0,109,3,1.0
C,2000,0,3000044,1,0,86,3,1.0
C,2000,0,3000045,1,0,73,2,1.0
C,2000,0,3000046,1,0,169,5,0.8
C,2000,0,3000047,1,0,72,2,1.0
C,2000,0,3000036,1,0,105,3,1.0
C,2000,0,3000037,1,0,97,3,1.0
C,2000,0,3000038,1,0,93,3,1.0
C,2000,0,3000039,1,0,165,5,1.0
C,2000,0,3000040,1,0,67,2,1.0
C,2000,0,3000041,1,0,153,4,0.75
C,2000,0,3000042,1,0,94,3,1.0
C,2000,0,3000043,1,0,70,2,1.0
C,2000,0,3000032,1,0,133,4,1.0
C,2000,0,3000033,1,0,115,3,1.0
C,2000,0,3000034,0,0,191,5,0.8
C,2000,0,3000035,1,0,193,5,1.0
C,2000,0,3000048,0,0,126,4,1.0
C,2000,0,3000049,0,0,76,2,1.0
C,2000,0,3000050,1,0,84,3,1.0
C,2000,0,3000051,1,0,176,5,1.0
C,2000,0,3000052,1,0,129,4,1.0
C,2000,0,3000053,1,0,157,4,0.75
C,2000,0,3000054,1,0,121,4,1.0
C,2000,0,3000055,0,0,76,2,0.5
C,2000,0,3000060,1,0,70,2,1.0
C,2000,0,3000061,1,0,83,3,1.0
C,2000,0,3000062,1,0,140,4,0.75
C,2000,0,3000063,1,0,133,4,1.0
C,2000,0,3000008,1,0,62,2,1.0
C,2000,0,3000009,0,1,600,15,0.8666666666666667
C,2000,0,3000010,1,0,74,2,1.0
C,2000,0,3000011,1,0,209,6,0.5
C,2000,0,3000064,1,0,166,5,1.0
C,2000,0,3000065,1,0,126,4,1.0
C,2000,0,3000066,1,0,87,3,1.0
C,2000,0,3000067,1,0,88,3,1.0
C,2000,0,3000072,1,0,129,4,1.0
C,2000,0,3000073,1,0,177,5,1.0
C,2000,0,3000074,1,0,94,3,0.6666666666666666
C,2000,0,3000075,1,0,83,3,1.0
C,2000,0,3000080,1,0,59,2,1.0
C,2000,0,3000081,1,0,144,4,1.0
C,2000,0,3000082,1,0,129,4,1.0
C,2000,0,3000083,1,0,80,2,1.0
C,2000,0,3000076,1,0,191,5,1.0
C,2000,0,3000077,0,0,125,4,1.0
C,2000,0,3000078,1,0,144,4,0.75
C,2000,0,3000079,1,0,131,4,1.0
C,2000,0,3000056,1,0,148,4,1.0
C,2000,0,3000057,1,0,399,10,0.8
C,2000,0,3000058,1,0,96,3,1.0
C,2000,0,3000059,1,0,98,3,0.6666666666666666
C,2000,0,3000092,1,0,81,3,1.0
C,2000,0,3000093,1,0,134,4,1.0
C,2000,0,3000094,1,0,144,4,1.0
C,2000,0,3000095,1,0,194,5,1.0
C,2000,0,3000104,1,0,108,3,1.0
C,2000,0,3000105,1,0,167,5,1.0
C,2000,0,3000106,1,0,76,2,1.0
C,2000,0,3000107,0,0,107,3,0.6666666666666666
C,2000,0,3000096,1,0,197,5,0.8
C,2000,0,3000097,1,0,142,4,1.0
C,2000,0,3000098,1,0,92,3,1.0
C,2000,0,3000099,1,0,111,3,1.0
C,2000,0,3000100,1,0,222,6,0.6666666666666666
C,2000,0,3000101,1,0,104,3,1.0
C,2000,0,3000102,0,0,76,2,1.0
C,2000,0,3000103,1,0,344,9,1.0
C,2000,0,3000116,1,0,157,4,1.0
C,2000,0,3000117,1,0,88,3,1.0
C,2000,0,3000118,1,0,65,2,1.0
C,2000,0,3000119,1,0,150,4,1.0
C,2000,0,3000088,1,0,101,3,1.0
C,2000,0,3000089,1,0,104,3,1.0
C,2000,0,3000090,1,0,130,4,0.75
C,2000,0,3000091,1,0,194,5,1.0
C,2000,0,3000084,0,1,600,15,0.8
C,2000,0,3000085,1,0,131,4,1.0
C,2000,0,3000086,1,0,242,7,1.0
C,2000,0,3000087,1,0,111,3,1.0
C,2000,0,3000068,0,0,518,13,0.7692307692307693
C,2000,0,3000069,1,0,126,4,0.75
C,2000,0,3000070,1,0,110,3,1.0
C,2000,0,3000071,1,0,195,5,0.8
C,2000,0,3000124,0,0,81,3,1.0
C,2000,0,3000125,1,0,68,2,1.0
C,2000,0,3000126,1,0,154,4,0.75
C,2000,0,3000127,1,0,451,12,0.9166666666666666
C,2000,0,3000108,1,0,71,2,1.0
C,2000,0,3000109,1,0,131,4,1.0
C,2000,0,3000110,1,0,400,10,0.7
C,2000,0,3000111,1,0,107,3,1.0
C,2000,0,3000128,1,0,364,10,0.9
C,2000,0,3000129,1,0,100,3,1.0
C,2000,0,3000130,1,0,83,3,1.0
C,2000,0,3000131,1,0,99,3,1.0
C,2000,0,3000120,0,0,217,6,1.0
C,2000,0,3000121,1,0,130,4,1.0
C,2000,0,3000122,1,0,92,3,1.0
C,2000,0,3000123,1,0,126,4,1.0
C,2000,0,3000112,1,0,350,9,0.7777777777777778
C,2000,0,3000113,1,0,271,7,0.8571428571428571
C,2000,0,3000114,1,0,164,5,1.0
C,2000,0,3000115,1,0,160,4,1.0
C,2000,0,3000144,1,0,110,3,1.0
C,2000,0,3000145,1,0,94,3,1.0
C,2000,0,3000146,1,0,115,3,1.0
C,2000,0,3000147,1,0,85,3,1.0
C,2000,0,3000160,1,0,125,4,0.75
C,2000,0,3000161,1,0,97,3,1.0
C,2000,0,3000162,1,0,72,2,1.0
C,2000,0,3000163,1,0,118,3,0.6666666666666666
C,2000,0,3000140,1,0,80,2,1.0
C,2000,0,3000141,1,0,160,4,0.75
C,2000,0,3000142,1,0,125,4,1.0
C,2000,0,3000143,1,0,226,6,1.0
C,2000,0,3000156,1,0,133,4,1.0
C,2000,0,3000157,1,0,82,3,1.0
C,2000,0,3000158,1,0,119,3,1.0
C,2000,0,3000159,1,0,102,3,1.0
C,2000,0,3000148,1,0,142,4,1.0
C,2000,0,3000149,1,0,153,4,1.0
C,2000,0,3000150,1,0,156,4,1.0
C,2000,0,3000151,1,0,129,4,1.0
C,2000,0,3000168,1,0,78,2,1.0
C,2000,0,3000169,1,0,76,2,1.0
C,2000,0,3000170,1,0,85,3,1.0
C,2000,0,3000171,1,0,51,2,1.0
C,2000,0,3000152,1,0,73,2,1.0
C,2000,0,3000153,1,0,91,3,1.0
C,2000,0,3000154,1,0,51,2,1.0
C,2000,0,3000155,0,1,600,15,1.0
C,2000,0,3000176,1,0,73,2,1.0
C,2000,0,3000177,0,0,76,2,0.5
C,2000,0,3000178,1,0,128,4,1.0
C,2000,0,3000179,0,0,98,3,1.0
C,2000,0,3000164,0,0,71,2,1.0
C,2000,0,3000165,1,0,79,2,1.0
C,2000,0,3000166,0,1,600,15,1.0
C,2000,0,3000167,1,0,100,3,1.0
C,2000,0,3000180,1,0,138,4,1.0
C,2000,0,3000181,1,0,84,3,1.0
C,2000,0,3000182,1,0,193,5,1.0
C,2000,0,3000183,1,0,92,3,1.0
C,2000,0,3000172,0,0,82,3,0.3333333333333333
C,2000,0,3000173,1,0,160,4,1.0
C,2000,0,3000174,1,0,100,3,0.6666666666666666
C,2000,0,3000175,1,0,111,3,1.0
C,2000,0,3000184,1,0,51,2,1.0
C,2000,0,3000185,1,0,148,4,0.75
C,2000,0,3000186,1,0,146,4,1.0
C,2000,0,3000187,1,0,86,3,1.0
C,2000,0,3000196,1,0,206,6,0.8333333333333334
C,2000,0,3000197,1,0,127,4,1.0
C,2000,0,3000198,1,0,187,5,1.0
C,2000,0,3000199,0,0,102,3,0.3333333333333333
C,2000,0,3000132,1,0,201,6,1.0
C,2000,0,3000133,0,1,600,15,1.0
C,2000,0,3000134,0,0,97,3,0.6666666666666666
C,2000,0,3000135,1,0,144,4,1.0
C,2000,0,3000192,1,0,190,5,1.0
C,2000,0,3000193,1,0,91,3,1.0
C,2000,0,3000194,1,0,60,2,1.0
C,2000,0,3000195,1,0,83,3,1.0
C,2000,0,3000200,1,0,62,2,1.0
C,2000,0,3000201,1,0,302,8,0.875
C,2000,0,3000202,1,0,165,5,1.0
C,2000,0,3000203,1,0,81,3,1.0
C,2000,0,3000136,0,1,600,15,1.0
C,2000,0,3000137,1,0,139,4,1.0
C,2000,0,3000138,1,0,413,11,0.8181818181818182
C,2000,0,3000139,1,0,385,10,1.0
C,2000,0,3000188,1,0,98,3,1.0
C,2000,0,3000189,1,0,88,3,1.0
C,2000,0,3000190,1,0,100,3,0.6666666666666666
C,2000,0,3000191,1,0,177,5,1.0
C,2000,0,3000212,1,0,87,3,1.0
C,2000,0,3000213,1,0,211,6,0.8333333333333334
C,2000,0,3000214,1,0,96,3,1.0
C,2000,0,3000215,1,0,107,3,0.3333333333333333
C,2000,0,3000208,0,0,225,6,0.6666666666666666
C,2000,0,3000209,1,0,83,3,1.0
C,2000,0,3000210,1,0,171,5,1.0
C,2000,0,3000211,1,0,101,3,1.0
C,2000,0,3000216,0,0,121,4,0.75
C,2000,0,3000217,1,0,158,4,0.75
C,2000,0,3000218,1,0,95,3,1.0
C,2000,0,3000219,1,0,79,2,1.0
C,2000,0,3000220,1,0,140,4,1.0
C,2000,0,3000221,1,0,218,6,0.8333333333333334
C,2000,0,3000222,1,0,66,2,1.0
C,2000,0,3000223,1,0,105,3,0.6666666666666666
C,2000,0,3000224,1,0,93,3,1.0
C,2000,0,3000225,1,0,96,3,1.0
C,2000,0,3000226,0,0,279,7,1.0
C,2000,0,3000227,0,1,151,4,1.0
C,2000,0,3000228,1,0,163,5,1.0
C,2000,0,3000229,1,0,53,2,1.0
C,2000,0,3000230,1,0,161,5,1.0
C,2000,0,3000231,1,0,96,3,1.0
C,2000,0,3000236,1,0,151,4,1.0
C,2000,0,3000237,1,0,137,4,1.0
C,2000,0,3000238,1,0,193,5,1.0
C,2000,0,3000239,1,0,109,3,0.6666666666666666
C,2000,0,3000240,1,0,87,3,1.0
C,2000,0,3000241,1,0,119,3,1.0
C,2000,0,3000242,1,0,82,3,1.0
C,2000,0,3000243,0,0,215,6,0.6666666666666666
C,2000,0,3000244,1,0,140,4,1.0
C,2000,0,3000245,0,0,152,4,1.0
C,2000,0,3000246,1,0,70,2,1.0
C,2000,0,3000247,1,0,105,3,1.0
C,2000,0,3000260,1,0,68,2,1.0
C,2000,0,3000261,1,0,64,2,1.0
C,2000,0,3000262,1,0,93,3,1.0
C,2000,0,3000263,1,0,82,3,1.0
C,2000,0,3000204,1,0,72,2,1.0
C,2000,0,3000205,1,0,142,4,1.0
C,2000,0,3000206,1,0,116,3,0.6666666666666666
C,2000,0,3000207,1,0,246,7,0.8571428571428571
C,2000,0,3000264,0,0,104,3,1.0
C,2000,0,3000265,1,0,77,2,1.0
C,2000,0,3000266,1,0,75,2,1.0
C,2000,0,3000267,1,0,85,3,1.0
C,2000,0,3000252,1,0,85,3,1.0
C,2000,0,3000253,0,0,105,3,1.0
C,2000,0,3000254,1,0,246,7,0.7142857142857143
C,2000,0,3000255,1,0,118,3,1.0
C,2000,0,3000256,1,0,84,3,1.0
C,2000,0,3000257,1,0,136,4,1.0
C,2000,0,3000258,1,0,194,5,1.0
C,2000,0,3000259,1,0,176,5,0.8
C,2000,0,3000232,1,0,178,5,1.0
C,2000,0,3000233,0,0,126,4,1.0
C,2000,0,3000234,1,0,174,5,1.0
C,2000,0,3000235,0,1,600,15,0.9333333333333333
C,2000,0,3000268,1,0,128,4,1.0
C,2000,0,3000269,1,0,88,3,1.0
C,2000,0,3000270,1,0,92,3,1.0
C,2000,0,3000271,1,0,284,8,1.0
C,2000,0,3000272,0,0,51,2,1.0
C,2000,0,3000273,0,0,76,2,1.0
C,2000,0,3000274,1,0,82,3,1.0
C,2000,0,3000275,1,0,238,6,0.6666666666666666
C,2000,0,3000284,1,0,90,3,1.0
C,2000,0,3000285,1,0,126,4,1.0
C,2000,0,3000286,1,0,105,3,1.0
C,2000,0,3000287,1,0,70,2,1.0
C,2000,0,3000280,1,0,161,5,0.4
C,2000,0,3000281,1,0,110,3,1.0
C,2000,0,3000282,1,0,88,3,1.0
C,2000,0,3000283,1,0,61,2,1.0
C,2000,0,3000288,0,0,203,6,1.0
C,2000,0,3000289,1,0,127,4,1.0
C,2000,0,3000290,1,0,103,3,1.0
C,2000,0,3000291,1,0,116,3,1.0
C,2000,0,3000276,0,0,274,7,1.0
C,2000,0,3000277,1,0,203,6,1.0
C,2000,0,3000278,1,0,63,2,1.0
C,2000,0,3000279,0,0,51,2,1.0
C,2000,0,3000296,1,0,77,2,1.0
C,2000,0,3000297,1,0,115,3,1.0
C,2000,0,3000298,1,0,87,3,1.0
C,2000,0,3000299,1,0,147,4,1.0
C,2000,0,3000248,0,1,600,15,0.8
C,2000,0,3000249,1,0,93,3,1.0
C,2000,0,3000250,0,0,251,7,1.0
C,2000,0,3000251,1,0,116,3,1.0
C,2000,0,3000300,1,0,68,2,1.0
C,2000,0,3000301,1,0,97,3,1.0
C,2000,0,3000302,1,0,89,3,1.0
C,2000,0,3000303,1,0,121,4,1.0
C,2000,0,3000308,1,0,95,3,1.0
C,2000,0,3000309,1,0,205,6,0.8333333333333334
C,2000,0,3000310,1,0,98,3,1.0
C,2000,0,3000311,1,0,150,4,0.75
C,2000,0,3000292,1,0,146,4,1.0
C,2000,0,3000293,1,0,89,3,1.0
C,2000,0,3000294,1,0,108,3,1.0
C,2000,0,3000295,1,0,131,4,1.0
C,2000,0,3000312,1,0,78,2,1.0
C,2000,0,3000313,0,1,600,15,0.9333333333333333
C,2000,0,3000314,1,0,124,4,1.0
C,2000,0,3000315,1,0,80,2,1.0
C,2000,0,3000332,0,0,58,2,1.0
C,2000,0,3000333,1,0,92,3,1.0
C,2000,0,3000334,1,0,113,3,1.0
C,2000,0,3000335,1,0,143,4,1.0
C,2000,0,3000320,1,0,90,3,1.0
C,2000,0,3000321,1,0,89,3,1.0
C,2000,0,3000322,1,0,87,3,1.0
C,2000,0,3000323,1,0,99,3,0.6666666666666666
C,2000,0,3000304,0,0,101,3,1.0
C,2000,0,3000305,1,0,121,4,1.0
C,2000,0,3000306,0,0,302,8,1.0
C,2000,0,3000307,1,0,104,3,0.6666666666666666
C,2000,0,3000316,1,0,87,3,1.0
C,2000,0,3000317,1,0,132,4,1.0
C,2000,0,3000318,0,1,600,15,0.6666666666666666
C,2000,0,3000319,1,0,198,5,1.0
C,2000,0,3000324,1,0,81,3,1.0
C,2000,0,3000325,1,0,159,4,1.0
C,2000,0,3000326,1,0,205,6,1.0
C,2000,0,3000327,1,0,119,3,1.0
C,2000,0,3000328,0,0,101,3,1.0
C,2000,0,3000329,1,0,121,4,1.0
C,2000,0,3000330,1,0,172,5,1.0
C,2000,0,3000331,1,0,92,3,1.0
C,2000,0,3000340,1,0,55,2,1.0
C,2000,0,3000341,1,0,112,3,1.0
C,2000,0,3000342,1,0,71,2,1.0
C,2000,0,3000343,0,0,279,7,0.8571428571428571
C,2000,0,3000344,1,0,130,4,1.0
C,2000,0,3000345,1,0,163,5,0.8
C,2000,0,3000346,1,0,65,2,1.0
C,2000,0,3000347,1,0,143,4,0.75
C,2000,0,3000352,1,0,180,5,1.0
C,2000,0,3000353,1,0,88,3,1.0
C,2000,0,3000354,1,0,81,3,1.0
C,2000,0,3000355,1,0,73,2,1.0
C,2000,0,3000336,1,0,146,4,0.75
C,2000,0,3000337,1,0,149,4,1.0
C,2000,0,3000338,1,0,113,3,1.0
C,2000,0,3000339,1,0,106,3,1.0
C,2000,0,3000360,1,0,137,4,1.0
C,2000,0,3000361,1,0,97,3,1.0
C,2000,0,3000362,1,0,143,4,1.0
C,2000,0,3000363,1,0,133,4,1.0
C,2000,0,3000348,1,0,101,3,1.0
C,2000,0,3000349,1,0,94,3,1.0
C,2000,0,3000350,0,0,84,3,1.0
C,2000,0,3000351,1,0,76,2,1.0
C,2000,0,3000368,1,0,67,2,1.0
C,2000,0,3000369,0,0,202,6,0.8333333333333334
C,2000,0,3000370,0,0,102,3,0.6666666666666666
C,2000,0,3000371,1,0,130,4,0.75
C,2000,0,3000384,1,0,88,3,1.0
C,2000,0,3000385,1,0,84,3,1.0
C,2000,0,3000386,1,0,186,5,1.0
C,2000,0,3000387,1,0,83,3,1.0
C,2000,0,3000376,1,0,164,5,1.0
C,2000,0,3000377,1,0,68,2,1.0
C,2000,0,3000378,1,0,186,5,0.6
C,2000,0,3000379,0,0,132,4,0.75
C,2000,0,3000372,1,0,137,4,1.0
C,2000,0,3000373,1,0,125,4,1.0
C,2000,0,3000374,1,0,67,2,1.0
C,2000,0,3000375,1,0,104,3,1.0
C,2000,0,3000356,1,0,106,3,1.0
C,2000,0,3000357,1,0,147,4,0.75
C,2000,0,3000358,1,0,148,4,1.0
C,2000,0,3000359,1,0,100,3,0.6666666666666666
C,2000,0,3000364,1,0,148,4,1.0
C,2000,0,3000365,1,0,160,4,1.0
C,2000,0,3000366,1,0,238,6,0.8333333333333334
C,2000,0,3000367,1,0,122,4,1.0
C,2000,0,3000380,1,0,88,3,1.0
C,2000,0,3000381,1,0,156,4,0.75
C,2000,0,3000382,1,0,119,3,1.0
C,2000,0,3000383,1,0,172,5,0.8
C,2000,0,3000396,1,0,86,3,1.0
C,2000,0,3000397,0,0,105,3,1.0
C,2000,0,3000398,1,0,65,2,1.0
C,2000,0,3000399,1,0,90,3,1.0
C,2000,0,3000400,1,0,71,2,1.0
C,2000,0,3000401,1,0,88,3,1.0
C,2000,0,3000402,1,0,83,3,1.0
C,2000,0,3000403,1,0,163,5,1.0
C,2000,0,3000420,1,0,80,2,1.0
C,2000,0,3000421,1,0,56,2,1.0
C,2000,0,3000422,1,0,81,3,1.0
C,2000,0,3000423,1,0,92,3,1.0
C,2000,0,3000404,1,0,199,5,1.0
C,2000,0,3000405,1,0,70,2,1.0
C,2000,0,3000406,1,0,115,3,1.0
C,2000,0,3000407,1,0,86,3,1.0
C,2000,0,3000412,1,0,91,3,1.0
C,2000,0,3000413,1,0,115,3,1.0
C,2000,0,3000414,1,0,114,3,1.0
C,2000,0,3000415,0,0,65,2,1.0
C,2000,0,3000388,1,0,163,5,1.0
C,2000,0,3000389,1,0,74,2,1.0
C,2000,0,3000390,1,0,146,4,0.75
C,2000,0,3000391,1,0,91,3,1.0
C,2000,0,3000416,1,0,195,5,0.8
C,2000,0,3000417,0,0,154,4,1.0
C,2000,0,3000418,1,0,82,3,1.0
C,2000,0,3000419,1,0,107,3,1.0
C,2000,0,3000444,1,0,84,3,1.0
C,2000,0,3000445,1,0,74,2,1.0
C,2000,0,3000446,0,0,51,2,1.0
C,2000,0,3000447,1,0,108,3,1.0
C,2000,0,3000424,1,0,106,3,1.0
C,2000,0,3000425,1,0,90,3,1.0
C,2000,0,3000426,1,0,143,4,0.75
C,2000,0,3000427,1,0,163,5,0.8
C,2000,0,3000408,1,0,100,3,1.0
C,2000,0,3000409,1,0,161,5,1.0
C,2000,0,3000410,0,0,403,11,0.9090909090909091
C,2000,0,3000411,1,0,121,4,0.75
C,2000,0,3000436,1,0,63,2,1.0
C,2000,0,3000437,1,0,130,4,1.0
C,2000,0,3000438,1,0,94,3,1.0
C,2000,0,3000439,1,0,158,4,0.75
C,2000,0,3000392,1,0,125,4,1.0
C,2000,0,3000393,1,0,79,2,1.0
C,2000,0,3000394,1,0,507,13,0.6923076923076923
C,2000,0,3000395,1,0,70,2,1.0
C,2000,0,3000432,1,0,70,2,1.0
C,2000,0,3000433,1,0,133,4,1.0
C,2000,0,3000434,1,0,125,4,0.75
C,2000,0,3000435,1,0,134,4,1.0
C,2000,0,3000428,1,0,91,3,1.0
C,2000,0,3000429,1,0,146,4,0.75
C,2000,0,3000430,1,0,131,4,0.75
C,2000,0,3000431,0,1,600,15,0.9333333333333333
C,2000,0,3000448,1,0,299,8,0.875
C,2000,0,3000449,1,0,132,4,1.0
C,2000,0,3000450,1,0,283,8,0.75
C,2000,0,3000451,1,0,135,4,1.0
C,2000,0,3000460,1,0,122,4,1.0
C,2000,0,3000461,1,0,147,4,1.0
C,2000,0,3000462,1,0,105,3,1.0
C,2000,0,3000463,1,0,70,2,1.0
C,2000,0,3000456,1,0,136,4,1.0
C,2000,0,3000457,0,0,226,6,0.6666666666666666
C,2000,0,3000458,1,0,161,5,1.0
C,2000,0,3000459,1,0,80,2,1.0
C,2000,0,3000468,1,0,172,5,1.0
C,2000,0,3000469,1,0,84,3,1.0
C,2000,0,3000470,1,0,104,3,1.0
C,2000,0,3000471,1,0,277,7,0.8571428571428571
C,2000,0,3000472,1,0,107,3,1.0
C,2000,0,3000473,1,0,156,4,1.0
C,2000,0,3000474,1,0,95,3,1.0
C,2000,0,3000475,1,0,81,3,1.0
C,2000,0,3000464,1,0,151,4,1.0
C,2000,0,3000465,1,0,165,5,1.0
C,2000,0,3000466,1,0,230,6,0.8333333333333334
C,2000,0,3000467,1,0,136,4,1.0
C,2000,0,3000452,1,0,101,3,1.0
C,2000,0,3000453,1,0,95,3,1.0
C,2000,0,3000454,0,0,101,3,1.0
C,2000,0,3000455,0,1,600,15,0.7333333333333333
C,2000,0,3000480,1,0,98,3,1.0
C,2000,0,3000481,1,0,87,3,1.0
C,2000,0,3000482,1,0,128,4,1.0
C,2000,0,3000483,1,0,219,6,1.0
C,2000,0,3000484,1,0,251,7,1.0
C,2000,0,3000485,1,0,176,5,0.8
C,2000,0,3000486,1,0,49,2,1.0
C,2000,0,3000487,1,0,120,3,1.0
C,2000,0,3000488,0,0,126,4,1.0
C,2000,0,3000489,1,0,139,4,0.75
C,2000,0,3000490,1,0,144,4,1.0
C,2000,0,3000491,1,0,188,5,1.0
C,2000,0,3000440,0,1,600,15,0.8666666666666667
C,2000,0,3000441,1,0,129,4,1.0
C,2000,0,3000442,1,0,67,2,1.0
C,2000,0,3000443,1,0,162,5,1.0
C,2000,0,3000492,1,0,151,4,1.0
C,2000,0,3000493,1,0,241,7,0.8571428571428571
C,2000,0,3000494,1,0,191,5,0.8
C,2000,0,3000495,1,0,82,3,1.0
C,2000,0,3000476,0,1,600,15,1.0
C,2000,0,3000477,1,0,135,4,1.0
C,2000,0,3000478,1,0,78,2,1.0
C,2000,0,3000479,1,0,133,4,1.0
C,2000,0,3000496,1,0,118,3,1.0
C,2000,0,3000497,1,0,332,9,1.0
C,2000,0,3000498,1,0,85,3,1.0
C,2000,0,3000499,1,0,121,4,1.0
C,250,1,1750011,1,0,541,0,0.9357798165137615
C,250,1,1750012,0,0,153,0,0.9354838709677419
C,250,1,1750013,0,0,124,0,0.92
C,250,1,1750014,0,0,281,0,0.9298245614035088
C,250,1,1750003,1,0,397,0,0.8875
C,250,1,1750004,0,0,246,0,0.86
C,250,1,1750005,0,0,98,0,1.0
C,250,1,1750006,0,0,119,0,0.875
C,250,1,1750027,0,0,239,0,0.9375
C,250,1,1750028,0,0,304,0,0.9672131147540983
C,250,1,1750029,0,1,600,0,0.9333333333333333
C,250,1,1750030,1,0,250,0,0.98
C,250,1,1750019,1,0,243,0,0.9387755102040817
C,250,1,1750020,0,0,293,0,0.9491525423728814
C,250,1,1750021,0,1,600,0,0.9583333333333334
C,250,1,1750022,1,0,185,0,0.972972972972973
C,250,1,1750023,1,0,301,0,0.9016393442622951
C,250,1,1750024,1,0,282,0,0.8947368421052632
C,250,1,1750025,0,1,600,0,0.9666666666666667
C,250,1,1750026,0,0,253,0,0.9019607843137255
C,250,1,1750015,0,0,201,0,0.8536585365853658
C,250,1,1750016,0,0,490,0,0.826530612244898
C,250,1,1750017,0,0,323,0,0.9384615384615385
C,250,1,1750018,1,0,244,0,0.9795918367346939
C,250,1,1750031,0,1,600,0,0.9083333333333333
C,250,1,1750032,0,0,506,0,0.8823529411764706
C,250,1,1750033,1,0,206,0,0.9523809523809523
C,250,1,1750034,0,0,176,0,0.9444444444444444
C,250,1,1750007,0,0,266,0,0.9629629629629629
C,250,1,1750008,0,0,402,0,0.9259259259259259
C,250,1,1750009,0,0,222,0,0.9777777777777777
C,250,1,1750010,0,0,363,0,0.8493150684931506
C,250,1,1750039,0,0,137,0,0.8571428571428571
C,250,1,1750040,0,0,263,0,0.8867924528301887
C,250,1,1750041,1,0,326,0,0.9393939393939394
C,250,1,1750042,0,0,252,0,0.9215686274509803
C,250,1,1750043,1,0,189,0,0.9473684210526315
C,250,1,1750044,0,0,287,0,1.0
C,250,1,1750045,0,0,372,0,0.92
C,250,1,1750046,1,0,548,0,0.9090909090909091
C,250,1,1750051,0,0,176,0,0.9722222222222222
C,250,1,1750052,1,0,476,0,0.96875
C,250,1,1750053,0,0,343,0,0.927536231884058
C,250,1,1750054,0,0,340,0,0.9117647058823529
C,250,1,1750047,1,0,308,0,0.9032258064516129
C,250,1,1750048,1,0,211,0,0.9534883720930233
C,250,1,1750049,0,1,600,0,0.9333333333333333
C,250,1,1750050,0,0,281,0,0.8596491228070176
C,250,1,1750063,0,0,150,0,0.9333333333333333
C,250,1,1750064,0,0,257,0,0.9230769230769231
C,250,1,1750065,0,0,600,0,0.9333333333333333
C,250,1,1750066,0,0,199,0,0.875
C,250,1,1750035,1,0,181,0,0.8918918918918919
C,250,1,1750036,1,0,265,0,0.9622641509433962
C,250,1,1750037,0,0,277,0,0.9107142857142857
C,250,1,1750038,1,0,343,0,0.927536231884058
C,250,1,1750071,1,0,190,0,0.9473684210526315
C,250,1,1750072,1,0,147,0,0.9333333333333333
C,250,1,1750073,1,0,175,0,0.7428571428571429
C,250,1,1750074,0,0,330,0,0.9393939393939394
C,250,1,1750055,1,0,227,0,0.9130434782608695
C,250,1,1750056,1,0,318,0,0.90625
C,250,1,1750057,1,0,221,0,0.8444444444444444
C,250,1,1750058,0,0,185,0,0.918918918918919
C,250,1,1750075,0,0,378,0,0.881578947368421
C,250,1,1750076,0,0,176,0,0.9444444444444444
C,250,1,1750077,0,0,272,0,0.8727272727272727
C,250,1,1750078,0,0,186,0,0.9736842105263158
C,250,1,1750067,0,1,600,0,0.8666666666666667
C,250,1,1750068,0,0,256,0,0.9615384615384616
C,250,1,1750069,0,0,365,0,0.8767123287671232
C,250,1,1750070,1,0,278,0,0.9821428571428571
C,250,1,1750059,1,0,201,0,0.926829268292683
C,250,1,1750060,1,0,375,0,0.92
C,250,1,1750061,0,1,600,0,0.9583333333333334
C,250,1,1750062,1,0,192,0,0.8974358974358975
C,250,1,1750079,0,1,600,0,0.8666666666666667
C,250,1,1750080,1,0,343,0,0.9565217391304348
C,250,1,1750081,1,0,123,0,1.0
C,250,1,1750082,1,0,275,0,0.9090909090909091
C,250,1,1750083,1,0,371,0,0.9066666666666666
C,250,1,1750084,0,0,123,0,0.96
C,250,1,1750085,1,0,254,0,0.8431372549019608
C,250,1,1750086,0,0,197,0,1.0
C,250,1,1750091,0,0,485,0,0.979381443298969
C,250,1,1750092,0,1,600,0,0.9083333333333333
C,250,1,1750093,1,0,387,0,0.9102564102564102
C,250,1,1750094,0,0,470,0,0.9468085106382979
C,250,1,1750111,0,0,326,0,0.9090909090909091
C,250,1,1750112,0,0,272,0,0.9818181818181818
C,250,1,1750113,0,1,600,0,0.9666666666666667
C,250,1,1750114,0,0,262,0,0.9245283018867925
C,250,1,1750107,1,0,122,0,0.92
C,250,1,1750108,0,1,600,0,0.9583333333333334
C,250,1,1750109,0,0,251,0,0.8235294117647058
C,250,1,1750110,0,0,262,0,0.9622641509433962
C,250,1,1750103,1,0,198,0,0.925
C,250,1,1750104,0,1,600,0,0.925
C,250,1,1750105,1,0,226,0,0.9347826086956522
C,250,1,1750106,1,0,172,0,0.9714285714285714
C,250,1,1750099,1,0,201,0,0.9512195121951219
C,250,1,1750100,0,0,212,0,0.9767441860465116
C,250,1,1750101,1,0,577,0,0.896551724137931
C,250,1,1750102,0,0,376,0,0.9078947368421053
C,250,1,1750087,1,0,229,0,0.9565217391304348
C,250,1,1750088,0,0,576,0,0.9396551724137931
C,250,1,1750089,0,0,226,0,0.9782608695652174
C,250,1,1750090,1,0,328,0,0.9242424242424242
C,250,1,1750119,0,0,285,0,0.9473684210526315
C,250,1,1750120,0,1,600,0,0.95
C,250,1,1750121,1,0,168,0,0.9117647058823529
C,250,1,1750122,1,0,279,0,0.9464285714285714
C,250,1,1750095,0,0,353,0,0.8732394366197183
C,250,1,1750096,0,1,600,0,0.9166666666666666
C,250,1,1750097,1,0,180,0,0.8611111111111112
C,250,1,1750098,1,0,249,0,0.9
C,250,1,1750123,1,0,278,0,0.9642857142857143
C,250,1,1750124,0,0,236,0,0.9583333333333334
C,250,1,1750125,0,0,284,0,0.9473684210526315
C,250,1,1750126,1,0,418,0,0.8809523809523809
C,250,1,1750115,0,1,600,0,0.9083333333333333
C,250,1,1750116,0,0,228,0,0.9347826086956522
C,250,1,1750117,1,0,151,0,0.9032258064516129
C,250,1,1750118,0,0,255,0,0.9215686274509803
C,250,1,1750127,0,0,332,0,0.9253731343283582
C,250,1,1750128,1,0,224,0,0.9555555555555556
C,250,1,1750129,1,0,294,0,0.9491525423728814
C,250,1,1750130,0,0,77,0,1.0
C,250,1,1750135,1,0,381,0,0.9090909090909091
C,250,1,1750136,1,0,150,0,0.9666666666666667
C,250,1,1750137,0,0,476,0,0.9479166666666666
C,250,1,1750138,0,0,235,0,0.8936170212765957
C,250,1,1750147,0,0,228,0,0.9130434782608695
C,250,1,1750148,0,0,317,0,0.921875
C,250,1,1750149,1,0,411,0,0.891566265060241
C,250,1,1750150,0,0,255,0,0.9019607843137255
C,250,1,1750131,1,0,391,0,0.9367088607594937
C,250,1,1750132,0,0,226,0,0.8478260869565217
C,250,1,1750133,0,0,384,0,0.948051948051948
C,250,1,1750134,1,0,231,0,0.9361702127659575
C,250,1,1750139,1,0,263,0,0.9245283018867925
C,250,1,1750140,0,0,243,0,0.9591836734693877
C,250,1,1750141,1,0,326,0,0.9545454545454546
C,250,1,1750142,0,0,539,0,0.8796296296296297
C,250,1,1750151,1,0,460,0,0.8804347826086957
C,250,1,1750152,1,0,352,0,0.9014084507042254
C,250,1,1750153,1,0,414,0,0.9518072289156626
C,250,1,1750154,0,0,193,0,0.9487179487179487
C,250,1,1750143,1,0,340,0,0.9411764705882353
C,250,1,1750144,0,1,600,0,0.9416666666666667
C,250,1,1750145,0,0,390,0,0.9102564102564102
C,250,1,1750146,1,0,302,0,0.9508196721311475
C,250,1,1750155,0,0,223,0,0.8666666666666667
C,250,1,1750156,0,0,228,0,0.8478260869565217
C,250,1,1750157,1,0,174,0,0.9142857142857143
C,250,1,1750158,1,0,232,0,0.9787234042553191
C,250,1,1750167,1,0,273,0,0.8363636363636363
C,250,1,1750168,0,0,276,0,0.9821428571428571
C,250,1,1750169,1,0,211,0,0.8604651162790697
C,250,1,1750170,0,0,227,0,0.9565217391304348
C,250,1,1750159,1,0,246,0,0.88
C,250,1,1750160,0,0,276,0,0.8928571428571429
C,250,1,1750161,1,0,517,0,0.9326923076923077
C,250,1,1750162,0,0,252,0,0.8823529411764706
C,250,1,1750163,0,1,600,0,0.925
C,250,1,1750164,0,1,600,0,0.9833333333333333
C,250,1,1750165,1,0,258,0,0.9615384615384616
C,250,1,1750166,1,0,164,0,0.9696969696969697
C,250,1,1750183,0,0,156,0,1.0
C,250,1,1750184,0,0,304,0,0.9344262295081968
C,250,1,1750185,1,0,373,0,0.8933333333333333
C,250,1,1750186,1,0,172,0,0.9142857142857143
C,250,1,1750175,1,0,585,0,0.9487179487179487
C,250,1,1750176,1,0,444,0,0.9213483146067416
C,250,1,1750177,0,0,292,0,0.9152542372881356
C,250,1,1750178,0,0,243,0,0.9183673469387755
C,250,1,1750191,1,0,246,0,0.9
C,250,1,1750192,0,0,263,0,0.8490566037735849
C,250,1,1750193,0,0,188,0,0.9210526315789473
C,250,1,1750194,0,0,297,0,0.9833333333333333
C,250,1,1750199,1,0,205,0,0.9024390243902439
C,250,1,1750200,0,0,298,0,0.8833333333333333
C,250,1,1750201,1,0,304,0,0.7868852459016393
C,250,1,1750202,1,0,300,0,0.9666666666666667
C,250,1,1750179,0,1,600,0,0.9166666666666666
C,250,1,1750180,0,0,299,0,0.9666666666666667
C,250,1,1750181,0,1,600,0,0.9333333333333333
C,250,1,1750182,0,1,600,0,0.9583333333333334
C,250,1,1750195,1,0,198,0,0.925
C,250,1,1750196,1,0,247,0,0.94
C,250,1,1750197,0,1,600,0,0.9583333333333334
C,250,1,1750198,0,0,344,0,0.8985507246376812
C,250,1,1750211,0,0,105,0,0.9523809523809523
C,250,1,1750212,0,0,164,0,0.8787878787878788
C,250,1,1750213,1,0,271,0,0.9454545454545454
C,250,1,1750214,0,0,246,0,0.88
C,250,1,1750187,0,0,277,0,0.9285714285714286
C,250,1,1750188,0,1,600,0,0.9583333333333334
C,250,1,1750189,0,0,200,0,0.95
C,250,1,1750190,1,0,353,0,0.9154929577464789
C,250,1,1750171,1,0,560,0,0.9732142857142857
C,250,1,1750172,1,0,338,0,0.8676470588235294
C,250,1,1750173,0,1,600,0,0.95
C,250,1,1750174,0,0,265,0,0.9622641509433962
C,250,1,1750203,1,0,289,0,0.9482758620689655
C,250,1,1750204,1,0,253,0,0.8823529411764706
C,250,1,1750205,0,0,461,0,0.8817204301075269
C,250,1,1750206,0,0,477,0,0.9166666666666666
C,250,1,1750215,1,0,330,0,0.9696969696969697
C,250,1,1750216,1,0,391,0,0.8987341772151899
C,250,1,1750217,0,0,153,0,0.967741935483871
C,250,1,1750218,1,0,466,0,0.9042553191489362
C,250,1,1750207,0,0,255,0,0.8823529411764706
C,250,1,1750208,0,0,175,0,0.8857142857142857
C,250,1,1750209,1,0,356,0,0.9166666666666666
C,250,1,1750210,0,0,217,0,0.9090909090909091
C,250,1,1750219,1,0,149,0,0.9666666666666667
C,250,1,1750220,1,0,127,0,0.8846153846153846
C,250,1,1750221,0,1,600,0,0.9083333333333333
C,250,1,1750222,1,0,441,0,0.8764044943820225
C,250,1,1750223,1,0,195,0,0.9487179487179487
C,250,1,1750224,1,0,203,0,0.926829268292683
C,250,1,1750225,0,0,263,0,0.8867924528301887
C,250,1,1750226,1,0,503,0,0.8811881188118812
C,250,1,1750239,0,1,600,0,0.875
C,250,1,1750240,0,0,222,0,0.9111111111111111
C,250,1,1750241,0,0,171,0,0.9428571428571428
C,250,1,1750242,0,0,119,0,0.9166666666666666
C,250,1,1750227,0,0,326,0,0.8939393939393939
C,250,1,1750228,1,0,451,0,0.967032967032967
C,250,1,1750229,1,0,143,0,0.9310344827586207
C,250,1,1750230,0,0,281,0,0.7192982456140351
C,250,1,1750231,1,0,226,0,0.8913043478260869
C,250,1,1750232,0,0,112,0,1.0
C,250,1,1750233,0,0,254,0,0.8823529411764706
C,250,1,1750234,0,1,600,0,0.925
C,250,1,1750235,1,0,148,0,0.9
C,250,1,1750236,0,0,336,0,0.9852941176470589
C,250,1,1750237,0,0,401,0,0.9012345679012346
C,250,1,1750238,0,0,407,0,0.9512195121951219
C,250,1,1750271,0,0,384,0,0.961038961038961
C,250,1,1750272,0,0,226,0,0.9130434782608695
C,250,1,1750273,0,0,274,0,0.8909090909090909
C,250,1,1750274,1,0,181,0,0.8378378378378378
C,250,1,1750255,0,0,74,0,1.0
C,250,1,1750256,1,0,226,0,0.8478260869565217
C,250,1,1750257,0,0,179,0,0.9444444444444444
C,250,1,1750258,0,0,446,0,0.9
C,250,1,1750263,1,0,302,0,0.9836065573770492
C,250,1,1750264,0,1,600,0,0.9333333333333333
C,250,1,1750265,0,0,177,0,0.8888888888888888
C,250,1,1750266,0,0,114,0,0.9130434782608695
C,250,1,1750243,0,1,600,0,0.9583333333333334
C,250,1,1750244,1,0,365,0,0.958904109589041
C,250,1,1750245,1,0,246,0,0.86
C,250,1,1750246,0,0,202,0,0.9024390243902439
C,250,1,1750247,1,0,421,0,0.9294117647058824
C,250,1,1750248,0,1,600,0,0.9833333333333333
C,250,1,1750249,0,0,132,0,1.0
C,250,1,1750250,0,1,600,0,0.95
C,250,1,1750267,1,0,173,0,1.0
C,250,1,1750268,1,0,272,0,0.9272727272727272
C,250,1,1750269,0,0,284,0,0.9473684210526315
C,250,1,1750270,1,0,219,0,0.9090909090909091
C,250,1,1750259,0,0,430,0,0.9534883720930233
C,250,1,1750260,0,0,291,0,0.8813559322033898
C,250,1,1750261,0,0,259,0,0.9615384615384616
C,250,1,1750262,1,0,577,0,0.9310344827586207
C,250,1,1750251,0,1,600,0,0.9333333333333333
C,250,1,1750252,0,0,357,0,0.9444444444444444
C,250,1,1750253,1,0,520,0,0.9519230769230769
C,250,1,1750254,1,0,175,0,1.0
C,250,1,1750275,0,1,600,0,0.9333333333333333
C,250,1,1750276,1,0,201,0,0.975609756097561
C,250,1,1750277,1,0,226,0,1.0
C,250,1,1750278,1,0,329,0,0.9090909090909091
C,250,1,1750291,0,0,277,0,0.9464285714285714
C,250,1,1750292,0,0,439,0,0.9545454545454546
C,250,1,1750293,1,0,329,0,0.9696969696969697
C,250,1,1750294,1,0,266,0,0.9629629629629629
C,250,1,1750283,0,0,229,0,0.9565217391304348
C,250,1,1750284,0,0,551,0,0.8558558558558559
C,250,1,1750285,0,1,600,0,0.9416666666666667
C,250,1,1750286,1,0,270,0,0.9074074074074074
C,250,1,1750279,1,0,151,0,0.967741935483871
C,250,1,1750280,0,0,251,0,0.9215686274509803
C,250,1,1750281,1,0,327,0,0.9545454545454546
C,250,1,1750282,1,0,245,0,0.8979591836734694
C,250,1,1750299,0,0,327,0,0.9848484848484849
C,250,1,1750300,1,0,220,0,0.8409090909090909
C,250,1,1750301,0,1,600,0,0.9416666666666667
C,250,1,1750302,0,0,355,0,0.9436619718309859
C,250,1,1750295,1,0,398,0,0.9
C,250,1,1750296,0,0,251,0,0.9607843137254902
C,250,1,1750297,0,1,600,0,0.8916666666666667
C,250,1,1750298,1,0,295,0,0.9152542372881356
C,250,1,1750307,0,1,600,0,0.9333333333333333
C,250,1,1750308,0,0,215,0,0.8837209302325582
C,250,1,1750309,0,0,251,0,0.9607843137254902
C,250,1,1750310,1,0,587,0,0.9322033898305084
C,250,1,1750311,0,0,347,0,0.9142857142857143
C,250,1,1750312,0,0,427,0,0.9534883720930233
C,250,1,1750313,0,0,58,0,0.75
C,250,1,1750314,1,0,280,0,0.9464285714285714
C,250,1,1750303,0,0,304,0,0.8688524590163934
C,250,1,1750304,1,0,231,0,0.9574468085106383
C,250,1,1750305,0,0,405,0,0.9382716049382716
C,250,1,1750306,1,0,296,0,0.9166666666666666
C,250,1,1750315,1,0,102,0,0.8571428571428571
C,250,1,1750316,1,0,549,0,0.9454545454545454
C,250,1,1750317,1,0,291,0,0.9830508474576272
C,250,1,1750318,1,0,316,0,0.96875
C,250,1,1750319,1,0,151,0,1.0
C,250,1,1750320,1,0,226,0,0.9347826086956522
C,250,1,1750321,0,0,226,0,0.9347826086956522
C,250,1,1750322,1,0,229,0,0.9347826086956522
C,250,1,1750287,0,0,517,0,0.875
C,250,1,1750288,0,0,428,0,0.9651162790697675
C,250,1,1750289,0,0,214,0,0.9534883720930233
C,250,1,1750290,1,0,251,0,0.9607843137254902
C,250,1,1750327,1,0,270,0,0.9444444444444444
C,250,1,1750328,1,0,273,0,0.9818181818181818
C,250,1,1750329,1,0,209,0,0.9047619047619048
C,250,1,1750330,1,0,238,0,0.8958333333333334
C,250,1,1750335,0,0,281,0,0.8947368421052632
C,250,1,1750336,0,0,438,0,0.9545454545454546
C,250,1,1750337,1,0,201,0,0.8780487804878049
C,250,1,1750338,0,0,76,0,1.0
C,250,1,1750323,1,0,392,0,0.9240506329113924
C,250,1,1750324,1,0,448,0,1.0
C,250,1,1750325,0,0,326,0,0.9696969696969697
C,250,1,1750326,1,0,223,0,0.9777777777777777
C,250,1,1750347,1,0,293,0,0.9322033898305084
C,250,1,1750348,0,0,176,0,0.8888888888888888
C,250,1,1750349,0,0,136,0,0.8571428571428571
C,250,1,1750350,0,0,93,0,0.9473684210526315
C,250,1,1750339,1,0,531,0,0.9065420560747663
C,250,1,1750340,0,0,210,0,0.8571428571428571
C,250,1,1750341,1,0,337,0,0.9411764705882353
C,250,1,1750342,1,0,221,0,0.9333333333333333
C,250,1,1750331,0,1,600,0,0.925
C,250,1,1750332,1,0,368,0,0.9054054054054054
C,250,1,1750333,0,1,600,0,0.8916666666666667
C,250,1,1750334,1,0,294,0,0.9152542372881356
C,250,1,1750343,0,0,407,0,0.8658536585365854
C,250,1,1750344,0,0,486,0,0.8877551020408163
C,250,1,1750345,1,0,194,0,0.8974358974358975
C,250,1,1750346,0,1,600,0,0.925
C,250,1,1750351,0,1,600,0,0.9333333333333333
C,250,1,1750352,1,0,145,0,0.9310344827586207
C,250,1,1750353,1,0,274,0,0.9090909090909091
C,250,1,1750354,1,0,247,0,0.92
C,250,1,1750355,0,1,600,0,0.9
C,250,1,1750356,0,0,176,0,1.0
C,250,1,1750357,0,0,343,0,0.9130434782608695
C,250,1,1750358,0,0,93,0,0.7894736842105263
C,250,1,1750371,0,1,600,0,0.95
C,250,1,1750372,1,0,516,0,0.9807692307692307
C,250,1,1750373,0,0,297,0,1.0
C,250,1,1750374,0,0,491,0,0.8686868686868687
C,250,1,1750359,1,0,256,0,0.9038461538461539
C,250,1,1750360,1,0,292,0,0.9322033898305084
C,250,1,1750361,0,0,459,0,0.9021739130434783
C,250,1,1750362,0,0,131,0,0.9629629629629629
C,250,1,1750387,1,0,244,0,0.8775510204081632
C,250,1,1750388,0,0,101,0,0.9047619047619048
C,250,1,1750389,0,0,103,0,0.8095238095238095
C,250,1,1750390,0,0,73,0,0.8666666666666667
C,250,1,1750383,0,0,312,0,0.9841269841269841
C,250,1,1750384,0,0,228,0,0.8913043478260869
C,250,1,1750385,1,0,233,0,0.9787234042553191
C,250,1,1750386,1,0,451,0,0.8461538461538461
C,250,1,1750375,0,1,600,0,0.9333333333333333
C,250,1,1750376,0,0,326,0,1.0
C,250,1,1750377,0,1,600,0,0.95
C,250,1,1750378,1,0,284,0,0.9824561403508771
C,250,1,1750367,0,0,426,0,0.8953488372093024
C,250,1,1750368,0,0,202,0,0.975609756097561
C,250,1,1750369,0,0,355,0,0.9014084507042254
C,250,1,1750370,0,1,600,0,0.875
C,250,1,1750363,0,1,600,0,0.95
C,250,1,1750364,0,1,600,0,0.9083333333333333
C,250,1,1750365,1,0,343,0,0.9420289855072463
C,250,1,1750366,0,0,254,0,0.8627450980392157
C,250,1,1750379,0,1,600,0,0.9333333333333333
C,250,1,1750380,1,0,304,0,0.8852459016393442
C,250,1,1750381,0,1,600,0,0.9333333333333333
C,250,1,1750382,0,0,451,0,0.9010989010989011
C,250,1,1750391,1,0,254,0,0.9803921568627451
C,250,1,1750392,1,0,327,0,0.9545454545454546
C,250,1,1750393,0,0,476,0,0.8854166666666666
C,250,1,1750394,0,0,166,0,0.9705882352941176
C,250,1,1750403,1,0,244,0,0.9183673469387755
C,250,1,1750404,1,0,292,0,0.9491525423728814
C,250,1,1750405,1,0,313,0,0.9047619047619048
C,250,1,1750406,1,0,255,0,0.9215686274509803
C,250,1,1750407,1,0,244,0,0.9387755102040817
C,250,1,1750408,1,0,572,0,0.9304347826086956
C,250,1,1750409,0,0,303,0,0.9016393442622951
C,250,1,1750410,1,0,226,0,0.8913043478260869
C,250,1,1750399,0,0,337,0,0.9705882352941176
C,250,1,1750400,0,1,600,0,0.975
C,250,1,1750401,0,0,161,0,1.0
C,250,1,1750402,0,0,303,0,0.9016393442622951
C,250,1,1750395,1,0,254,0,0.9607843137254902
C,250,1,1750396,1,0,176,0,0.9722222222222222
C,250,1,1750397,0,1,600,0,0.8833333333333333
C,250,1,1750398,1,0,278,0,0.9464285714285714
C,250,1,1750423,0,0,155,0,0.9032258064516129
C,250,1,1750424,0,0,126,0,0.8461538461538461
C,250,1,1750425,0,1,600,0,0.9
C,250,1,1750426,0,0,436,0,0.875
C,250,1,1750427,0,0,353,0,0.9154929577464789
C,250,1,1750428,1,0,213,0,0.9534883720930233
C,250,1,1750429,1,0,210,0,0.9285714285714286
C,250,1,1750430,0,0,311,0,0.9682539682539683
C,250,1,1750411,0,0,526,0,0.8773584905660378
C,250,1,1750412,0,1,600,0,0.925
C,250,1,1750413,1,0,276,0,0.9285714285714286
C,250,1,1750414,1,0,249,0,0.9
C,250,1,1750419,0,1,600,0,0.9416666666666667
C,250,1,1750420,0,0,351,0,0.9577464788732394
C,250,1,1750421,1,0,444,0,0.9438202247191011
C,250,1,1750422,0,0,276,0,0.8571428571428571
C,250,1,1750435,1,0,196,0,0.95
C,250,1,1750436,1,0,531,0,0.8598130841121495
C,250,1,1750437,0,0,322,0,0.9846153846153847
C,250,1,1750438,1,0,385,0,0.935064935064935
C,250,1,1750443,0,0,156,0,0.9375
C,250,1,1750444,0,0,65,0,0.8461538461538461
C,250,1,1750445,1,0,281,0,0.9122807017543859
C,250,1,1750446,0,0,401,0,0.9753086419753086
C,250,1,1750431,1,0,176,0,0.9166666666666666
C,250,1,1750432,0,1,600,0,0.9583333333333334
C,250,1,1750433,0,0,252,0,0.9215686274509803
C,250,1,1750434,1,0,311,0,0.8571428571428571
C,250,1,1750439,1,0,273,0,0.9272727272727272
C,250,1,1750440,0,1,600,0,0.8916666666666667
C,250,1,1750441,0,1,600,0,0.8833333333333333
C,250,1,1750442,0,0,134,0,0.8148148148148148
C,250,1,1750459,0,0,176,0,0.9166666666666666
C,250,1,1750460,0,0,210,0,1.0
C,250,1,1750461,0,0,287,0,0.9827586206896551
C,250,1,1750462,0,0,170,0,0.9705882352941176
C,250,1,1750451,0,0,294,0,0.9322033898305084
C,250,1,1750452,0,1,600,0,0.9416666666666667
C,250,1,1750453,1,0,226,0,0.9347826086956522
C,250,1,1750454,0,0,292,0,0.9491525423728814
C,250,1,1750447,1,0,272,0,0.8545454545454545
C,250,1,1750448,0,1,600,0,0.975
C,250,1,1750449,0,0,365,0,0.9452054794520548
C,250,1,1750450,0,0,76,0,0.9375
C,250,1,1750471,0,0,113,0,0.9565217391304348
C,250,1,1750472,0,0,202,0,0.8780487804878049
C,250,1,1750473,1,0,374,0,0.8933333333333333
C,250,1,1750474,1,0,526,0,0.8773584905660378
C,250,1,1750463,1,0,199,0,0.975
C,250,1,1750464,0,0,303,0,0.9508196721311475
C,250,1,1750465,0,1,600,0,0.9583333333333334
C,250,1,1750466,0,0,452,0,0.9560439560439561
C,250,1,1750415,1,0,535,0,0.8878504672897196
C,250,1,1750416,0,1,600,0,0.95
C,250,1,1750417,0,1,600,0,0.9583333333333334
C,250,1,1750418,1,0,295,0,0.9661016949152542
C,250,1,1750475,1,0,464,0,0.9354838709677419
C,250,1,1750476,0,0,126,0,0.9615384615384616
C,250,1,1750477,0,0,203,0,1.0
C,250,1,1750478,0,0,227,0,0.8913043478260869
C,250,1,1750455,0,0,209,0,0.9523809523809523
C,250,1,1750456,0,1,600,0,0.95
C,250,1,1750457,0,0,289,0,0.9310344827586207
C,250,1,1750458,1,0,451,0,0.967032967032967
C,250,1,1750499,0,0,279,0,0.9107142857142857
C,250,1,1750479,1,0,247,0,0.92
C,250,1,1750480,1,0,377,0,0.9342105263157895
C,250,1,1750481,0,0,277,0,0.9821428571428571
C,250,1,1750482,1,0,270,0,0.9259259259259259
C,250,1,1750491,0,0,216,0,0.8636363636363636
C,250,1,1750492,0,0,107,0,0.9090909090909091
C,250,1,1750493,1,0,276,0,0.8392857142857143
C,250,1,1750494,0,0,101,0,0.9047619047619048
C,250,1,1750487,1,0,277,0,0.9285714285714286
C,250,1,1750488,0,0,202,0,0.9024390243902439
C,250,1,1750489,0,0,324,0,0.9230769230769231
C,250,1,1750490,0,0,205,0,0.9024390243902439
C,250,1,1750467,1,0,382,0,0.935064935064935
C,250,1,1750468,0,0,456,0,0.8804347826086957
C,250,1,1750469,1,0,539,0,0.9537037037037037
C,250,1,1750470,1,0,394,0,0.8860759493670886
C,250,1,1750495,1,0,427,0,0.8604651162790697
C,250,1,1750496,0,0,61,0,1.0
C,250,1,1750497,1,0,300,0,0.9666666666666667
C,250,1,1750498,1,0,284,0,0.9473684210526315
C,250,1,1750483,0,0,281,0,0.9824561403508771
C,250,1,1750484,1,0,464,0,0.9247311827956989
C,250,1,1750485,1,0,506,0,0.9117647058823529
C,250,1,1750486,1,0,430,0,0.9186046511627907
B,50,0,1050016,1,0,112,112,0.7053571428571429
B,50,0,1050017,0,0,126,126,0.5634920634920635
B,50,0,1050018,1,0,96,96,0.7395833333333334
B,50,0,1050019,1,0,116,116,0.7844827586206896
B,50,0,1050028,1,0,173,173,0.861271676300578
B,50,0,1050029,1,0,76,76,0.8552631578947368
B,50,0,1050030,1,0,138,138,0.855072463768116
B,50,0,1050031,1,0,100,100,0.87
B,50,0,1050008,1,0,76,76,0.9605263157894737
B,50,0,1050009,1,0,226,226,0.588495575221239
B,50,0,1050010,1,0,142,142,0.8802816901408451
B,50,0,1050011,1,0,84,84,0.6190476190476191
B,50,0,1050024,1,0,73,73,0.8767123287671232
B,50,0,1050025,0,0,275,275,0.6909090909090909
B,50,0,1050026,1,0,140,140,0.6571428571428571
B,50,0,1050027,1,0,239,239,0.8451882845188284
B,50,0,1050000,1,0,198,198,0.9040404040404041
B,50,0,1050001,0,0,246,246,0.9146341463414634
B,50,0,1050002,0,0,122,122,0.7868852459016393
B,50,0,1050003,0,0,101,101,0.8613861386138614
B,50,0,1050004,0,0,76,76,0.9078947368421053
B,50,0,1050005,1,0,121,121,0.8264462809917356
B,50,0,1050006,1,0,195,195,0.8923076923076924
B,50,0,1050007,1,0,143,143,0.5314685314685315
B,50,0,1050020,1,0,157,157,0.821656050955414
B,50,0,1050021,0,0,101,101,0.9108910891089109
B,50,0,1050022,1,0,150,150,0.7933333333333333
B,50,0,1050023,1,0,153,153,0.7843137254901961
B,50,0,1050040,1,0,234,234,0.717948717948718
B,50,0,1050041,1,0,100,100,0.67
B,50,0,1050042,1,0,167,167,0.8323353293413174
B,50,0,1050043,1,0,126,126,0.8095238095238095
B,50,0,1050012,0,0,100,100,0.84
B,50,0,1050013,1,0,79,79,0.7974683544303798
B,50,0,1050014,0,0,76,76,0.9078947368421053
B,50,0,1050015,0,1,600,600,0.975
B,50,0,1050048,1,0,182,182,0.8186813186813187
B,50,0,1050049,1,0,65,65,0.8615384615384616
B,50,0,1050050,1,0,77,77,0.8311688311688312
B,50,0,1050051,1,0,152,152,0.756578947368421
B,50,0,1050060,1,0,388,388,0.6778350515463918
B,50,0,1050061,1,0,111,111,0.5765765765765766
B,50,0,1050062,1,0,112,112,0.8660714285714286
B,50,0,1050063,1,0,219,219,0.863013698630137
B,50,0,1050032,1,0,272,272,0.7426470588235294
B,50,0,1050033,1,0,73,73,0.8904109589041096
B,50,0,1050034,0,0,179,179,0.6312849162011173
B,50,0,1050035,0,1,600,600,0.9733333333333334
B,50,0,1050068,1,0,199,199,0.8894472361809045
B,50,0,1050069,1,0,133,133,0.6992481203007519
B,50,0,1050070,1,0,101,101,0.7029702970297029
B,50,0,1050071,1,0,151,151,0.8807947019867549
B,50,0,1050072,1,0,156,156,0.7371794871794872
B,50,0,1050073,0,1,600,600,0.89
B,50,0,1050074,1,0,69,69,0.927536231884058
B,50,0,1050075,1,0,174,174,0.7298850574712644
B,50,0,1050044,1,0,201,201,0.7761194029850746
B,50,0,1050045,0,1,600,600,0.6266666666666667
B,50,0,1050046,1,0,273,273,0.6593406593406593
B,50,0,1050047,1,0,121,121,0.8677685950413223
B,50,0,1050052,1,0,246,246,0.491869918699187
B,50,0,1050053,1,0,191,191,0.7539267015706806
B,50,0,1050054,1,0,137,137,0.8394160583941606
B,50,0,1050055,1,0,154,154,0.7077922077922078
B,50,0,1050036,0,0,403,403,0.9627791563275434
B,50,0,1050037,0,0,164,164,0.8963414634146342
B,50,0,1050038,0,1,600,600,0.63
B,50,0,1050039,1,0,95,95,0.9789473684210527
B,50,0,1050088,1,0,78,78,0.7948717948717948
B,50,0,1050089,1,0,148,148,0.7364864864864865
B,50,0,1050090,1,0,90,90,0.8666666666666667
B,50,0,1050091,1,0,114,114,0.8157894736842105
B,50,0,1050076,1,0,433,433,0.6027713625866051
B,50,0,1050077,1,0,95,95,0.7473684210526316
B,50,0,1050078,0,0,502,502,0.6792828685258964
B,50,0,1050079,0,0,76,76,0.8947368421052632
B,50,0,1050064,0,0,326,326,0.950920245398773
B,50,0,1050065,1,0,321,321,0.6448598130841121
B,50,0,1050066,0,1,600,600,0.9733333333333334
B,50,0,1050067,0,1,600,600,0.9783333333333334
B,50,0,1050056,1,0,115,115,0.6956521739130435
B,50,0,1050057,0,1,600,600,0.965
B,50,0,1050058,0,0,124,124,0.7661290322580645
B,50,0,1050059,1,0,76,76,0.9210526315789473
B,50,0,1050108,1,0,190,190,0.7894736842105263
B,50,0,1050109,1,0,160,160,0.81875
B,50,0,1050110,1,0,204,204,0.7205882352941176
B,50,0,1050111,1,0,141,141,0.7659574468085106
B,50,0,1050104,1,0,138,138,0.7391304347826086
B,50,0,1050105,0,1,600,600,0.545
B,50,0,1050106,0,0,78,78,0.7051282051282052
B,50,0,1050107,1,0,72,72,0.9444444444444444
B,50,0,1050100,1,0,75,75,0.9333333333333333
B,50,0,1050101,1,0,284,284,0.7640845070422535
B,50,0,1050102,1,0,464,464,0.7974137931034483
B,50,0,1050103,1,0,146,146,0.6164383561643836
B,50,0,1050084,0,1,600,600,0.9783333333333334
B,50,0,1050085,1,0,327,327,0.7584097859327217
B,50,0,1050086,0,1,600,600,0.635
B,50,0,1050087,1,0,119,119,0.48739495798319327
B,50,0,1050116,0,1,600,600,0.9
B,50,0,1050117,1,0,152,152,0.7763157894736842
B,50,0,1050118,1,0,74,74,0.9324324324324325
B,50,0,1050119,1,0,293,293,0.7610921501706485
B,50,0,1050080,0,1,600,600,0.9716666666666667
B,50,0,1050081,1,0,109,109,0.7798165137614679
B,50,0,1050082,0,1,600,600,0.9733333333333334
B,50,0,1050083,0,1,600,600,0.9683333333333334
B,50,0,1050092,1,0,117,117,0.7350427350427351
B,50,0,1050093,1,0,73,73,0.9178082191780822
B,50,0,1050094,0,0,208,208,0.5769230769230769
B,50,0,1050095,0,1,600,600,0.5716666666666667
B,50,0,1050124,0,0,101,101,0.8415841584158416
B,50,0,1050125,0,0,76,76,0.7763157894736842
B,50,0,1050126,1,0,160,160,0.725
B,50,0,1050127,1,0,160,160,0.75625
B,50,0,1050132,1,0,102,102,0.8627450980392157
B,50,0,1050133,1,0,140,140,0.6785714285714286
B,50,0,1050134,1,0,148,148,0.5
B,50,0,1050135,1,0,143,143,0.8251748251748252
B,50,0,1050128,1,0,200,200,0.6
B,50,0,1050129,1,0,125,125,0.736
B,50,0,1050130,1,0,261,261,0.7509578544061303
B,50,0,1050131,1,0,129,129,0.7984496124031008
B,50,0,1050112,0,0,176,176,0.6477272727272727
B,50,0,1050113,1,0,219,219,0.6712328767123288
B,50,0,1050114,1,0,106,106,0.7735849056603774
B,50,0,1050115,1,0,357,357,0.7310924369747899
B,50,0,1050148,1,0,118,118,0.6779661016949152
B,50,0,1050149,1,0,92,92,0.7391304347826086
B,50,0,1050150,1,0,233,233,0.6738197424892703
B,50,0,1050151,0,0,101,101,0.7623762376237624
B,50,0,1050120,1,0,141,141,0.6950354609929078
B,50,0,1050121,0,1,600,600,0.835
B,50,0,1050122,1,0,321,321,0.9096573208722741
B,50,0,1050123,0,0,76,76,0.5526315789473685
B,50,0,1050136,1,0,119,119,0.6890756302521008
B,50,0,1050137,1,0,102,102,0.8823529411764706
B,50,0,1050138,1,0,110,110,0.8909090909090909
B,50,0,1050139,1,0,164,164,0.725609756097561
B,50,0,1050144,1,0,183,183,0.7377049180327869
B,50,0,1050145,0,1,600,600,0.9533333333333334
B,50,0,1050146,0,0,181,181,0.8950276243093923
B,50,0,1050147,1,0,78,78,0.8333333333333334
B,50,0,1050152,0,1,600,600,0.9
B,50,0,1050153,1,0,148,148,0.7094594594594594
B,50,0,1050154,1,0,125,125,0.68
B,50,0,1050155,0,0,151,151,0.6821192052980133
B,50,0,1050160,1,0,113,113,0.8761061946902655
B,50,0,1050161,1,0,264,264,0.7803030303030303
B,50,0,1050162,0,1,600,600,0.9766666666666667
B,50,0,1050163,1,0,74,74,0.8243243243243243
B,50,0,1050180,0,0,110,110,0.7181818181818181
B,50,0,1050181,1,0,91,91,0.6373626373626373
B,50,0,1050182,1,0,134,134,0.8582089552238806
B,50,0,1050183,1,0,117,117,0.8888888888888888
B,50,0,1050164,1,0,239,239,0.7949790794979079
B,50,0,1050165,1,0,158,158,0.8354430379746836
B,50,0,1050166,0,0,126,126,0.6031746031746031
B,50,0,1050167,1,0,245,245,0.6244897959183674
B,50,0,1050176,0,0,293,293,0.7474402730375427
B,50,0,1050177,1,0,125,125,0.832
B,50,0,1050178,1,0,146,146,0.9178082191780822
B,50,0,1050179,1,0,57,57,0.7719298245614035
B,50,0,1050172,1,0,142,142,0.8661971830985915
B,50,0,1050173,0,1,600,600,0.975
B,50,0,1050174,1,0,171,171,0.8713450292397661
B,50,0,1050175,1,0,260,260,0.6653846153846154
B,50,0,1050096,1,0,470,470,0.5872340425531914
B,50,0,1050097,0,1,600,600,0.6816666666666666
B,50,0,1050098,0,0,318,318,0.9339622641509434
B,50,0,1050099,1,0,207,207,0.6618357487922706
B,50,0,1050184,0,0,85,85,0.8352941176470589
B,50,0,1050185,0,0,168,168,0.6309523809523809
B,50,0,1050186,1,0,102,102,0.8823529411764706
B,50,0,1050187,1,0,75,75,0.9466666666666667
B,50,0,1050168,1,0,85,85,0.9176470588235294
B,50,0,1050169,0,1,600,600,0.9683333333333334
B,50,0,1050170,1,0,87,87,0.8505747126436781
B,50,0,1050171,1,0,177,177,0.7401129943502824
B,50,0,1050188,1,0,249,249,0.7269076305220884
B,50,0,1050189,0,0,174,174,0.5229885057471264
B,50,0,1050190,0,0,282,282,0.5070921985815603
B,50,0,1050191,1,0,127,127,0.8346456692913385
B,50,0,1050196,1,0,85,85,0.8588235294117647
B,50,0,1050197,1,0,264,264,0.6666666666666666
B,50,0,1050198,1,0,138,138,0.644927536231884
B,50,0,1050199,0,0,145,145,0.7034482758620689
B,50,0,1050204,0,0,292,292,0.9486301369863014
B,50,0,1050205,1,0,149,149,0.8456375838926175
B,50,0,1050206,0,1,600,600,0.7733333333333333
B,50,0,1050207,1,0,74,74,0.918918918918919
B,50,0,1050140,0,0,210,210,0.6047619047619047
B,50,0,1050141,0,1,600,600,0.95
B,50,0,1050142,1,0,265,265,0.8113207547169812
B,50,0,1050143,1,0,197,197,0.5939086294416244
B,50,0,1050192,0,1,600,600,0.6083333333333333
B,50,0,1050193,0,1,600,600,0.98
B,50,0,1050194,1,0,75,75,0.9866666666666667
B,50,0,1050195,1,0,161,161,0.7018633540372671
B,50,0,1050156,0,0,94,94,0.6702127659574468
B,50,0,1050157,0,1,600,600,0.9
B,50,0,1050158,1,0,85,85,0.8588235294117647
B,50,0,1050159,0,1,600,600,0.9733333333333334
B,50,0,1050200,1,0,94,94,0.776595744680851
B,50,0,1050201,1,0,513,513,0.9707602339181286
B,50,0,1050202,1,0,124,124,0.8225806451612904
B,50,0,1050203,1,0,97,97,0.7319587628865979
B,50,0,1050220,0,0,298,298,0.9295302013422819
B,50,0,1050221,1,0,246,246,0.7926829268292683
B,50,0,1050222,1,0,79,79,0.9367088607594937
B,50,0,1050223,1,0,187,187,0.679144385026738
B,50,0,1050216,1,0,139,139,0.697841726618705
B,50,0,1050217,1,0,174,174,0.7413793103448276
B,50,0,1050218,1,0,118,118,0.7203389830508474
B,50,0,1050219,1,0,77,77,0.948051948051948
B,50,0,1050212,0,1,600,600,0.9583333333333334
B,50,0,1050213,1,0,114,114,0.8333333333333334
B,50,0,1050214,0,0,151,151,0.8410596026490066
B,50,0,1050215,1,0,200,200,0.77
B,50,0,1050228,1,0,77,77,0.8961038961038961
B,50,0,1050229,0,1,600,600,0.9566666666666667
B,50,0,1050230,1,0,165,165,0.9090909090909091
B,50,0,1050231,1,0,72,72,0.8194444444444444
B,50,0,1050240,1,0,115,115,0.7913043478260869
B,50,0,1050241,1,0,101,101,0.7128712871287128
B,50,0,1050242,1,0,244,244,0.6926229508196722
B,50,0,1050243,1,0,181,181,0.6574585635359116
B,50,0,1050232,0,0,243,243,0.9465020576131687
B,50,0,1050233,1,0,369,369,0.8672086720867209
B,50,0,1050234,1,0,305,305,0.6786885245901639
B,50,0,1050235,0,0,224,224,0.9285714285714286
B,50,0,1050208,1,0,340,340,0.9588235294117647
B,50,0,1050209,0,1,600,600,0.97
B,50,0,1050210,1,0,80,80,0.925
B,50,0,1050211,1,0,227,227,0.6740088105726872
B,50,0,1050224,1,0,123,123,0.6341463414634146
B,50,0,1050225,1,0,284,284,0.6514084507042254
B,50,0,1050226,0,0,553,553,0.8065099457504521
B,50,0,1050227,0,0,139,139,0.841726618705036
B,50,0,1050260,1,0,73,73,0.8356164383561644
B,50,0,1050261,1,0,126,126,0.873015873015873
B,50,0,1050262,0,0,182,182,0.7362637362637363
B,50,0,1050263,1,0,86,86,0.8604651162790697
B,50,0,1050252,1,0,118,118,0.864406779661017
B,50,0,1050253,1,0,95,95,0.8315789473684211
B,50,0,1050254,0,1,600,600,0.5816666666666667
B,50,0,1050255,1,0,76,76,0.7105263157894737
B,50,0,1050244,1,0,119,119,0.7647058823529411
B,50,0,1050245,1,0,267,267,0.6666666666666666
B,50,0,1050246,1,0,461,461,0.596529284164859
B,50,0,1050247,0,1,600,600,0.985
B,50,0,1050236,0,1,600,600,0.6016666666666667
B,50,0,1050237,1,0,147,147,0.8027210884353742
B,50,0,1050238,1,0,222,222,0.7702702702702703
B,50,0,1050239,0,0,384,384,0.9791666666666666
B,50,0,1050264,1,0,80,80,0.95
B,50,0,1050265,1,0,73,73,0.8493150684931506
B,50,0,1050266,0,0,97,97,0.8556701030927835
B,50,0,1050267,1,0,403,403,0.9776674937965261
B,50,0,1050276,1,0,94,94,0.776595744680851
B,50,0,1050277,1,0,143,143,0.7762237762237763
B,50,0,1050278,1,0,127,127,0.8976377952755905
B,50,0,1050279,0,0,208,208,0.6634615384615384
B,50,0,1050256,0,1,600,600,0.9816666666666667
B,50,0,1050257,0,0,102,102,0.7647058823529411
B,50,0,1050258,0,0,293,293,0.6860068259385665
B,50,0,1050259,1,0,214,214,0.719626168224299
B,50,0,1050272,1,0,248,248,0.7620967741935484
B,50,0,1050273,0,0,126,126,0.8968253968253969
B,50,0,1050274,0,0,89,89,0.7865168539325843
B,50,0,1050275,1,0,150,150,0.9733333333333334
B,50,0,1050292,1,0,252,252,0.876984126984127
B,50,0,1050293,1,0,111,111,0.7657657657657657
B,50,0,1050294,1,0,93,93,0.956989247311828
B,50,0,1050295,0,0,101,101,0.5247524752475248
B,50,0,1050284,0,0,76,76,0.7368421052631579
B,50,0,1050285,1,0,159,159,0.6855345911949685
B,50,0,1050286,1,0,415,415,0.9325301204819277
B,50,0,1050287,0,0,101,101,0.6336633663366337
B,50,0,1050268,1,0,202,202,0.806930693069307
B,50,0,1050269,1,0,333,333,0.7387387387387387
B,50,0,1050270,1,0,139,139,0.7266187050359713
B,50,0,1050271,1,0,493,493,0.9655172413793104
B,50,0,1050248,0,1,600,600,0.6316666666666667
B,50,0,1050249,0,1,600,600,0.975
B,50,0,1050250,1,0,163,163,0.6625766871165644
B,50,0,1050251,0,1,600,600,0.96
B,50,0,1050296,0,0,213,213,0.92018779342723
B,50,0,1050297,1,0,164,164,0.7621951219512195
B,50,0,1050298,1,0,383,383,0.7023498694516971
B,50,0,1050299,1,0,156,156,0.6987179487179487
B,50,0,1050288,1,0,184,184,0.75
B,50,0,1050289,1,0,87,87,0.5287356321839081
B,50,0,1050290,0,0,385,385,0.9714285714285714
B,50,0,1050291,1,0,251,251,0.7450199203187251
B,50,0,1050312,1,0,73,73,0.958904109589041
B,50,0,1050313,1,0,232,232,0.5818965517241379
B,50,0,1050314,1,0,203,203,0.7783251231527094
B,50,0,1050315,1,0,163,163,0.8404907975460123
B,50,0,1050320,1,0,227,227,0.788546255506608
B,50,0,1050321,1,0,106,106,0.8113207547169812
B,50,0,1050322,0,0,187,187,0.8877005347593583
B,50,0,1050323,1,0,76,76,0.9736842105263158
B,50,0,1050304,0,0,109,109,0.8532110091743119
B,50,0,1050305,0,1,600,600,0.965
B,50,0,1050306,1,0,85,85,0.788235294117647
B,50,0,1050307,1,0,179,179,0.7206703910614525
B,50,0,1050280,0,0,196,196,0.7040816326530612
B,50,0,1050281,0,1,600,600,0.9716666666666667
B,50,0,1050282,1,0,80,80,0.8875
B,50,0,1050283,1,0,450,450,0.6933333333333334
B,50,0,1050308,0,0,86,86,0.6744186046511628
B,50,0,1050309,1,0,179,179,0.7821229050279329
B,50,0,1050310,1,0,112,112,0.8214285714285714
B,50,0,1050311,1,0,93,93,0.9032258064516129
B,50,0,1050300,1,0,138,138,0.7753623188405797
B,50,0,1050301,0,1,600,600,0.54
B,50,0,1050302,0,1,600,600,0.64
B,50,0,1050303,1,0,152,152,0.8289473684210527
B,50,0,1050336,1,0,129,129,0.8217054263565892
B,50,0,1050337,1,0,114,114,0.7280701754385965
B,50,0,1050338,1,0,199,199,0.7085427135678392
B,50,0,1050339,1,0,195,195,0.8307692307692308
B,50,0,1050332,1,0,160,160,0.65
B,50,0,1050333,0,0,242,242,0.8801652892561983
B,50,0,1050334,1,0,115,115,0.6782608695652174
B,50,0,1050335,1,0,182,182,0.8241758241758241
B,50,0,1050324,0,1,600,600,0.7833333333333333
B,50,0,1050325,1,0,76,76,0.7236842105263158
B,50,0,1050326,1,0,187,187,0.7807486631016043
B,50,0,1050327,1,0,117,117,0.811965811965812
B,50,0,1050316,0,0,173,173,0.884393063583815
B,50,0,1050317,1,0,270,270,0.6925925925925925
B,50,0,1050318,0,0,162,162,0.5987654320987654
B,50,0,1050319,0,1,600,600,0.66
B,50,0,1050328,1,0,77,77,0.5584415584415584
B,50,0,1050329,1,0,571,571,0.6514886164623468
B,50,0,1050330,1,0,158,158,0.8417721518987342
B,50,0,1050331,1,0,125,125,0.696
B,50,0,1050348,1,0,306,306,0.761437908496732
B,50,0,1050349,1,0,203,203,0.7389162561576355
B,50,0,1050350,1,0,194,194,0.7319587628865979
B,50,0,1050351,1,0,215,215,0.7069767441860465
B,50,0,1050364,1,0,141,141,0.8936170212765957
B,50,0,1050365,1,0,123,123,0.6829268292682927
B,50,0,1050366,0,0,104,104,0.8365384615384616
B,50,0,1050367,1,0,66,66,0.9090909090909091
B,50,0,1050344,1,0,153,153,0.7581699346405228
B,50,0,1050345,1,0,128,128,0.84375
B,50,0,1050346,1,0,241,241,0.6556016597510373
B,50,0,1050347,1,0,191,191,0.7382198952879581
B,50,0,1050356,1,0,187,187,0.8609625668449198
B,50,0,1050357,1,0,93,93,0.7634408602150538
B,50,0,1050358,1,0,160,160,0.79375
B,50,0,1050359,1,0,221,221,0.8868778280542986
B,50,0,1050360,1,0,177,177,0.6666666666666666
B,50,0,1050361,0,0,228,228,0.6535087719298246
B,50,0,1050362,1,0,116,116,0.7155172413793104
B,50,0,1050363,0,0,340,340,0.6441176470588236
B,50,0,1050368,0,0,86,86,0.7093023255813954
B,50,0,1050369,0,0,235,235,0.6680851063829787
B,50,0,1050370,0,1,600,600,0.97
B,50,0,1050371,1,0,307,307,0.5798045602605864
B,50,0,1050372,1,0,72,72,0.9305555555555556
B,50,0,1050373,1,0,119,119,0.8571428571428571
B,50,0,1050374,0,1,600,600,0.975
B,50,0,1050375,1,0,124,124,0.8548387096774194
B,50,0,1050376,1,0,224,224,0.8616071428571429
B,50,0,1050377,1,0,164,164,0.6646341463414634
B,50,0,1050378,1,0,125,125,0.944
B,50,0,1050379,1,0,128,128,0.890625
B,50,0,1050352,0,1,600,600,0.6916666666666667
B,50,0,1050353,1,0,182,182,0.6428571428571429
B,50,0,1050354,1,0,94,94,0.851063829787234
B,50,0,1050355,0,1,600,600,0.935
B,50,0,1050388,0,1,600,600,0.98
B,50,0,1050389,0,0,120,120,0.6083333333333333
B,50,0,1050390,1,0,192,192,0.78125
B,50,0,1050391,0,0,166,166,0.7590361445783133
B,50,0,1050392,1,0,245,245,0.636734693877551
B,50,0,1050393,1,0,130,130,0.7538461538461538
B,50,0,1050394,0,0,131,131,0.4732824427480916
B,50,0,1050395,1,0,139,139,0.8129496402877698
B,50,0,1050380,0,0,146,146,0.6643835616438356
B,50,0,1050381,1,0,202,202,0.8217821782178217
B,50,0,1050382,1,0,104,104,0.875
B,50,0,1050383,0,0,353,353,0.5524079320113314
B,50,0,1050400,1,0,240,240,0.8583333333333333
B,50,0,1050401,1,0,139,139,0.8345323741007195
B,50,0,1050402,1,0,134,134,0.8208955223880597
B,50,0,1050403,1,0,74,74,0.9594594594594594
B,50,0,1050340,0,1,600,600,0.9666666666666667
B,50,0,1050341,1,0,144,144,0.7916666666666666
B,50,0,1050342,0,1,600,600,0.9866666666666667
B,50,0,1050343,0,0,206,206,0.6747572815533981
B,50,0,1050408,1,0,89,89,0.7865168539325843
B,50,0,1050409,1,0,72,72,0.7638888888888888
B,50,0,1050410,1,0,109,109,0.8348623853211009
B,50,0,1050411,1,0,139,139,0.7553956834532374
B,50,0,1050404,1,0,70,70,0.8571428571428571
B,50,0,1050405,1,0,355,355,0.6957746478873239
B,50,0,1050406,0,1,600,600,0.9583333333333334
B,50,0,1050407,1,0,118,118,0.8983050847457628
B,50,0,1050384,1,0,286,286,0.9370629370629371
B,50,0,1050385,0,0,247,247,0.757085020242915
B,50,0,1050386,1,0,159,159,0.7358490566037735
B,50,0,1050387,0,1,600,600,0.9766666666666667
B,50,0,1050396,1,0,189,189,0.8465608465608465
B,50,0,1050397,0,1,600,600,0.975
B,50,0,1050398,0,1,600,600,0.9783333333333334
B,50,0,1050399,0,0,76,76,0.7894736842105263
B,50,0,1050420,1,0,169,169,0.6686390532544378
B,50,0,1050421,1,0,126,126,0.7142857142857143
B,50,0,1050422,0,0,151,151,0.8278145695364238
B,50,0,1050423,0,0,263,263,0.6958174904942965
B,50,0,1050424,1,0,95,95,0.7263157894736842
B,50,0,1050425,1,0,146,146,0.8698630136986302
B,50,0,1050426,1,0,170,170,0.6823529411764706
B,50,0,1050427,1,0,145,145,0.8482758620689655
B,50,0,1050428,1,0,112,112,0.9017857142857143
B,50,0,1050429,1,0,82,82,0.7926829268292683
B,50,0,1050430,0,0,76,76,0.9473684210526315
B,50,0,1050431,0,1,600,600,0.5316666666666666
B,50,0,1050412,1,0,182,182,0.7912087912087912
B,50,0,1050413,1,0,169,169,0.757396449704142
B,50,0,1050414,0,1,600,600,0.5683333333333334
B,50,0,1050415,0,0,150,150,0.66
B,50,0,1050432,0,0,96,96,0.53125
B,50,0,1050433,0,0,76,76,0.8947368421052632
B,50,0,1050434,1,0,107,107,0.514018691588785
B,50,0,1050435,0,1,600,600,0.63
B,50,0,1050416,1,0,150,150,0.82
B,50,0,1050417,0,1,600,600,0.9633333333333334
B,50,0,1050418,1,0,142,142,0.6126760563380281
B,50,0,1050419,1,0,128,128,0.7890625
B,50,0,1050452,1,0,152,152,0.7631578947368421
B,50,0,1050453,1,0,88,88,0.9545454545454546
B,50,0,1050454,0,1,76,76,0.9210526315789473
B,50,0,1050455,1,0,117,117,0.7606837606837606
B,50,0,1050444,0,1,600,600,0.9783333333333334
B,50,0,1050445,1,0,124,124,0.9112903225806451
B,50,0,1050446,1,0,189,189,0.7195767195767195
B,50,0,1050447,1,0,96,96,0.8020833333333334
B,50,0,1050456,1,0,160,160,0.91875
B,50,0,1050457,1,0,105,105,0.6571428571428571
B,50,0,1050458,1,0,112,112,0.9017857142857143
B,50,0,1050459,1,0,162,162,0.8580246913580247
B,50,0,1050468,1,0,245,245,0.8122448979591836
B,50,0,1050469,1,0,74,74,0.9054054054054054
B,50,0,1050470,1,0,127,127,0.937007874015748
B,50,0,1050471,0,0,139,139,0.697841726618705
B,50,0,1050440,1,0,107,107,0.7850467289719626
B,50,0,1050441,0,1,600,600,0.9616666666666667
B,50,0,1050442,0,0,387,387,0.5400516795865633
B,50,0,1050443,1,0,204,204,0.7352941176470589
B,50,0,1050436,0,1,600,600,0.6783333333333333
B,50,0,1050437,0,1,600,600,0.5816666666666667
B,50,0,1050438,1,0,126,126,0.8253968253968254
B,50,0,1050439,1,0,132,132,0.5378787878787878
B,50,0,1050464,1,0,140,140,0.9142857142857143
B,50,0,1050465,1,0,138,138,0.6304347826086957
B,50,0,1050466,0,0,186,186,0.7043010752688172
B,50,0,1050467,1,0,92,92,0.8913043478260869
B,50,0,1050448,0,1,600,600,0.9716666666666667
B,50,0,1050449,1,0,154,154,0.7792207792207793
B,50,0,1050450,0,0,213,213,0.6572769953051644
B,50,0,1050451,0,1,600,600,0.9466666666666667
B,50,0,1050460,1,0,168,168,0.8273809523809523
B,50,0,1050461,1,0,410,410,0.7439024390243902
B,50,0,1050462,1,0,75,75,0.88
B,50,0,1050463,1,0,95,95,0.7578947368421053
B,50,0,1050476,1,0,178,178,0.8932584269662921
B,50,0,1050477,0,0,238,238,0.7605042016806722
B,50,0,1050478,1,0,84,84,0.9404761904761905
B,50,0,1050479,1,0,119,119,0.7058823529411765
B,50,0,1050472,0,0,324,324,0.9629629629629629
B,50,0,1050473,1,0,174,174,0.6839080459770115
B,50,0,1050474,1,0,302,302,0.7185430463576159
B,50,0,1050475,0,0,133,133,0.48120300751879697
B,50,0,1050496,0,0,109,109,0.6880733944954128
B,50,0,1050497,1,0,166,166,0.8433734939759037
B,50,0,1050498,1,0,161,161,0.8198757763975155
B,50,0,1050499,1,0,106,106,0.7735849056603774
B,50,0,1050484,0,1,600,600,0.9766666666666667
B,50,0,1050485,1,0,348,348,0.6551724137931034
B,50,0,1050486,0,0,101,101,0.8514851485148515
B,50,0,1050487,1,0,138,138,0.6304347826086957
B,50,0,1050488,1,0,146,146,0.815068493150685
B,50,0,1050489,0,1,600,600,0.7033333333333334
B,50,0,1050490,1,0,107,107,0.8785046728971962
B,50,0,1050491,1,0,340,340,0.6647058823529411
B,50,0,1050492,1,0,256,256,0.80859375
B,50,0,1050493,0,1,600,600,0.9783333333333334
B,50,0,1050494,1,0,106,106,0.7830188679245284
B,50,0,1050495,1,0,117,117,0.7094017094017094
B,50,0,1050480,1,0,150,150,0.8533333333333334
B,50,0,1050481,0,1,600,600,0.8866666666666667
B,50,0,1050482,0,1,600,600,0.945
B,50,0,1050483,0,0,117,117,0.8803418803418803
B,100,0,1100019,1,0,77,39,0.8974358974358975
B,100,0,1100020,1,0,120,60,0.7833333333333333
B,100,0,1100021,0,0,153,77,0.7922077922077922
B,100,0,1100022,1,0,153,77,0.7792207792207793
B,100,0,1100031,1,0,148,74,0.9324324324324325
B,100,0,1100032,1,0,103,52,0.7692307692307693
B,100,0,1100033,1,0,108,54,0.6296296296296297
B,100,0,1100034,1,0,130,65,0.8
B,100,0,1100011,1,0,202,101,0.5841584158415841
B,100,0,1100012,1,0,140,70,0.8714285714285714
B,100,0,1100013,0,0,150,75,0.6133333333333333
B,100,0,1100014,1,0,276,138,0.644927536231884
B,100,0,1100003,1,0,202,101,0.6237623762376238
B,100,0,1100004,1,0,190,95,0.7052631578947368
B,100,0,1100005,1,0,135,68,0.7794117647058824
B,100,0,1100006,1,0,127,64,0.8125
B,100,0,1100027,1,0,234,117,0.7264957264957265
B,100,0,1100028,1,0,83,42,0.8809523809523809
B,100,0,1100029,1,0,111,56,0.7857142857142857
B,100,0,1100030,1,0,120,60,0.7833333333333333
B,100,0,1100015,1,0,177,89,0.797752808988764
B,100,0,1100016,1,0,81,41,0.8536585365853658
B,100,0,1100017,0,0,199,100,0.94
B,100,0,1100018,1,0,174,87,0.6206896551724138
B,100,0,1100043,1,0,105,53,0.7735849056603774
B,100,0,1100044,1,0,145,73,0.5753424657534246
B,100,0,1100045,1,0,109,55,0.7454545454545455
B,100,0,1100046,1,0,176,88,0.8636363636363636
B,100,0,1100023,0,0,127,64,0.65625
B,100,0,1100024,1,0,192,96,0.6458333333333334
B,100,0,1100025,1,0,155,78,0.7692307692307693
B,100,0,1100026,0,1,600,300,0.9566666666666667
B,100,0,1100035,1,0,140,70,0.7428571428571429
B,100,0,1100036,1,0,124,62,0.7741935483870968
B,100,0,1100037,1,0,133,67,0.835820895522388
B,100,0,1100038,1,0,174,87,0.6436781609195402
B,100,0,1100047,1,0,194,97,0.6701030927835051
B,100,0,1100048,1,0,197,99,0.6868686868686869
B,100,0,1100049,1,0,157,79,0.6075949367088608
B,100,0,1100050,1,0,108,54,0.7592592592592593
B,100,0,1100007,0,1,600,300,0.84
B,100,0,1100008,0,0,217,109,0.5871559633027523
B,100,0,1100009,1,0,135,68,0.6911764705882353
B,100,0,1100010,0,0,163,82,0.7804878048780488
B,100,0,1100063,1,0,195,98,0.7448979591836735
B,100,0,1100064,0,1,600,300,0.9933333333333333
B,100,0,1100065,1,0,214,107,0.7102803738317757
B,100,0,1100066,0,0,105,53,0.6415094339622641
B,100,0,1100071,1,0,188,94,0.9468085106382979
B,100,0,1100072,1,0,128,64,0.84375
B,100,0,1100073,0,0,172,86,0.8837209302325582
B,100,0,1100074,1,0,92,46,0.8043478260869565
B,100,0,1100067,1,0,68,34,0.8823529411764706
B,100,0,1100068,1,0,124,62,0.8387096774193549
B,100,0,1100069,1,0,76,38,0.7105263157894737
B,100,0,1100070,1,0,327,164,0.6036585365853658
B,100,0,1100051,1,0,127,64,0.921875
B,100,0,1100052,1,0,132,66,0.8636363636363636
B,100,0,1100053,1,0,87,44,0.7954545454545454
B,100,0,1100054,1,0,375,188,0.6117021276595744
B,100,0,1100059,0,1,600,300,0.97
B,100,0,1100060,0,1,600,300,0.9733333333333334
B,100,0,1100061,0,0,189,95,0.8947368421052632
B,100,0,1100062,1,0,113,57,0.8245614035087719
B,100,0,1100039,1,0,272,136,0.7720588235294118
B,100,0,1100040,0,1,600,300,0.9866666666666667
B,100,0,1100041,1,0,145,73,0.8493150684931506
B,100,0,1100042,0,1,600,300,0.6633333333333333
B,100,0,1100055,0,0,361,181,0.7790055248618785
B,100,0,1100056,1,0,209,105,0.6095238095238096
B,100,0,1100057,1,0,82,41,0.8292682926829268
B,100,0,1100058,1,0,174,87,0.7701149425287356
B,100,0,1100095,1,0,142,71,0.8169014084507042
B,100,0,1100096,1,0,70,35,0.6857142857142857
B,100,0,1100097,1,0,64,32,0.90625
B,100,0,1100098,1,0,169,85,0.7647058823529411
B,100,0,1100079,1,0,74,37,0.8918918918918919
B,100,0,1100080,1,0,293,147,0.7414965986394558
B,100,0,1100081,0,0,95,48,0.8125
B,100,0,1100082,0,1,600,300,0.9633333333333334
B,100,0,1100075,0,1,600,300,0.9633333333333334
B,100,0,1100076,1,0,142,71,0.7183098591549296
B,100,0,1100077,1,0,132,66,0.6818181818181818
B,100,0,1100078,0,0,238,119,0.7394957983193278
B,100,0,1100107,1,0,187,94,0.8404255319148937
B,100,0,1100108,0,0,190,95,0.6631578947368421
B,100,0,1100109,1,0,130,65,0.7846153846153846
B,100,0,1100110,0,0,101,51,0.7254901960784313
B,100,0,1100083,1,0,142,71,0.8028169014084507
B,100,0,1100084,1,0,147,74,0.8648648648648649
B,100,0,1100085,1,0,111,56,0.6785714285714286
B,100,0,1100086,0,1,600,300,0.9633333333333334
B,100,0,1100119,1,0,108,54,0.8703703703703703
B,100,0,1100120,0,0,120,60,0.8666666666666667
B,100,0,1100121,1,0,196,98,0.6938775510204082
B,100,0,1100122,1,0,187,94,0.7872340425531915
B,100,0,1100087,1,0,134,67,0.7761194029850746
B,100,0,1100088,1,0,195,98,0.7755102040816326
B,100,0,1100089,1,0,176,88,0.5795454545454546
B,100,0,1100090,0,1,600,300,0.9733333333333334
B,100,0,1100099,1,0,169,85,0.6588235294117647
B,100,0,1100100,1,0,151,76,0.7631578947368421
B,100,0,1100101,0,1,600,300,0.7533333333333333
B,100,0,1100102,0,0,87,44,0.8181818181818182
B,100,0,1100123,1,0,128,64,0.796875
B,100,0,1100124,0,0,162,81,0.6172839506172839
B,100,0,1100125,0,0,51,26,0.8461538461538461
B,100,0,1100126,1,0,65,33,0.8484848484848485
B,100,0,1100111,0,1,600,300,0.5466666666666666
B,100,0,1100112,1,0,160,80,0.8625
B,100,0,1100113,0,0,219,110,0.8636363636363636
B,100,0,1100114,1,0,125,63,0.8095238095238095
B,100,0,1100131,0,0,84,42,0.7857142857142857
B,100,0,1100132,0,0,101,51,0.7647058823529411
B,100,0,1100133,1,0,105,53,0.7547169811320755
B,100,0,1100134,1,0,149,75,0.8666666666666667
B,100,0,1100091,1,0,161,81,0.7160493827160493
B,100,0,1100092,1,0,152,76,0.7368421052631579
B,100,0,1100093,0,0,258,129,0.689922480620155
B,100,0,1100094,1,0,160,80,0.7125
B,100,0,1100127,0,0,260,130,0.5692307692307692
B,100,0,1100128,1,0,252,126,0.7222222222222222
B,100,0,1100129,1,0,123,62,0.7741935483870968
B,100,0,1100130,1,0,152,76,0.8157894736842105
B,100,0,1100139,1,0,133,67,0.8208955223880597
B,100,0,1100140,1,0,195,98,0.9285714285714286
B,100,0,1100141,1,0,77,39,0.8974358974358975
B,100,0,1100142,1,0,112,56,0.7321428571428571
B,100,0,1100115,0,1,600,300,0.9666666666666667
B,100,0,1100116,1,0,207,104,0.7211538461538461
B,100,0,1100117,1,0,115,58,0.7931034482758621
B,100,0,1100118,0,0,91,46,0.6086956521739131
B,100,0,1100143,1,0,73,37,0.8918918918918919
B,100,0,1100144,1,0,105,53,0.8113207547169812
B,100,0,1100145,1,0,108,54,0.7592592592592593
B,100,0,1100146,0,0,247,124,0.8548387096774194
B,100,0,1100147,1,0,206,103,0.6019417475728155
B,100,0,1100148,1,0,75,38,0.868421052631579
B,100,0,1100149,1,0,187,94,0.6595744680851063
B,100,0,1100150,0,0,126,63,0.6031746031746031
B,100,0,1100135,1,0,130,65,0.7230769230769231
B,100,0,1100136,1,0,146,73,0.5753424657534246
B,100,0,1100137,0,0,437,219,0.8904109589041096
B,100,0,1100138,0,1,600,300,0.9633333333333334
B,100,0,1100167,1,0,237,119,0.907563025210084
B,100,0,1100168,1,0,176,88,0.7272727272727273
B,100,0,1100169,1,0,77,39,0.8974358974358975
B,100,0,1100170,0,0,234,117,0.6153846153846154
B,100,0,1100163,1,0,77,39,0.9743589743589743
B,100,0,1100164,1,0,94,47,0.7446808510638298
B,100,0,1100165,1,0,80,40,0.95
B,100,0,1100166,1,0,215,108,0.7592592592592593
B,100,0,1100155,0,0,76,38,0.8421052631578947
B,100,0,1100156,0,0,154,77,0.6753246753246753
B,100,0,1100157,1,0,170,85,0.7647058823529411
B,100,0,1100158,0,0,221,111,0.9099099099099099
B,100,0,1100103,1,0,128,64,0.828125
B,100,0,1100104,1,0,136,68,0.75
B,100,0,1100105,0,1,600,300,0.97
B,100,0,1100106,1,0,167,84,0.8809523809523809
B,100,0,1100175,1,0,225,113,0.5929203539823009
B,100,0,1100176,1,0,186,93,0.7204301075268817
B,100,0,1100177,1,0,222,111,0.9099099099099099
B,100,0,1100178,1,0,74,37,0.9459459459459459
B,100,0,1100179,1,0,177,89,0.5168539325842697
B,100,0,1100180,1,0,149,75,0.8133333333333334
B,100,0,1100181,1,0,208,104,0.6346153846153846
B,100,0,1100182,1,0,71,36,0.9166666666666666
B,100,0,1100151,1,0,249,125,0.768
B,100,0,1100152,1,0,172,86,0.9651162790697675
B,100,0,1100153,1,0,78,39,0.8974358974358975
B,100,0,1100154,1,0,106,53,0.6415094339622641
B,100,0,1100187,1,0,133,67,0.7313432835820896
B,100,0,1100188,1,0,80,40,0.875
B,100,0,1100189,1,0,220,110,0.5909090909090909
B,100,0,1100190,1,0,189,95,0.6105263157894737
B,100,0,1100171,0,0,93,47,0.425531914893617
B,100,0,1100172,1,0,115,58,0.7931034482758621
B,100,0,1100173,0,0,79,40,0.75
B,100,0,1100174,1,0,121,61,0.8688524590163934
B,100,0,1100159,1,0,246,123,0.8780487804878049
B,100,0,1100160,0,0,577,289,0.9688581314878892
B,100,0,1100161,1,0,209,105,0.9047619047619048
B,100,0,1100162,0,1,600,300,0.89
B,100,0,1100191,1,0,166,83,0.7710843373493976
B,100,0,1100192,1,0,174,87,0.8735632183908046
B,100,0,1100193,1,0,172,86,0.7674418604651163
B,100,0,1100194,1,0,151,76,0.75
B,100,0,1100199,0,0,438,219,0.9634703196347032
B,100,0,1100200,1,0,119,60,0.5833333333333334
B,100,0,1100201,1,0,219,110,0.7545454545454545
B,100,0,1100202,1,0,100,50,0.82
B,100,0,1100207,1,0,161,81,0.8765432098765432
B,100,0,1100208,1,0,322,161,0.6086956521739131
B,100,0,1100209,1,0,168,84,0.7142857142857143
B,100,0,1100210,1,0,189,95,0.8210526315789474
B,100,0,1100215,0,0,179,90,0.9333333333333333
B,100,0,1100216,1,0,224,112,0.8214285714285714
B,100,0,1100217,1,0,158,79,0.8987341772151899
B,100,0,1100218,1,0,108,54,0.7407407407407407
B,100,0,1100195,1,0,93,47,0.7872340425531915
B,100,0,1100196,1,0,173,87,0.7701149425287356
B,100,0,1100197,1,0,157,79,0.6708860759493671
B,100,0,1100198,1,0,491,246,0.8089430894308943
B,100,0,1100231,1,0,125,63,0.7936507936507936
B,100,0,1100232,0,0,76,38,0.5789473684210527
B,100,0,1100233,1,0,191,96,0.8645833333333334
B,100,0,1100234,1,0,71,36,0.8055555555555556
B,100,0,1100235,1,0,172,86,0.7790697674418605
B,100,0,1100236,1,0,143,72,0.8055555555555556
B,100,0,1100237,1,0,186,93,0.7634408602150538
B,100,0,1100238,1,0,144,72,0.7638888888888888
B,100,0,1100211,0,0,151,76,0.7236842105263158
B,100,0,1100212,0,0,76,38,0.8157894736842105
B,100,0,1100213,1,0,128,64,0.59375
B,100,0,1100214,1,0,202,101,0.7821782178217822
B,100,0,1100239,1,0,89,45,0.6666666666666666
B,100,0,1100240,1,0,115,58,0.5862068965517241
B,100,0,1100241,1,0,123,62,0.8387096774193549
B,100,0,1100242,0,0,179,90,0.6
B,100,0,1100183,1,0,486,243,0.7695473251028807
B,100,0,1100184,1,0,244,122,0.6721311475409836
B,100,0,1100185,1,0,129,65,0.8615384615384616
B,100,0,1100186,0,0,126,63,0.6349206349206349
B,100,0,1100227,0,1,600,300,0.9666666666666667
B,100,0,1100228,1,0,104,52,0.8076923076923077
B,100,0,1100229,1,0,92,46,0.8043478260869565
B,100,0,1100230,0,0,126,63,0.8571428571428571
B,100,0,1100251,1,0,199,100,0.86
B,100,0,1100252,1,0,87,44,0.8409090909090909
B,100,0,1100253,1,0,442,221,0.6561085972850679
B,100,0,1100254,1,0,126,63,0.6666666666666666
B,100,0,1100259,1,0,186,93,0.8494623655913979
B,100,0,1100260,1,0,160,80,0.9125
B,100,0,1100261,1,0,151,76,0.7763157894736842
B,100,0,1100262,1,0,67,34,0.9705882352941176
B,100,0,1100243,0,0,321,161,0.9503105590062112
B,100,0,1100244,1,0,118,59,0.864406779661017
B,100,0,1100245,1,0,142,71,0.6901408450704225
B,100,0,1100246,0,1,600,300,0.6233333333333333
B,100,0,1100263,1,0,87,44,0.9318181818181818
B,100,0,1100264,1,0,68,34,0.9705882352941176
B,100,0,1100265,1,0,131,66,0.7424242424242424
B,100,0,1100266,1,0,73,37,0.9459459459459459
B,100,0,1100255,0,0,108,54,0.7222222222222222
B,100,0,1100256,0,0,251,126,0.7222222222222222
B,100,0,1100257,1,0,121,61,0.6721311475409836
B,100,0,1100258,1,0,76,38,0.9473684210526315
B,100,0,1100223,0,1,600,300,0.7766666666666666
B,100,0,1100224,0,1,600,300,0.7066666666666667
B,100,0,1100225,0,1,600,300,0.9833333333333333
B,100,0,1100226,1,0,312,156,0.5384615384615384
B,100,0,1100247,1,0,79,40,0.85
B,100,0,1100248,1,0,450,225,0.6044444444444445
B,100,0,1100249,1,0,162,81,0.8271604938271605
B,100,0,1100250,1,0,78,39,0.8717948717948718
B,100,0,1100267,0,0,139,70,0.8857142857142857
B,100,0,1100268,1,0,107,54,0.6481481481481481
B,100,0,1100269,0,0,221,111,0.9099099099099099
B,100,0,1100270,0,0,174,87,0.5977011494252874
B,100,0,1100219,0,1,600,300,0.98
B,100,0,1100220,1,0,84,42,0.7857142857142857
B,100,0,1100221,1,0,154,77,0.8831168831168831
B,100,0,1100222,0,0,151,76,0.631578947368421
B,100,0,1100275,1,0,271,136,0.7352941176470589
B,100,0,1100276,1,0,125,63,0.7142857142857143
B,100,0,1100277,1,0,147,74,0.9054054054054054
B,100,0,1100278,1,0,84,42,0.8333333333333334
B,100,0,1100279,1,0,129,65,0.8923076923076924
B,100,0,1100280,1,0,80,40,0.75
B,100,0,1100281,1,0,116,58,0.8103448275862069
B,100,0,1100282,1,0,121,61,0.7868852459016393
B,100,0,1100283,1,0,166,83,0.7590361445783133
B,100,0,1100284,1,0,69,35,0.8857142857142857
B,100,0,1100285,0,1,600,300,0.9666666666666667
B,100,0,1100286,1,0,120,60,0.7666666666666667
B,100,0,1100271,1,0,471,236,0.6483050847457628
B,100,0,1100272,0,1,600,300,0.6166666666666667
B,100,0,1100273,1,0,310,155,0.7677419354838709
B,100,0,1100274,1,0,85,43,0.8604651162790697
B,100,0,1100291,1,0,166,83,0.7590361445783133
B,100,0,1100292,1,0,192,96,0.8541666666666666
B,100,0,1100293,0,1,600,300,0.98
B,100,0,1100294,1,0,75,38,0.9473684210526315
B,100,0,1100303,1,0,96,48,0.7916666666666666
B,100,0,1100304,1,0,167,84,0.75
B,100,0,1100305,1,0,186,93,0.5376344086021505
B,100,0,1100306,1,0,137,69,0.8260869565217391
B,100,0,1100203,1,0,365,183,0.6065573770491803
B,100,0,1100204,0,1,600,300,0.97
B,100,0,1100205,0,1,600,300,0.99
B,100,0,1100206,0,1,600,300,0.5833333333333334
B,100,0,1100287,1,0,208,104,0.625
B,100,0,1100288,0,0,134,67,0.8805970149253731
B,100,0,1100289,0,1,600,300,0.8733333333333333
B,100,0,1100290,1,0,74,37,0.8378378378378378
B,100,0,1100311,0,0,96,48,0.7708333333333334
B,100,0,1100312,1,0,215,108,0.75
B,100,0,1100313,1,0,140,70,0.7571428571428571
B,100,0,1100314,1,0,222,111,0.6936936936936937
B,100,0,1100299,0,1,600,300,0.9566666666666667
B,100,0,1100300,1,0,139,70,0.8857142857142857
B,100,0,1100301,0,1,600,300,0.5966666666666667
B,100,0,1100302,1,0,105,53,0.8679245283018868
B,100,0,1100319,0,0,448,224,0.6116071428571429
B,100,0,1100320,0,0,81,41,0.6585365853658537
B,100,0,1100321,1,0,68,34,0.9117647058823529
B,100,0,1100322,1,0,71,36,0.9444444444444444
B,100,0,1100331,0,0,248,124,0.6048387096774194
B,100,0,1100332,1,0,90,45,0.7555555555555555
B,100,0,1100333,1,0,147,74,0.7702702702702703
B,100,0,1100334,1,0,68,34,0.8235294117647058
B,100,0,1100315,1,0,88,44,0.7727272727272727
B,100,0,1100316,1,0,226,113,0.8672566371681416
B,100,0,1100317,1,0,131,66,0.6818181818181818
B,100,0,1100318,1,0,165,83,0.6385542168674698
B,100,0,1100335,1,0,168,84,0.6309523809523809
B,100,0,1100336,1,0,121,61,0.8852459016393442
B,100,0,1100337,1,0,142,71,0.7746478873239436
B,100,0,1100338,1,0,104,52,0.7692307692307693
B,100,0,1100295,1,0,73,37,0.8918918918918919
B,100,0,1100296,1,0,123,62,0.7903225806451613
B,100,0,1100297,0,1,600,300,0.7666666666666667
B,100,0,1100298,1,0,264,132,0.7424242424242424
B,100,0,1100343,0,0,76,38,0.7631578947368421
B,100,0,1100344,1,0,100,50,0.82
B,100,0,1100345,0,0,151,76,0.7105263157894737
B,100,0,1100346,1,0,258,129,0.6511627906976745
B,100,0,1100339,1,0,122,61,0.9016393442622951
B,100,0,1100340,1,0,142,71,0.7464788732394366
B,100,0,1100341,1,0,192,96,0.65625
B,100,0,1100342,0,0,168,84,0.8333333333333334
B,100,0,1100327,1,0,169,85,0.7411764705882353
B,100,0,1100328,1,0,94,47,0.8723404255319149
B,100,0,1100329,0,0,535,268,0.5149253731343284
B,100,0,1100330,1,0,332,166,0.7228915662650602
B,100,0,1100347,1,0,226,113,0.7345132743362832
B,100,0,1100348,1,0,261,131,0.6870229007633588
B,100,0,1100349,0,0,76,38,0.8947368421052632
B,100,0,1100350,1,0,145,73,0.7945205479452054
B,100,0,1100307,0,1,600,300,0.9666666666666667
B,100,0,1100308,1,0,226,113,0.7610619469026548
B,100,0,1100309,1,0,114,57,0.8070175438596491
B,100,0,1100310,1,0,179,90,0.8222222222222222
B,100,0,1100351,1,0,196,98,0.7040816326530612
B,100,0,1100352,1,0,130,65,0.8461538461538461
B,100,0,1100353,1,0,118,59,0.7966101694915254
B,100,0,1100354,1,0,187,94,0.7127659574468085
B,100,0,1100355,1,0,158,79,0.810126582278481
B,100,0,1100356,1,0,140,70,0.8857142857142857
B,100,0,1100357,0,0,139,70,0.6428571428571429
B,100,0,1100358,1,0,124,62,0.7903225806451613
B,100,0,1100323,1,0,119,60,0.8833333333333333
B,100,0,1100324,0,0,126,63,0.8095238095238095
B,100,0,1100325,0,1,600,300,0.9766666666666667
B,100,0,1100326,1,0,365,183,0.6994535519125683
B,100,0,1100363,1,0,131,66,0.803030303030303
B,100,0,1100364,1,0,149,75,0.8533333333333334
B,100,0,1100365,0,0,176,88,0.7272727272727273
B,100,0,1100366,1,0,91,46,0.782608695652174
B,100,0,1100359,1,0,159,80,0.725
B,100,0,1100360,0,1,600,300,0.8833333333333333
B,100,0,1100361,0,0,101,51,0.8431372549019608
B,100,0,1100362,1,0,147,74,0.8918918918918919
B,100,0,1100367,1,0,385,193,0.7564766839378239
B,100,0,1100368,0,0,190,95,0.9157894736842105
B,100,0,1100369,1,0,103,52,0.8846153846153846
B,100,0,1100370,1,0,207,104,0.6826923076923077
B,100,0,1100379,1,0,110,55,0.7454545454545455
B,100,0,1100380,0,0,220,110,0.9272727272727272
B,100,0,1100381,1,0,274,137,0.7518248175182481
B,100,0,1100382,1,0,132,66,0.8333333333333334
B,100,0,1100371,1,0,405,203,0.6059113300492611
B,100,0,1100372,1,0,141,71,0.7323943661971831
B,100,0,1100373,1,0,80,40,0.8
B,100,0,1100374,1,0,133,67,0.7611940298507462
B,100,0,1100387,1,0,162,81,0.7654320987654321
B,100,0,1100388,1,0,234,117,0.811965811965812
B,100,0,1100389,1,0,83,42,0.8333333333333334
B,100,0,1100390,0,1,600,300,0.96
B,100,0,1100375,1,0,119,60,0.8666666666666667
B,100,0,1100376,1,0,176,88,0.8295454545454546
B,100,0,1100377,1,0,337,169,0.7159763313609467
B,100,0,1100378,1,0,508,254,0.7559055118110236
B,100,0,1100399,1,0,169,85,0.8588235294117647
B,100,0,1100400,1,0,135,68,0.6911764705882353
B,100,0,1100401,1,0,99,50,0.92
B,100,0,1100402,1,0,76,38,0.9210526315789473
B,100,0,1100391,1,0,144,72,0.8472222222222222
B,100,0,1100392,1,0,270,135,0.6296296296296297
B,100,0,1100393,1,0,112,56,0.75
B,100,0,1100394,1,0,125,63,0.7619047619047619
B,100,0,1100383,1,0,201,101,0.5742574257425742
B,100,0,1100384,1,0,75,38,1.0
B,100,0,1100385,1,0,255,128,0.625
B,100,0,1100386,1,0,145,73,0.8493150684931506
B,100,0,1100395,1,0,263,132,0.5757575757575758
B,100,0,1100396,0,0,346,173,0.9364161849710982
B,100,0,1100397,0,1,600,300,0.9666666666666667
B,100,0,1100398,1,0,145,73,0.7808219178082192
B,100,0,1100407,1,0,120,60,0.8333333333333334
B,100,0,1100408,1,0,120,60,0.95
B,100,0,1100409,0,0,101,51,0.8823529411764706
B,100,0,1100410,1,0,135,68,0.7352941176470589
B,100,0,1100415,0,0,151,76,0.8421052631578947
B,100,0,1100416,0,0,167,84,0.8095238095238095
B,100,0,1100417,0,0,101,51,0.9607843137254902
B,100,0,1100418,1,0,220,110,0.7727272727272727
B,100,0,1100411,1,0,362,181,0.6961325966850829
B,100,0,1100412,1,0,197,99,0.5454545454545454
B,100,0,1100413,1,0,85,43,0.8837209302325582
B,100,0,1100414,0,0,84,42,0.7619047619047619
B,100,0,1100439,0,0,101,51,0.8627450980392157
B,100,0,1100440,1,0,102,51,0.8627450980392157
B,100,0,1100441,1,0,95,48,0.8333333333333334
B,100,0,1100442,0,1,600,300,0.5933333333333334
B,100,0,1100423,1,0,98,49,0.7551020408163265
B,100,0,1100424,1,0,162,81,0.8024691358024691
B,100,0,1100425,0,1,600,300,0.57
B,100,0,1100426,1,0,133,67,0.8059701492537313
B,100,0,1100431,0,1,600,300,0.9733333333333334
B,100,0,1100432,1,0,127,64,0.828125
B,100,0,1100433,1,0,143,72,0.9583333333333334
B,100,0,1100434,0,1,600,300,0.63
B,100,0,1100427,1,0,108,54,0.8148148148148148
B,100,0,1100428,1,0,133,67,0.7761194029850746
B,100,0,1100429,1,0,105,53,0.7547169811320755
B,100,0,1100430,1,0,244,122,0.7868852459016393
B,100,0,1100435,0,1,600,300,0.9666666666666667
B,100,0,1100436,1,0,126,63,0.8571428571428571
B,100,0,1100437,0,0,216,108,0.9259259259259259
B,100,0,1100438,1,0,125,63,0.7619047619047619
B,100,0,1100451,1,0,91,46,0.782608695652174
B,100,0,1100452,1,0,140,70,0.7285714285714285
B,100,0,1100453,1,0,126,63,0.8253968253968254
B,100,0,1100454,0,0,190,95,0.6105263157894737
B,100,0,1100455,0,0,251,126,0.7380952380952381
B,100,0,1100456,0,0,300,150,0.94
B,100,0,1100457,1,0,147,74,0.6486486486486487
B,100,0,1100458,1,0,117,59,0.7288135593220338
B,100,0,1100443,1,0,107,54,0.7592592592592593
B,100,0,1100444,1,0,119,60,0.85
B,100,0,1100445,0,0,76,38,0.7631578947368421
B,100,0,1100446,0,1,600,300,0.9633333333333334
B,100,0,1100467,1,0,77,39,0.9743589743589743
B,100,0,1100468,1,0,340,170,0.7705882352941177
B,100,0,1100469,1,0,121,61,0.8360655737704918
B,100,0,1100470,1,0,142,71,0.647887323943662
B,100,0,1100447,1,0,118,59,0.7966101694915254
B,100,0,1100448,0,0,76,38,0.8421052631578947
B,100,0,1100449,0,0,108,54,0.5925925925925926
B,100,0,1100450,0,1,600,300,0.98
B,100,0,1100463,1,0,172,86,0.7906976744186046
B,100,0,1100464,1,0,154,77,0.8181818181818182
B,100,0,1100465,1,0,101,51,0.7843137254901961
B,100,0,1100466,0,0,140,70,0.8428571428571429
B,100,0,1100403,0,1,600,300,0.9666666666666667
B,100,0,1100404,1,0,119,60,0.9333333333333333
B,100,0,1100405,0,1,600,300,0.98
B,100,0,1100406,1,0,88,44,0.8409090909090909
B,100,0,1100419,0,1,600,300,0.5966666666666667
B,100,0,1100420,0,1,600,300,0.9633333333333334
B,100,0,1100421,1,0,76,38,0.9473684210526315
B,100,0,1100422,1,0,129,65,0.6307692307692307
B,100,0,1100471,1,0,354,177,0.672316384180791
B,100,0,1100472,1,0,176,88,0.7727272727272727
B,100,0,1100473,1,0,130,65,0.7230769230769231
B,100,0,1100474,1,0,96,48,0.7708333333333334
B,100,0,1100499,1,0,165,83,0.7951807228915663
B,100,0,1100475,1,0,69,35,0.9142857142857143
B,100,0,1100476,0,0,91,46,0.7391304347826086
B,100,0,1100477,0,0,173,87,0.735632183908046
B,100,0,1100478,1,0,192,96,0.6770833333333334
B,100,0,1100479,1,0,271,136,0.7647058823529411
B,100,0,1100480,1,0,150,75,0.8
B,100,0,1100481,0,0,218,109,0.944954128440367
B,100,0,1100482,1,0,122,61,0.7540983606557377
B,100,0,1100491,1,0,78,39,0.9487179487179487
B,100,0,1100492,1,0,76,38,1.0
B,100,0,1100493,1,0,117,59,0.7796610169491526
B,100,0,1100494,0,0,101,51,0.7647058823529411
B,100,0,1100483,1,0,314,157,0.5605095541401274
B,100,0,1100484,1,0,176,88,0.5
B,100,0,1100485,0,0,142,71,0.6197183098591549
B,100,0,1100486,1,0,114,57,0.7368421052631579
B,100,0,1100459,1,0,303,152,0.631578947368421
B,100,0,1100460,1,0,126,63,0.7142857142857143
B,100,0,1100461,1,0,111,56,0.8928571428571429
B,100,0,1100462,0,1,600,300,0.9666666666666667
B,100,0,1100487,1,0,193,97,0.6494845360824743
B,100,0,1100488,1,0,201,101,0.7524752475247525
B,100,0,1100489,0,1,600,300,0.47333333333333333
B,100,0,1100490,1,0,98,49,0.7959183673469388
B,100,0,1100495,1,0,182,91,0.6923076923076923
B,100,0,1100496,1,0,221,111,0.8018018018018018
B,100,0,1100497,1,0,127,64,0.796875
B,100,0,1100498,0,1,600,300,0.97
B,250,0,1250020,1,0,75,15,0.8
B,250,0,1250021,1,0,140,28,0.8214285714285714
B,250,0,1250022,0,1,600,120,0.9833333333333333
B,250,0,1250023,1,0,90,18,0.8333333333333334
B,250,0,1250004,1,0,87,18,0.8333333333333334
B,250,0,1250005,0,1,600,120,0.9916666666666667
B,250,0,1250006,0,0,137,28,0.7857142857142857
B,250,0,1250007,1,0,139,28,0.8571428571428571
B,250,0,1250016,1,0,91,19,0.6842105263157895
B,250,0,1250017,0,0,324,65,0.9692307692307692
B,250,0,1250018,1,0,120,24,0.7916666666666666
B,250,0,1250019,0,0,219,44,0.9772727272727273
B,250,0,1250000,0,0,157,32,0.90625
B,250,0,1250001,0,0,522,105,0.5904761904761905
B,250,0,1250002,1,0,128,26,0.8461538461538461
B,250,0,1250003,1,0,82,17,0.8823529411764706
B,250,0,1250008,0,1,600,120,0.575
B,250,0,1250009,1,0,140,28,0.8571428571428571
B,250,0,1250010,1,0,127,26,0.7307692307692307
B,250,0,1250011,1,0,232,47,0.6808510638297872
B,250,0,1250028,1,0,257,52,0.6923076923076923
B,250,0,1250029,1,0,69,14,1.0
B,250,0,1250030,0,1,600,120,0.5
B,250,0,1250031,0,0,227,46,0.8695652173913043
B,250,0,1250012,0,0,79,16,0.75
B,250,0,1250013,0,0,115,23,0.8695652173913043
B,250,0,1250014,1,0,126,26,0.7692307692307693
B,250,0,1250015,0,1,600,120,0.9666666666666667
B,250,0,1250032,1,0,194,39,0.8461538461538461
B,250,0,1250033,0,0,101,21,0.7619047619047619
B,250,0,1250034,0,0,146,30,0.6
B,250,0,1250035,1,0,150,30,0.8333333333333334
B,250,0,1250036,1,0,209,42,0.7619047619047619
B,250,0,1250037,1,0,475,95,0.6105263157894737
B,250,0,1250038,0,0,115,23,0.6086956521739131
B,250,0,1250039,0,0,76,16,0.5625
B,250,0,1250044,0,0,139,28,0.42857142857142855
B,250,0,1250045,1,0,166,34,0.7941176470588235
B,250,0,1250046,1,0,173,35,0.8
B,250,0,1250047,0,0,126,26,0.7307692307692307
B,250,0,1250040,1,0,208,42,0.6190476190476191
B,250,0,1250041,0,0,89,18,0.6666666666666666
B,250,0,1250042,1,0,222,45,0.6888888888888889
B,250,0,1250043,1,0,144,29,0.8275862068965517
B,250,0,1250052,1,0,141,29,0.7586206896551724
B,250,0,1250053,1,0,126,26,0.7692307692307693
B,250,0,1250054,1,0,183,37,0.6216216216216216
B,250,0,1250055,0,0,212,43,0.9302325581395349
B,250,0,1250056,1,0,170,34,0.6176470588235294
B,250,0,1250057,1,0,115,23,0.782608695652174
B,250,0,1250058,0,0,134,27,0.9629629629629629
B,250,0,1250059,1,0,124,25,0.64
B,250,0,1250076,0,0,126,26,0.8076923076923077
B,250,0,1250077,0,0,76,16,0.8125
B,250,0,1250078,1,0,117,24,0.8333333333333334
B,250,0,1250079,1,0,66,14,0.9285714285714286
B,250,0,1250064,0,0,162,33,0.9696969696969697
B,250,0,1250065,1,0,166,34,0.7352941176470589
B,250,0,1250066,0,1,600,120,0.5333333333333333
B,250,0,1250067,1,0,126,26,0.6923076923076923
B,250,0,1250048,0,1,600,120,0.5166666666666667
B,250,0,1250049,1,0,167,34,0.8823529411764706
B,250,0,1250050,1,0,167,34,0.7352941176470589
B,250,0,1250051,1,0,191,39,0.6666666666666666
B,250,0,1250068,1,0,506,102,0.9901960784313726
B,250,0,1250069,1,0,180,36,0.7777777777777778
B,250,0,1250070,0,0,228,46,0.8260869565217391
B,250,0,1250071,1,0,146,30,0.7666666666666667
B,250,0,1250072,0,1,600,120,0.6083333333333333
B,250,0,1250073,1,0,151,31,0.7741935483870968
B,250,0,1250074,1,0,162,33,0.8484848484848485
B,250,0,1250075,1,0,248,50,0.62
B,250,0,1250060,0,0,499,100,0.97
B,250,0,1250061,1,0,219,44,0.5681818181818182
B,250,0,1250062,1,0,219,44,0.6363636363636364
B,250,0,1250063,1,0,176,36,0.75
B,250,0,1250024,1,0,200,40,0.8
B,250,0,1250025,0,1,600,120,0.6833333333333333
B,250,0,1250026,0,1,600,120,0.9583333333333334
B,250,0,1250027,1,0,105,21,0.9047619047619048
B,250,0,1250088,0,0,115,23,0.9130434782608695
B,250,0,1250089,1,0,329,66,0.7272727272727273
B,250,0,1250090,1,0,101,21,0.9523809523809523
B,250,0,1250091,1,0,65,13,0.8461538461538461
B,250,0,1250096,1,0,212,43,0.627906976744186
B,250,0,1250097,1,0,67,14,0.7142857142857143
B,250,0,1250098,0,0,210,42,0.8809523809523809
B,250,0,1250099,0,0,104,21,0.9047619047619048
B,250,0,1250080,0,1,600,120,0.9666666666666667
B,250,0,1250081,1,0,136,28,0.7142857142857143
B,250,0,1250082,1,0,78,16,0.5625
B,250,0,1250083,1,0,149,30,0.7666666666666667
B,250,0,1250092,1,0,77,16,0.875
B,250,0,1250093,1,0,190,38,0.7631578947368421
B,250,0,1250094,1,0,189,38,0.7105263157894737
B,250,0,1250095,1,0,162,33,0.8484848484848485
B,250,0,1250100,1,0,241,49,0.8571428571428571
B,250,0,1250101,1,0,203,41,0.7317073170731707
B,250,0,1250102,0,0,246,50,0.68
B,250,0,1250103,1,0,107,22,0.9090909090909091
B,250,0,1250116,1,0,181,37,0.9459459459459459
B,250,0,1250117,1,0,112,23,0.8260869565217391
B,250,0,1250118,1,0,89,18,0.7222222222222222
B,250,0,1250119,0,0,248,50,0.94
B,250,0,1250108,1,0,115,23,0.782608695652174
B,250,0,1250109,1,0,180,36,0.6111111111111112
B,250,0,1250110,0,1,600,120,0.9833333333333333
B,250,0,1250111,1,0,89,18,0.8333333333333334
B,250,0,1250132,1,0,127,26,0.5769230769230769
B,250,0,1250133,1,0,234,47,0.6595744680851063
B,250,0,1250134,0,0,129,26,0.46153846153846156
B,250,0,1250135,1,0,249,50,0.78
B,250,0,1250124,1,0,142,29,0.8620689655172413
B,250,0,1250125,1,0,217,44,0.7272727272727273
B,250,0,1250126,1,0,112,23,0.6521739130434783
B,250,0,1250127,1,0,360,72,0.7222222222222222
B,250,0,1250084,0,1,600,120,0.45
B,250,0,1250085,1,0,76,16,0.875
B,250,0,1250086,1,0,144,29,0.8275862068965517
B,250,0,1250087,0,0,396,80,0.85
B,250,0,1250120,0,1,600,120,0.65
B,250,0,1250121,0,0,116,24,0.6666666666666666
B,250,0,1250122,0,0,338,68,0.5882352941176471
B,250,0,1250123,0,0,221,45,0.7555555555555555
B,250,0,1250112,1,0,96,20,0.9
B,250,0,1250113,0,1,600,120,0.975
B,250,0,1250114,1,0,121,25,0.8
B,250,0,1250115,1,0,569,114,0.5789473684210527
B,250,0,1250104,1,0,201,41,0.6341463414634146
B,250,0,1250105,1,0,126,26,0.8461538461538461
B,250,0,1250106,1,0,279,56,0.6428571428571429
B,250,0,1250107,1,0,134,27,0.7407407407407407
B,250,0,1250128,1,0,79,16,0.875
B,250,0,1250129,1,0,541,109,0.6055045871559633
B,250,0,1250130,0,1,600,120,0.975
B,250,0,1250131,1,0,127,26,0.8076923076923077
B,250,0,1250144,1,0,207,42,0.8333333333333334
B,250,0,1250145,1,0,51,11,0.8181818181818182
B,250,0,1250146,1,0,113,23,0.6956521739130435
B,250,0,1250147,1,0,112,23,0.782608695652174
B,250,0,1250164,1,0,204,41,0.8292682926829268
B,250,0,1250165,0,0,126,26,0.8461538461538461
B,250,0,1250166,1,0,139,28,0.8571428571428571
B,250,0,1250167,1,0,123,25,0.76
B,250,0,1250136,1,0,137,28,0.75
B,250,0,1250137,0,0,455,91,0.6483516483516484
B,250,0,1250138,1,0,103,21,0.7142857142857143
B,250,0,1250139,1,0,203,41,0.6829268292682927
B,250,0,1250160,1,0,201,41,0.7317073170731707
B,250,0,1250161,1,0,133,27,0.7407407407407407
B,250,0,1250162,0,0,106,22,0.8636363636363636
B,250,0,1250163,1,0,186,38,0.8947368421052632
B,250,0,1250140,1,0,185,37,0.7027027027027027
B,250,0,1250141,1,0,447,90,0.6444444444444445
B,250,0,1250142,1,0,182,37,0.8378378378378378
B,250,0,1250143,1,0,158,32,0.78125
B,250,0,1250180,1,0,142,29,0.7931034482758621
B,250,0,1250181,0,0,296,60,0.65
B,250,0,1250182,1,0,125,25,0.84
B,250,0,1250183,0,0,97,20,0.7
B,250,0,1250168,0,1,600,120,0.775
B,250,0,1250169,1,0,117,24,0.7083333333333334
B,250,0,1250170,1,0,105,21,0.8095238095238095
B,250,0,1250171,1,0,120,24,0.9166666666666666
B,250,0,1250172,0,1,600,120,0.9666666666666667
B,250,0,1250173,0,0,71,15,0.8
B,250,0,1250174,0,0,351,71,0.5915492957746479
B,250,0,1250175,0,0,151,31,0.8709677419354839
B,250,0,1250148,1,0,204,41,0.6829268292682927
B,250,0,1250149,1,0,267,54,0.7777777777777778
B,250,0,1250150,1,0,172,35,0.8285714285714286
B,250,0,1250151,1,0,229,46,0.6304347826086957
B,250,0,1250176,1,0,162,33,0.9090909090909091
B,250,0,1250177,0,1,600,120,0.9666666666666667
B,250,0,1250178,1,0,96,20,0.75
B,250,0,1250179,1,0,102,21,0.8571428571428571
B,250,0,1250152,1,0,267,54,0.8703703703703703
B,250,0,1250153,0,1,600,120,0.6333333333333333
B,250,0,1250154,1,0,123,25,0.88
B,250,0,1250155,0,1,600,120,0.48333333333333334
B,250,0,1250204,1,0,58,12,0.75
B,250,0,1250205,1,0,70,14,0.8571428571428571
B,250,0,1250206,1,0,170,34,0.7647058823529411
B,250,0,1250207,1,0,166,34,0.6470588235294118
B,250,0,1250188,0,0,179,36,0.6111111111111112
B,250,0,1250189,1,0,181,37,0.5675675675675675
B,250,0,1250190,1,0,175,35,0.6571428571428571
B,250,0,1250191,1,0,182,37,0.6486486486486487
B,250,0,1250156,0,1,600,120,0.9833333333333333
B,250,0,1250157,1,0,120,24,0.6666666666666666
B,250,0,1250158,1,0,169,34,0.7647058823529411
B,250,0,1250159,1,0,148,30,0.8333333333333334
B,250,0,1250184,1,0,96,20,0.6
B,250,0,1250185,1,0,84,17,1.0
B,250,0,1250186,1,0,529,106,0.9528301886792453
B,250,0,1250187,0,0,101,21,0.8095238095238095
B,250,0,1250208,1,0,132,27,0.9629629629629629
B,250,0,1250209,1,0,133,27,0.7407407407407407
B,250,0,1250210,0,0,126,26,1.0
B,250,0,1250211,0,0,101,21,0.6666666666666666
B,250,0,1250192,0,1,600,120,0.9833333333333333
B,250,0,1250193,1,0,198,40,0.625
B,250,0,1250194,1,0,305,61,0.7704918032786885
B,250,0,1250195,1,0,106,22,0.8181818181818182
B,250,0,1250224,1,0,173,35,0.8
B,250,0,1250225,1,0,107,22,0.7272727272727273
B,250,0,1250226,1,0,91,19,0.7894736842105263
B,250,0,1250227,1,0,109,22,0.9090909090909091
B,250,0,1250200,1,0,71,15,1.0
B,250,0,1250201,0,0,93,19,0.8947368421052632
B,250,0,1250202,1,0,140,28,0.8928571428571429
B,250,0,1250203,1,0,280,56,0.7142857142857143
B,250,0,1250196,1,0,221,45,0.7777777777777778
B,250,0,1250197,1,0,238,48,0.9166666666666666
B,250,0,1250198,0,1,600,120,0.9666666666666667
B,250,0,1250199,0,1,600,120,0.6833333333333333
B,250,0,1250232,1,0,84,17,0.8823529411764706
B,250,0,1250233,0,0,161,33,0.5757575757575758
B,250,0,1250234,0,0,126,26,0.7692307692307693
B,250,0,1250235,1,0,188,38,0.6578947368421053
B,250,0,1250236,1,0,154,31,0.7096774193548387
B,250,0,1250237,1,0,290,58,0.7931034482758621
B,250,0,1250238,0,0,155,31,0.7741935483870968
B,250,0,1250239,1,0,181,37,0.7567567567567568
B,250,0,1250212,0,1,600,120,1.0
B,250,0,1250213,0,0,221,45,0.9333333333333333
B,250,0,1250214,0,0,200,40,0.7
B,250,0,1250215,0,0,178,36,0.9166666666666666
B,250,0,1250220,1,0,164,33,0.696969696969697
B,250,0,1250221,1,0,125,25,0.8
B,250,0,1250222,1,0,187,38,0.6052631578947368
B,250,0,1250223,1,0,171,35,0.8571428571428571
B,250,0,1250228,1,0,588,118,0.576271186440678
B,250,0,1250229,1,0,77,16,1.0
B,250,0,1250230,0,1,600,120,0.6916666666666667
B,250,0,1250231,1,0,83,17,0.9411764705882353
B,250,0,1250216,0,0,290,58,0.5862068965517241
B,250,0,1250217,0,1,600,120,0.5166666666666667
B,250,0,1250218,1,0,178,36,0.8611111111111112
B,250,0,1250219,1,0,207,42,0.7142857142857143
B,250,0,1250240,0,1,600,120,0.5833333333333334
B,250,0,1250241,1,0,73,15,1.0
B,250,0,1250242,0,0,126,26,0.6923076923076923
B,250,0,1250243,1,0,155,31,0.7419354838709677
B,250,0,1250248,1,0,112,23,0.9130434782608695
B,250,0,1250249,1,0,212,43,0.7209302325581395
B,250,0,1250250,1,0,456,92,0.5978260869565217
B,250,0,1250251,1,0,94,19,0.7368421052631579
B,250,0,1250244,0,1,600,120,0.9833333333333333
B,250,0,1250245,0,0,304,61,0.8360655737704918
B,250,0,1250246,1,0,177,36,0.8055555555555556
B,250,0,1250247,1,0,116,24,0.9583333333333334
B,250,0,1250264,1,0,125,25,0.64
B,250,0,1250265,0,0,72,15,0.7333333333333333
B,250,0,1250266,0,1,600,120,0.8833333333333333
B,250,0,1250267,1,0,155,31,0.8064516129032258
B,250,0,1250268,1,0,121,25,0.76
B,250,0,1250269,0,0,174,35,0.6571428571428571
B,250,0,1250270,1,0,123,25,0.76
B,250,0,1250271,0,0,139,28,0.8928571428571429
B,250,0,1250256,0,0,121,25,0.64
B,250,0,1250257,1,0,181,37,0.8378378378378378
B,250,0,1250258,0,1,600,120,0.48333333333333334
B,250,0,1250259,1,0,81,17,0.8823529411764706
B,250,0,1250260,1,0,337,68,0.7058823529411765
B,250,0,1250261,1,0,123,25,0.88
B,250,0,1250262,1,0,69,14,0.8571428571428571
B,250,0,1250263,1,0,224,45,0.6
B,250,0,1250280,1,0,144,29,0.8620689655172413
B,250,0,1250281,1,0,134,27,0.7777777777777778
B,250,0,1250282,1,0,114,23,0.782608695652174
B,250,0,1250283,0,1,600,120,0.6916666666666667
B,250,0,1250272,1,0,185,37,0.9459459459459459
B,250,0,1250273,0,0,182,37,0.4594594594594595
B,250,0,1250274,1,0,203,41,0.7317073170731707
B,250,0,1250275,1,0,128,26,0.8846153846153846
B,250,0,1250288,1,0,125,25,0.84
B,250,0,1250289,1,0,77,16,1.0
B,250,0,1250290,1,0,85,17,0.9411764705882353
B,250,0,1250291,1,0,486,98,0.673469387755102
B,250,0,1250252,1,0,97,20,0.85
B,250,0,1250253,0,1,600,120,0.9833333333333333
B,250,0,1250254,1,0,274,55,0.9272727272727272
B,250,0,1250255,0,1,600,120,0.9833333333333333
B,250,0,1250276,1,0,181,37,0.918918918918919
B,250,0,1250277,1,0,206,42,0.7380952380952381
B,250,0,1250278,0,1,600,120,0.9833333333333333
B,250,0,1250279,0,1,600,120,0.8
B,250,0,1250304,1,0,143,29,0.8275862068965517
B,250,0,1250305,1,0,376,76,0.6973684210526315
B,250,0,1250306,1,0,139,28,0.8214285714285714
B,250,0,1250307,1,0,63,13,0.9230769230769231
B,250,0,1250296,1,0,145,29,0.9310344827586207
B,250,0,1250297,1,0,74,15,0.7333333333333333
B,250,0,1250298,1,0,133,27,0.7407407407407407
B,250,0,1250299,1,0,105,21,0.8095238095238095
B,250,0,1250292,1,0,108,22,0.7727272727272727
B,250,0,1250293,1,0,77,16,0.9375
B,250,0,1250294,0,0,117,24,0.5
B,250,0,1250295,0,1,600,120,0.9833333333333333
B,250,0,1250316,0,0,126,26,0.7692307692307693
B,250,0,1250317,1,0,159,32,0.90625
B,250,0,1250318,1,0,195,39,0.7692307692307693
B,250,0,1250319,1,0,130,26,0.8846153846153846
B,250,0,1250308,1,0,106,22,0.8181818181818182
B,250,0,1250309,1,0,126,26,0.7692307692307693
B,250,0,1250310,1,0,167,34,0.7647058823529411
B,250,0,1250311,0,0,171,35,0.6285714285714286
B,250,0,1250284,0,0,449,90,0.8444444444444444
B,250,0,1250285,0,0,122,25,0.8
B,250,0,1250286,1,0,189,38,0.8157894736842105
B,250,0,1250287,0,1,600,120,0.9916666666666667
B,250,0,1250312,1,0,160,32,0.84375
B,250,0,1250313,0,0,158,32,0.65625
B,250,0,1250314,1,0,167,34,0.6764705882352942
B,250,0,1250315,1,0,104,21,0.6666666666666666
B,250,0,1250300,0,0,126,26,0.9615384615384616
B,250,0,1250301,1,0,229,46,0.7608695652173914
B,250,0,1250302,1,0,135,27,0.6296296296296297
B,250,0,1250303,1,0,210,42,0.7142857142857143
B,250,0,1250328,1,0,85,17,1.0
B,250,0,1250329,1,0,218,44,0.8636363636363636
B,250,0,1250330,1,0,114,23,0.8260869565217391
B,250,0,1250331,1,0,73,15,0.8666666666666667
B,250,0,1250324,1,0,136,28,0.9642857142857143
B,250,0,1250325,0,0,185,37,0.7027027027027027
B,250,0,1250326,0,0,76,16,1.0
B,250,0,1250327,1,0,208,42,0.7857142857142857
B,250,0,1250336,1,0,150,30,0.8333333333333334
B,250,0,1250337,1,0,169,34,0.5294117647058824
B,250,0,1250338,1,0,195,39,0.8205128205128205
B,250,0,1250339,1,0,159,32,0.875
B,250,0,1250352,1,0,156,32,0.875
B,250,0,1250353,1,0,208,42,0.6904761904761905
B,250,0,1250354,1,0,150,30,0.7666666666666667
B,250,0,1250355,1,0,70,14,0.8571428571428571
B,250,0,1250348,1,0,170,34,0.7941176470588235
B,250,0,1250349,1,0,108,22,0.7727272727272727
B,250,0,1250350,1,0,245,49,0.7346938775510204
B,250,0,1250351,1,0,150,30,0.8666666666666667
B,250,0,1250320,1,0,153,31,0.8387096774193549
B,250,0,1250321,1,0,592,119,0.7142857142857143
B,250,0,1250322,1,0,92,19,0.7368421052631579
B,250,0,1250323,1,0,225,45,0.8222222222222222
B,250,0,1250360,1,0,75,15,1.0
B,250,0,1250361,0,0,62,13,0.8461538461538461
B,250,0,1250362,1,0,97,20,0.9
B,250,0,1250363,1,0,100,20,0.7
B,250,0,1250340,0,1,600,120,0.525
B,250,0,1250341,1,0,175,35,0.6
B,250,0,1250342,0,0,103,21,0.5238095238095238
B,250,0,1250343,1,0,122,25,0.88
B,250,0,1250332,0,1,600,120,0.9666666666666667
B,250,0,1250333,0,1,600,120,0.7083333333333334
B,250,0,1250334,1,0,75,15,0.9333333333333333
B,250,0,1250335,0,1,600,120,0.9833333333333333
B,250,0,1250380,1,0,161,33,0.8181818181818182
B,250,0,1250381,1,0,81,17,0.8823529411764706
B,250,0,1250382,0,0,151,31,0.8064516129032258
B,250,0,1250383,1,0,144,29,0.7931034482758621
B,250,0,1250356,0,0,313,63,0.6031746031746031
B,250,0,1250357,1,0,301,61,0.8524590163934426
B,250,0,1250358,1,0,129,26,0.8461538461538461
B,250,0,1250359,1,0,179,36,0.7222222222222222
B,250,0,1250368,1,0,162,33,0.7575757575757576
B,250,0,1250369,0,0,171,35,0.6
B,250,0,1250370,1,0,336,68,0.6323529411764706
B,250,0,1250371,0,0,363,73,0.5753424657534246
B,250,0,1250344,1,0,155,31,0.8064516129032258
B,250,0,1250345,0,1,600,120,0.9583333333333334
B,250,0,1250346,0,1,600,120,0.9666666666666667
B,250,0,1250347,1,0,83,17,0.8823529411764706
B,250,0,1250384,1,0,163,33,0.9090909090909091
B,250,0,1250385,0,1,600,120,0.975
B,250,0,1250386,0,0,102,21,0.8095238095238095
B,250,0,1250387,1,0,148,30,0.7666666666666667
B,250,0,1250392,1,0,126,26,0.5769230769230769
B,250,0,1250393,1,0,142,29,0.896551724137931
B,250,0,1250394,1,0,113,23,0.782608695652174
B,250,0,1250395,1,0,74,15,0.9333333333333333
B,250,0,1250376,1,0,74,15,0.8666666666666667
B,250,0,1250377,0,1,600,120,0.95
B,250,0,1250378,1,0,152,31,0.7419354838709677
B,250,0,1250379,0,1,600,120,0.975
B,250,0,1250404,1,0,115,23,0.7391304347826086
B,250,0,1250405,1,0,131,27,0.7777777777777778
B,250,0,1250406,0,0,127,26,0.6923076923076923
B,250,0,1250407,1,0,108,22,0.8636363636363636
B,250,0,1250364,1,0,168,34,0.7647058823529411
B,250,0,1250365,1,0,246,50,0.6
B,250,0,1250366,1,0,304,61,0.8688524590163934
B,250,0,1250367,0,1,600,120,0.975
B,250,0,1250388,1,0,218,44,0.6818181818181818
B,250,0,1250389,0,1,600,120,0.9833333333333333
B,250,0,1250390,1,0,217,44,0.6590909090909091
B,250,0,1250391,1,0,214,43,0.8604651162790697
B,250,0,1250400,1,0,71,15,0.8666666666666667
B,250,0,1250401,1,0,179,36,0.8055555555555556
B,250,0,1250402,1,0,281,57,0.5789473684210527
B,250,0,1250403,1,0,139,28,0.9285714285714286
B,250,0,1250412,1,0,316,64,0.59375
B,250,0,1250413,1,0,122,25,0.8
B,250,0,1250414,1,0,147,30,0.6333333333333333
B,250,0,1250415,1,0,104,21,0.9047619047619048
B,250,0,1250416,1,0,127,26,0.9615384615384616
B,250,0,1250417,1,0,71,15,0.9333333333333333
B,250,0,1250418,0,1,600,120,0.9416666666666667
B,250,0,1250419,1,0,94,19,0.9473684210526315
B,250,0,1250424,1,0,100,20,0.8
B,250,0,1250425,1,0,83,17,0.8823529411764706
B,250,0,1250426,0,0,101,21,0.6190476190476191
B,250,0,1250427,1,0,137,28,0.5
B,250,0,1250372,0,1,600,120,0.975
B,250,0,1250373,1,0,82,17,1.0
B,250,0,1250374,1,0,101,21,0.9523809523809523
B,250,0,1250375,0,1,600,120,0.7916666666666666
B,250,0,1250396,0,1,600,120,0.9666666666666667
B,250,0,1250397,1,0,341,69,0.6811594202898551
B,250,0,1250398,1,0,100,20,0.8
B,250,0,1250399,1,0,148,30,0.8333333333333334
B,250,0,1250420,1,0,382,77,0.6233766233766234
B,250,0,1250421,1,0,81,17,0.8235294117647058
B,250,0,1250422,1,0,120,24,0.75
B,250,0,1250423,1,0,162,33,0.7272727272727273
B,250,0,1250436,1,0,123,25,0.8
B,250,0,1250437,1,0,136,28,0.9642857142857143
B,250,0,1250438,0,0,122,25,0.52
B,250,0,1250439,0,0,271,55,0.5454545454545454
B,250,0,1250440,0,0,151,31,0.5806451612903226
B,250,0,1250441,1,0,227,46,0.6304347826086957
B,250,0,1250442,1,0,177,36,0.8888888888888888
B,250,0,1250443,1,0,200,40,0.875
B,250,0,1250432,1,0,129,26,0.7307692307692307
B,250,0,1250433,1,0,275,55,0.6
B,250,0,1250434,1,0,145,29,0.7241379310344828
B,250,0,1250435,0,1,600,120,0.9833333333333333
B,250,0,1250408,1,0,157,32,0.78125
B,250,0,1250409,1,0,289,58,0.6724137931034483
B,250,0,1250410,0,0,476,96,0.5520833333333334
B,250,0,1250411,0,1,600,120,0.975
B,250,0,1250444,1,0,324,65,0.6461538461538462
B,250,0,1250445,1,0,141,29,0.8275862068965517
B,250,0,1250446,1,0,151,31,0.7741935483870968
B,250,0,1250447,0,0,76,16,0.6875
B,250,0,1250456,0,1,600,120,0.5333333333333333
B,250,0,1250457,1,0,110,22,0.8181818181818182
B,250,0,1250458,1,0,221,45,0.6444444444444445
B,250,0,1250459,1,0,162,33,0.7878787878787878
B,250,0,1250428,1,0,163,33,0.7272727272727273
B,250,0,1250429,0,0,151,31,0.6129032258064516
B,250,0,1250430,1,0,148,30,0.8666666666666667
B,250,0,1250431,0,1,600,120,0.9833333333333333
B,250,0,1250452,1,0,240,48,0.75
B,250,0,1250453,1,0,153,31,0.6451612903225806
B,250,0,1250454,0,1,600,120,0.925
B,250,0,1250455,1,0,75,15,0.8666666666666667
B,250,0,1250460,1,0,75,15,0.8666666666666667
B,250,0,1250461,1,0,190,38,0.631578947368421
B,250,0,1250462,0,1,600,120,0.925
B,250,0,1250463,1,0,76,16,0.8125
B,250,0,1250476,1,0,146,30,0.9
B,250,0,1250477,1,0,161,33,0.8181818181818182
B,250,0,1250478,1,0,134,27,0.9629629629629629
B,250,0,1250479,0,0,268,54,0.9444444444444444
B,250,0,1250464,0,0,176,36,0.6388888888888888
B,250,0,1250465,0,1,600,120,0.6166666666666667
B,250,0,1250466,1,0,204,41,0.7073170731707317
B,250,0,1250467,1,0,111,23,0.8695652173913043
B,250,0,1250468,0,0,136,28,0.75
B,250,0,1250469,1,0,259,52,0.6538461538461539
B,250,0,1250470,1,0,182,37,0.6216216216216216
B,250,0,1250471,1,0,263,53,0.6792452830188679
B,250,0,1250472,0,0,276,56,0.9285714285714286
B,250,0,1250473,1,0,176,36,0.8055555555555556
B,250,0,1250474,1,0,127,26,0.5
B,250,0,1250475,1,0,127,26,0.6923076923076923
B,250,0,1250448,1,0,244,49,0.5918367346938775
B,250,0,1250449,1,0,153,31,0.5161290322580645
B,250,0,1250450,0,1,600,120,0.975
B,250,0,1250451,1,0,171,35,0.6857142857142857
B,250,0,1250492,1,0,113,23,0.782608695652174
B,250,0,1250493,1,0,144,29,0.6896551724137931
B,250,0,1250494,0,0,173,35,0.9142857142857143
B,250,0,1250495,1,0,143,29,0.896551724137931
B,250,0,1250488,1,0,135,27,0.9259259259259259
B,250,0,1250489,1,0,159,32,0.71875
B,250,0,1250490,0,0,102,21,0.9523809523809523
B,250,0,1250491,1,0,483,97,0.44329896907216493
B,250,0,1250480,1,0,87,18,0.8333333333333334
B,250,0,1250481,1,0,154,31,0.6774193548387096
B,250,0,1250482,0,1,600,120,0.575
B,250,0,1250483,1,0,158,32,0.90625
B,250,0,1250496,1,0,189,38,0.8157894736842105
B,250,0,1250497,0,1,600,120,1.0
B,250,0,1250498,1,0,77,16,0.875
B,250,0,1250499,1,0,78,16,0.8125
B,250,0,1250484,1,0,300,60,0.65
B,250,0,1250485,1,0,103,21,0.6190476190476191
B,250,0,1250486,1,0,249,50,0.84
B,250,0,1250487,1,0,448,90,0.6111111111111112
B,500,0,1500031,1,0,75,8,1.0
B,500,0,1500032,1,0,101,11,0.9090909090909091
B,500,0,1500033,1,0,155,16,0.875
B,500,0,1500034,1,0,180,18,0.6666666666666666
B,500,0,1500003,0,0,126,13,0.6923076923076923
B,500,0,1500004,0,0,99,10,0.9
B,500,0,1500005,1,0,219,22,0.6363636363636364
B,500,0,1500006,0,0,98,10,0.9
B,500,0,1500007,0,0,76,8,0.75
B,500,0,1500008,1,0,190,19,0.6842105263157895
B,500,0,1500009,1,0,65,7,1.0
B,500,0,1500010,1,0,159,16,0.75
B,500,0,1500035,1,0,147,15,0.9333333333333333
B,500,0,1500036,0,0,192,20,0.95
B,500,0,1500037,1,0,75,8,1.0
B,500,0,1500038,1,0,179,18,0.6666666666666666
B,500,0,1500039,1,0,162,17,0.8823529411764706
B,500,0,1500040,0,0,244,25,0.68
B,500,0,1500041,0,0,259,26,0.7307692307692307
B,500,0,1500042,1,0,129,13,0.9230769230769231
B,500,0,1500011,1,0,147,15,0.8666666666666667
B,500,0,1500012,1,0,70,7,1.0
B,500,0,1500013,0,1,600,60,0.9666666666666667
B,500,0,1500014,1,0,74,8,0.875
B,500,0,1500047,1,0,343,35,0.6285714285714286
B,500,0,1500048,0,0,101,11,0.6363636363636364
B,500,0,1500049,1,0,98,10,0.9
B,500,0,1500050,1,0,73,8,1.0
B,500,0,1500019,0,1,600,60,0.7333333333333333
B,500,0,1500020,0,1,600,60,0.8166666666666667
B,500,0,1500021,0,0,209,21,0.5238095238095238
B,500,0,1500022,0,0,76,8,0.375
B,500,0,1500023,0,0,98,10,0.8
B,500,0,1500024,1,0,241,25,0.76
B,500,0,1500025,0,0,166,17,0.7647058823529411
B,500,0,1500026,0,1,600,60,0.95
B,500,0,1500051,1,0,116,12,0.6666666666666666
B,500,0,1500052,1,0,145,15,0.6666666666666666
B,500,0,1500053,1,0,82,9,0.8888888888888888
B,500,0,1500054,0,1,600,60,0.9166666666666666
B,500,0,1500063,1,0,69,7,0.8571428571428571
B,500,0,1500064,1,0,162,17,0.9411764705882353
B,500,0,1500065,0,0,152,16,0.6875
B,500,0,1500066,0,0,101,11,0.6363636363636364
B,500,0,1500055,1,0,250,25,0.8
B,500,0,1500056,1,0,73,8,1.0
B,500,0,1500057,1,0,173,18,0.6666666666666666
B,500,0,1500058,1,0,78,8,0.875
B,500,0,1500071,1,0,162,17,0.8235294117647058
B,500,0,1500072,1,0,210,21,0.9047619047619048
B,500,0,1500073,1,0,194,20,0.8
B,500,0,1500074,1,0,54,6,0.6666666666666666
B,500,0,1500059,1,0,315,32,0.75
B,500,0,1500060,1,0,274,28,0.7857142857142857
B,500,0,1500061,1,0,78,8,0.875
B,500,0,1500062,1,0,73,8,0.875
B,500,0,1500067,1,0,122,13,0.46153846153846156
B,500,0,1500068,0,0,201,21,0.7619047619047619
B,500,0,1500069,1,0,154,16,0.875
B,500,0,1500070,1,0,100,10,1.0
B,500,0,1500087,1,0,131,14,0.5714285714285714
B,500,0,1500088,1,0,143,15,0.8
B,500,0,1500089,1,0,121,13,0.8461538461538461
B,500,0,1500090,1,0,90,9,1.0
B,500,0,1500067,1,0,105,11,0.9090909090909091
B,500,0,1500068,0,0,101,11,0.6363636363636364
B,500,0,1500069,1,0,217,22,0.9090909090909091
B,500,0,1500070,1,0,104,11,0.8181818181818182
B,500,0,1500087,1,0,188,19,0.8421052631578947
B,500,0,1500088,0,0,112,12,0.6666666666666666
B,500,0,1500089,1,0,163,17,0.8823529411764706
B,500,0,1500090,1,0,111,12,0.9166666666666666
B,500,0,1500071,0,1,600,60,0.9666666666666667
B,500,0,1500072,0,0,67,7,0.7142857142857143
B,500,0,1500073,1,0,75,8,0.375
B,500,0,1500074,1,0,151,16,0.875
B,500,0,1500075,0,1,600,60,0.6166666666666667
B,500,0,1500076,1,0,81,9,1.0
B,500,0,1500077,1,0,177,18,0.8333333333333334
B,500,0,1500078,1,0,150,15,0.6
B,500,0,1500083,0,0,128,13,0.6153846153846154
B,500,0,1500084,0,0,74,8,0.75
B,500,0,1500085,0,1,600,60,0.7333333333333333
B,500,0,1500086,1,0,146,15,0.8
B,500,0,1500095,1,0,76,8,1.0
B,500,0,1500096,1,0,116,12,0.9166666666666666
B,500,0,1500097,0,1,600,60,0.75
B,500,0,1500098,1,0,168,17,0.8235294117647058
B,500,0,1500079,0,0,160,16,0.625
B,500,0,1500080,1,0,159,16,0.6875
B,500,0,1500081,0,0,151,16,0.9375
B,500,0,1500082,0,1,600,60,0.9833333333333333
B,500,0,1500091,0,1,600,60,0.65
B,500,0,1500092,1,0,244,25,0.88
B,500,0,1500093,1,0,73,8,0.875
B,500,0,1500094,1,0,179,18,0.8333333333333334
B,500,0,1500103,0,0,126,13,0.9230769230769231
B,500,0,1500104,1,0,83,9,0.8888888888888888
B,500,0,1500105,0,1,600,60,0.6666666666666666
B,500,0,1500106,1,0,69,7,1.0
B,500,0,1500099,1,0,280,28,0.8214285714285714
B,500,0,1500100,0,0,171,18,0.7777777777777778
B,500,0,1500101,1,0,279,28,0.5357142857142857
B,500,0,1500102,1,0,88,9,0.8888888888888888
B,500,0,1500119,1,0,168,17,0.6470588235294118
B,500,0,1500120,1,0,101,11,1.0
B,500,0,1500121,1,0,127,13,0.7692307692307693
B,500,0,1500122,1,0,237,24,0.5416666666666666
B,500,0,1500135,1,0,147,15,0.8666666666666667
B,500,0,1500136,0,0,94,10,0.6
B,500,0,1500137,1,0,84,9,0.8888888888888888
B,500,0,1500138,0,0,145,15,0.4666666666666667
B,500,0,1500111,0,0,378,38,0.9473684210526315
B,500,0,1500112,1,0,168,17,0.7647058823529411
B,500,0,1500113,1,0,152,16,0.625
B,500,0,1500114,1,0,188,19,0.6842105263157895
B,500,0,1500107,1,0,169,17,0.7647058823529411
B,500,0,1500108,0,1,600,60,0.95
B,500,0,1500109,1,0,120,12,0.9166666666666666
B,500,0,1500110,1,0,77,8,1.0
B,500,0,1500123,0,0,538,54,0.9629629629629629
B,500,0,1500124,1,0,85,9,0.7777777777777778
B,500,0,1500125,1,0,94,10,0.8
B,500,0,1500126,1,0,73,8,1.0
B,500,0,1500115,1,0,72,8,0.875
B,500,0,1500116,1,0,333,34,0.5588235294117647
B,500,0,1500117,0,0,89,9,0.6666666666666666
B,500,0,1500118,0,1,600,60,0.55
B,500,0,1500131,1,0,225,23,0.9130434782608695
B,500,0,1500132,1,0,143,15,0.6
B,500,0,1500133,1,0,160,16,0.75
B,500,0,1500134,0,0,322,33,1.0
B,500,0,1500139,0,0,132,14,0.7142857142857143
B,500,0,1500140,0,0,174,18,0.9444444444444444
B,500,0,1500141,1,0,183,19,0.6842105263157895
B,500,0,1500142,0,0,155,16,0.8125
B,500,0,1500143,0,0,90,9,0.7777777777777778
B,500,0,1500144,1,0,225,23,0.8695652173913043
B,500,0,1500145,1,0,142,15,0.8
B,500,0,1500146,1,0,166,17,0.8823529411764706
B,500,0,1500127,0,0,78,8,0.75
B,500,0,1500128,0,1,600,60,0.6166666666666667
B,500,0,1500129,1,0,125,13,0.8461538461538461
B,500,0,1500130,1,0,147,15,0.8
B,500,0,1500151,1,0,80,8,1.0
B,500,0,1500152,0,0,152,16,0.5625
B,500,0,1500153,1,0,389,39,0.717948717948718
B,500,0,1500154,0,0,108,11,0.8181818181818182
B,500,0,1500155,1,0,74,8,1.0
B,500,0,1500156,0,0,369,37,0.6756756756756757
B,500,0,1500157,1,0,122,13,0.7692307692307693
B,500,0,1500158,1,0,107,11,0.9090909090909091
B,500,0,1500159,1,0,182,19,0.9473684210526315
B,500,0,1500160,1,0,79,8,0.875
B,500,0,1500161,1,0,137,14,0.7857142857142857
B,500,0,1500162,1,0,128,13,0.6923076923076923
B,500,0,1500171,1,0,125,13,0.8461538461538461
B,500,0,1500172,1,0,78,8,1.0
B,500,0,1500173,1,0,214,22,0.9545454545454546
B,500,0,1500174,1,0,113,12,0.75
B,500,0,1500147,1,0,136,14,0.8571428571428571
B,500,0,1500148,1,0,84,9,1.0
B,500,0,1500149,0,1,600,60,0.6333333333333333
B,500,0,1500150,1,0,201,21,0.7142857142857143
B,500,0,1500179,1,0,65,7,0.8571428571428571
B,500,0,1500180,1,0,76,8,0.75
B,500,0,1500181,1,0,114,12,0.9166666666666666
B,500,0,1500182,1,0,57,6,1.0
B,500,0,1500175,1,0,85,9,0.8888888888888888
B,500,0,1500176,0,0,151,16,0.6875
B,500,0,1500177,1,0,154,16,0.6875
B,500,0,1500178,1,0,125,13,1.0
B,500,0,1500199,0,0,160,16,0.8125
B,500,0,1500200,0,0,126,13,0.6153846153846154
B,500,0,1500201,1,0,76,8,1.0
B,500,0,1500202,1,0,143,15,0.5333333333333333
B,500,0,1500163,1,0,105,11,0.9090909090909091
B,500,0,1500164,0,1,600,60,0.8
B,500,0,1500165,0,0,175,18,0.6666666666666666
B,500,0,1500166,0,1,600,60,0.95
B,500,0,1500167,1,0,114,12,1.0
B,500,0,1500168,1,0,77,8,1.0
B,500,0,1500169,0,1,600,60,0.9666666666666667
B,500,0,1500170,1,0,120,12,0.8333333333333334
B,500,0,1500203,1,0,228,23,0.9565217391304348
B,500,0,1500204,1,0,123,13,0.7692307692307693
B,500,0,1500205,1,0,130,13,1.0
B,500,0,1500206,1,0,73,8,0.875
B,500,0,1500183,1,0,81,9,1.0
B,500,0,1500184,1,0,68,7,0.8571428571428571
B,500,0,1500185,0,0,580,58,0.9655172413793104
B,500,0,1500186,1,0,139,14,0.8571428571428571
B,500,0,1500211,1,0,137,14,0.5714285714285714
B,500,0,1500212,1,0,215,22,0.7727272727272727
B,500,0,1500213,1,0,75,8,0.875
B,500,0,1500214,1,0,105,11,0.45454545454545453
B,500,0,1500195,0,0,77,8,0.875
B,500,0,1500196,1,0,250,25,0.72
B,500,0,1500197,1,0,190,19,0.9473684210526315
B,500,0,1500198,0,0,160,16,0.9375
B,500,0,1500187,0,0,123,13,0.7692307692307693
B,500,0,1500188,0,1,600,60,0.5166666666666667
B,500,0,1500189,1,0,241,25,0.88
B,500,0,1500190,1,0,248,25,0.72
B,500,0,1500223,1,0,122,13,0.7692307692307693
B,500,0,1500224,1,0,67,7,0.8571428571428571
B,500,0,1500225,1,0,98,10,0.5
B,500,0,1500226,1,0,119,12,0.9166666666666666
B,500,0,1500227,1,0,80,8,1.0
B,500,0,1500228,0,0,76,8,0.5
B,500,0,1500229,1,0,193,20,0.8
B,500,0,1500230,1,0,120,12,1.0
B,500,0,1500215,1,0,81,9,1.0
B,500,0,1500216,1,0,174,18,0.9444444444444444
B,500,0,1500217,1,0,282,29,0.7931034482758621
B,500,0,1500218,1,0,78,8,1.0
B,500,0,1500191,1,0,280,28,0.6428571428571429
B,500,0,1500192,1,0,130,13,0.8461538461538461
B,500,0,1500193,0,0,525,53,0.9622641509433962
B,500,0,1500194,1,0,171,18,0.7777777777777778
B,500,0,1500219,0,1,600,60,0.5333333333333333
B,500,0,1500220,0,0,86,9,0.7777777777777778
B,500,0,1500221,1,0,135,14,0.8571428571428571
B,500,0,1500222,1,0,143,15,0.7333333333333333
B,500,0,1500235,1,0,137,14,0.6428571428571429
B,500,0,1500236,1,0,280,28,0.7857142857142857
B,500,0,1500237,0,0,264,27,0.5185185185185185
B,500,0,1500238,1,0,116,12,0.9166666666666666
B,500,0,1500243,1,0,70,7,0.8571428571428571
B,500,0,1500244,0,0,159,16,0.6875
B,500,0,1500245,1,0,76,8,1.0
B,500,0,1500246,1,0,156,16,0.6875
B,500,0,1500247,0,0,76,8,1.0
B,500,0,1500248,1,0,79,8,1.0
B,500,0,1500249,1,0,162,17,0.8823529411764706
B,500,0,1500250,1,0,213,22,0.6818181818181818
B,500,0,1500231,1,0,518,52,0.5769230769230769
B,500,0,1500232,1,0,98,10,0.8
B,500,0,1500233,1,0,172,18,0.6666666666666666
B,500,0,1500234,1,0,183,19,0.7368421052631579
B,500,0,1500207,1,0,99,10,0.8
B,500,0,1500208,0,1,600,60,0.9833333333333333
B,500,0,1500209,1,0,172,18,0.6666666666666666
B,500,0,1500210,0,0,372,38,0.8947368421052632
B,500,0,1500239,1,0,415,42,0.8809523809523809
B,500,0,1500240,1,0,89,9,0.8888888888888888
B,500,0,1500241,1,0,259,26,0.7692307692307693
B,500,0,1500242,0,0,357,36,0.9444444444444444
B,500,0,1500259,1,0,257,26,0.7307692307692307
B,500,0,1500260,1,0,144,15,0.8666666666666667
B,500,0,1500261,0,0,181,19,0.5789473684210527
B,500,0,1500262,1,0,160,16,0.5
B,500,0,1500263,1,0,126,13,0.7692307692307693
B,500,0,1500264,1,0,64,7,1.0
B,500,0,1500265,1,0,148,15,0.7333333333333333
B,500,0,1500266,1,0,255,26,0.7692307692307693
B,500,0,1500271,1,0,133,14,0.9285714285714286
B,500,0,1500272,1,0,191,20,0.7
B,500,0,1500273,1,0,152,16,1.0
B,500,0,1500274,1,0,102,11,0.9090909090909091
B,500,0,1500275,1,0,69,7,0.8571428571428571
B,500,0,1500276,1,0,192,20,0.8
B,500,0,1500277,1,0,135,14,0.8571428571428571
B,500,0,1500278,0,0,112,12,0.8333333333333334
B,500,0,1500267,1,0,150,15,0.6666666666666666
B,500,0,1500268,1,0,328,33,0.7575757575757576
B,500,0,1500269,0,0,103,11,0.7272727272727273
B,500,0,1500270,1,0,126,13,0.8461538461538461
B,500,0,1500255,1,0,259,26,0.46153846153846156
B,500,0,1500256,1,0,262,27,0.7777777777777778
B,500,0,1500257,1,0,252,26,0.6153846153846154
B,500,0,1500258,1,0,212,22,0.7727272727272727
B,500,0,1500251,0,1,600,60,1.0
B,500,0,1500252,1,0,75,8,0.875
B,500,0,1500253,1,0,131,14,0.9285714285714286
B,500,0,1500254,1,0,150,15,0.6666666666666666
B,500,0,1500291,1,0,108,11,0.7272727272727273
B,500,0,1500292,1,0,131,14,0.7857142857142857
B,500,0,1500293,1,0,198,20,0.8
B,500,0,1500294,1,0,74,8,0.75
B,500,0,1500295,1,0,53,6,0.8333333333333334
B,500,0,1500296,0,0,127,13,0.6923076923076923
B,500,0,1500297,1,0,72,8,1.0
B,500,0,1500298,0,0,181,19,0.8421052631578947
B,500,0,1500283,1,0,234,24,0.5833333333333334
B,500,0,1500284,1,0,219,22,0.6363636363636364
B,500,0,1500285,1,0,187,19,0.8947368421052632
B,500,0,1500286,1,0,164,17,0.7647058823529411
B,500,0,1500303,0,0,218,22,0.6363636363636364
B,500,0,1500304,1,0,77,8,1.0
B,500,0,1500305,0,0,76,8,0.75
B,500,0,1500306,1,0,204,21,0.8571428571428571
B,500,0,1500299,0,0,146,15,0.7333333333333333
B,500,0,1500300,1,0,121,13,0.7692307692307693
B,500,0,1500301,1,0,219,22,0.7272727272727273
B,500,0,1500302,1,0,150,15,0.8
B,500,0,1500307,0,1,600,60,0.9833333333333333
B,500,0,1500308,0,0,104,11,0.7272727272727273
B,500,0,1500309,0,0,75,8,1.0
B,500,0,1500310,1,0,190,19,0.7368421052631579
B,500,0,1500319,1,0,123,13,0.7692307692307693
B,500,0,1500320,1,0,134,14,0.7857142857142857
B,500,0,1500321,1,0,70,7,0.7142857142857143
B,500,0,1500322,0,1,600,60,0.5
B,500,0,1500279,0,1,600,60,0.5833333333333334
B,500,0,1500280,0,0,126,13,0.7692307692307693
B,500,0,1500281,1,0,89,9,1.0
B,500,0,1500282,0,0,231,24,0.875
B,500,0,1500311,0,1,600,60,0.6
B,500,0,1500312,0,0,152,16,0.5625
B,500,0,1500313,1,0,120,12,0.6666666666666666
B,500,0,1500314,0,0,173,18,0.6111111111111112
B,500,0,1500287,1,0,328,33,0.5454545454545454
B,500,0,1500288,1,0,294,30,0.8
B,500,0,1500289,0,0,267,27,0.7777777777777778
B,500,0,1500290,1,0,84,9,0.8888888888888888
B,500,0,1500327,1,0,157,16,0.8125
B,500,0,1500328,1,0,135,14,0.9285714285714286
B,500,0,1500329,1,0,92,10,0.8
B,500,0,1500330,0,0,165,17,0.8235294117647058
B,500,0,1500331,1,0,78,8,0.875
B,500,0,1500332,1,0,77,8,1.0
B,500,0,1500333,1,0,70,7,1.0
B,500,0,1500334,0,1,600,60,0.9833333333333333
B,500,0,1500323,0,1,600,60,0.9833333333333333
B,500,0,1500324,1,0,115,12,0.6666666666666666
B,500,0,1500325,1,0,469,47,0.723404255319149
B,500,0,1500326,1,0,150,15,0.8666666666666667
B,500,0,1500343,1,0,152,16,0.75
B,500,0,1500344,0,0,202,21,0.8095238095238095
B,500,0,1500345,1,0,139,14,1.0
B,500,0,1500346,1,0,170,17,0.6470588235294118
B,500,0,1500355,1,0,79,8,1.0
B,500,0,1500356,1,0,130,13,0.7692307692307693
B,500,0,1500357,0,0,101,11,0.8181818181818182
B,500,0,1500358,1,0,104,11,0.8181818181818182
B,500,0,1500315,0,0,301,31,0.6451612903225806
B,500,0,1500316,0,1,600,60,0.95
B,500,0,1500317,1,0,175,18,0.5
B,500,0,1500318,0,0,478,48,0.6875
B,500,0,1500335,1,0,168,17,0.7647058823529411
B,500,0,1500336,0,0,76,8,0.75
B,500,0,1500337,1,0,247,25,0.72
B,500,0,1500338,1,0,298,30,0.7333333333333333
B,500,0,1500359,0,0,114,12,0.9166666666666666
B,500,0,1500360,1,0,71,8,0.875
B,500,0,1500361,0,0,101,11,0.5454545454545454
B,500,0,1500362,1,0,74,8,1.0
B,500,0,1500339,1,0,303,31,0.6451612903225806
B,500,0,1500340,0,0,126,13,0.8461538461538461
B,500,0,1500341,1,0,396,40,0.725
B,500,0,1500342,1,0,221,23,0.782608695652174
B,500,0,1500347,1,0,113,12,0.6666666666666666
B,500,0,1500348,1,0,146,15,0.7333333333333333
B,500,0,1500349,0,1,600,60,0.9666666666666667
B,500,0,1500350,0,0,86,9,0.7777777777777778
B,500,0,1500371,1,0,171,18,0.8333333333333334
B,500,0,1500372,1,0,144,15,0.7333333333333333
B,500,0,1500373,1,0,163,17,0.7647058823529411
B,500,0,1500374,1,0,85,9,0.7777777777777778
B,500,0,1500351,1,0,232,24,0.75
B,500,0,1500352,1,0,271,28,0.7142857142857143
B,500,0,1500353,0,1,600,60,0.95
B,500,0,1500354,1,0,118,12,0.6666666666666666
B,500,0,1500379,1,0,170,17,0.7647058823529411
B,500,0,1500380,1,0,199,20,0.7
B,500,0,1500381,1,0,169,17,0.8823529411764706
B,500,0,1500382,1,0,249,25,0.56
B,500,0,1500391,1,0,64,7,1.0
B,500,0,1500392,1,0,82,9,0.6666666666666666
B,500,0,1500393,1,0,145,15,0.4666666666666667
B,500,0,1500394,1,0,77,8,1.0
B,500,0,1500383,1,0,109,11,0.8181818181818182
B,500,0,1500384,0,0,173,18,0.6666666666666666
B,500,0,1500385,1,0,167,17,0.9411764705882353
B,500,0,1500386,0,0,254,26,0.9615384615384616
B,500,0,1500387,1,0,244,25,0.84
B,500,0,1500388,1,0,97,10,0.8
B,500,0,1500389,1,0,147,15,0.9333333333333333
B,500,0,1500390,1,0,137,14,0.7857142857142857
B,500,0,1500367,0,0,237,24,0.75
B,500,0,1500368,0,1,600,60,0.95
B,500,0,1500369,1,0,136,14,0.7142857142857143
B,500,0,1500370,1,0,118,12,0.6666666666666666
B,500,0,1500375,0,1,600,60,1.0
B,500,0,1500376,0,0,105,11,0.7272727272727273
B,500,0,1500377,1,0,216,22,0.9090909090909091
B,500,0,1500378,1,0,98,10,0.6
B,500,0,1500363,1,0,201,21,0.9523809523809523
B,500,0,1500364,0,0,262,27,0.7407407407407407
B,500,0,1500365,0,1,600,60,0.5166666666666667
B,500,0,1500366,1,0,201,21,0.5714285714285714
B,500,0,1500407,1,0,77,8,1.0
B,500,0,1500408,1,0,72,8,0.875
B,500,0,1500409,1,0,183,19,0.7894736842105263
B,500,0,1500410,0,0,166,17,0.47058823529411764
B,500,0,1500399,1,0,431,44,0.6590909090909091
B,500,0,1500400,1,0,124,13,0.6153846153846154
B,500,0,1500401,1,0,145,15,0.7333333333333333
B,500,0,1500402,0,0,186,19,0.8947368421052632
B,500,0,1500419,1,0,79,8,1.0
B,500,0,1500420,1,0,143,15,0.6666666666666666
B,500,0,1500421,0,0,338,34,0.9705882352941176
B,500,0,1500422,1,0,81,9,1.0
B,500,0,1500411,1,0,177,18,0.7222222222222222
B,500,0,1500412,1,0,227,23,0.7391304347826086
B,500,0,1500413,1,0,161,17,0.9411764705882353
B,500,0,1500414,1,0,99,10,0.6
B,500,0,1500395,1,0,403,41,0.6097560975609756
B,500,0,1500396,1,0,120,12,0.75
B,500,0,1500397,0,1,600,60,0.9666666666666667
B,500,0,1500398,1,0,76,8,0.875
B,500,0,1500403,0,0,222,23,0.9565217391304348
B,500,0,1500404,1,0,278,28,0.75
B,500,0,1500405,1,0,105,11,0.9090909090909091
B,500,0,1500406,1,0,247,25,0.92
B,500,0,1500423,0,0,150,15,1.0
B,500,0,1500424,1,0,190,19,0.7368421052631579
B,500,0,1500425,1,0,174,18,0.7222222222222222
B,500,0,1500426,1,0,99,10,0.9
B,500,0,1500443,1,0,131,14,0.7857142857142857
B,500,0,1500444,1,0,128,13,0.9230769230769231
B,500,0,1500445,1,0,117,12,0.6666666666666666
B,500,0,1500446,1,0,133,14,0.7857142857142857
B,500,0,1500439,1,0,99,10,0.8
B,500,0,1500440,1,0,103,11,0.8181818181818182
B,500,0,1500441,1,0,104,11,0.7272727272727273
B,500,0,1500442,1,0,129,13,0.8461538461538461
B,500,0,1500435,1,0,244,25,0.72
B,500,0,1500436,0,0,76,8,0.75
B,500,0,1500437,0,0,130,13,0.6923076923076923
B,500,0,1500438,1,0,102,11,0.8181818181818182
B,500,0,1500427,0,0,126,13,0.7692307692307693
B,500,0,1500428,1,0,165,17,1.0
B,500,0,1500429,0,0,158,16,0.8125
B,500,0,1500430,1,0,139,14,0.8571428571428571
B,500,0,1500447,1,0,161,17,0.7058823529411765
B,500,0,1500448,1,0,81,9,1.0
B,500,0,1500449,0,0,111,12,0.6666666666666666
B,500,0,1500450,1,0,114,12,0.75
B,500,0,1500431,1,0,395,40,0.775
B,500,0,1500432,1,0,336,34,0.6176470588235294
B,500,0,1500433,1,0,72,8,1.0
B,500,0,1500434,1,0,134,14,0.7857142857142857
B,500,0,1500415,1,0,422,43,0.6976744186046512
B,500,0,1500416,0,1,600,60,0.9833333333333333
B,500,0,1500417,1,0,173,18,0.7777777777777778
B,500,0,1500418,1,0,108,11,0.7272727272727273
B,500,0,1500467,0,0,186,19,0.8947368421052632
B,500,0,1500468,1,0,83,9,0.8888888888888888
B,500,0,1500469,1,0,68,7,1.0
B,500,0,1500470,1,0,122,13,0.8461538461538461
B,500,0,1500463,0,0,334,34,0.9411764705882353
B,500,0,1500464,0,0,110,11,0.6363636363636364
B,500,0,1500465,1,0,245,25,0.84
B,500,0,1500466,1,0,84,9,1.0
B,500,0,1500451,0,1,600,60,0.9833333333333333
B,500,0,1500452,0,0,76,8,0.75
B,500,0,1500453,1,0,124,13,0.6923076923076923
B,500,0,1500454,1,0,111,12,0.75
B,500,0,1500471,1,0,105,11,0.8181818181818182
B,500,0,1500472,0,1,600,60,0.5
B,500,0,1500473,1,0,69,7,1.0
B,500,0,1500474,1,0,70,7,1.0
B,500,0,1500459,0,1,600,60,0.6166666666666667
B,500,0,1500460,0,1,76,8,1.0
B,500,0,1500461,0,0,118,12,0.8333333333333334
B,500,0,1500462,0,0,126,13,1.0
B,500,0,1500455,1,0,240,24,0.8333333333333334
B,500,0,1500456,1,0,163,17,0.7058823529411765
B,500,0,1500457,1,0,125,13,0.7692307692307693
B,500,0,1500458,0,1,600,60,1.0
B,500,0,1500499,0,0,176,18,0.9444444444444444
B,500,0,1500483,1,0,153,16,0.8125
B,500,0,1500484,1,0,251,26,0.8846153846153846
B,500,0,1500485,0,1,600,60,1.0
B,500,0,1500486,1,0,167,17,0.7647058823529411
B,500,0,1500479,1,0,142,15,0.9333333333333333
B,500,0,1500480,1,0,141,15,0.8666666666666667
B,500,0,1500481,1,0,90,9,0.6666666666666666
B,500,0,1500482,0,1,600,60,0.9833333333333333
B,500,0,1500475,0,1,600,60,0.9833333333333333
B,500,0,1500476,1,0,212,22,0.8636363636363636
B,500,0,1500477,1,0,74,8,1.0
B,500,0,1500478,1,0,191,20,0.6
B,500,0,1500495,1,0,254,26,0.6923076923076923
B,500,0,1500496,1,0,250,25,0.8
B,500,0,1500497,0,0,163,17,0.9411764705882353
B,500,0,1500498,1,0,231,24,0.75
B,500,0,1500491,1,0,185,19,0.8947368421052632
B,500,0,1500492,0,1,600,60,0.9833333333333333
B,500,0,1500493,1,0,94,10,0.9
B,500,0,1500494,0,0,126,13,0.8461538461538461
B,500,0,1500487,0,1,600,60,0.6666666666666666
B,500,0,1500488,0,0,151,16,0.875
B,500,0,1500489,0,1,600,60,0.5833333333333334
B,500,0,1500490,1,0,167,17,0.7647058823529411
B,1000,0,2000012,0,0,76,4,0.75
B,1000,0,2000013,1,0,143,8,0.75
B,1000,0,2000014,1,0,95,5,1.0
B,1000,0,2000015,1,0,75,4,0.75
B,1000,0,2000000,1,0,75,4,1.0
B,1000,0,2000001,1,0,121,7,0.8571428571428571
B,1000,0,2000002,1,0,75,4,0.75
B,1000,0,2000003,1,0,162,9,0.7777777777777778
B,1000,0,2000008,1,0,73,4,1.0
B,1000,0,2000009,0,0,140,7,0.7142857142857143
B,1000,0,2000010,1,0,147,8,1.0
B,1000,0,2000011,1,0,76,4,1.0
B,1000,0,2000024,1,0,193,10,0.6
B,1000,0,2000025,1,0,126,7,0.8571428571428571
B,1000,0,2000026,1,0,75,4,1.0
B,1000,0,2000027,1,0,109,6,0.8333333333333334
B,1000,0,2000032,1,0,80,4,0.75
B,1000,0,2000033,0,0,101,6,1.0
B,1000,0,2000034,1,0,113,6,0.6666666666666666
B,1000,0,2000035,1,0,138,7,0.7142857142857143
B,1000,0,2000016,0,1,600,30,0.5
B,1000,0,2000017,1,0,99,5,1.0
B,1000,0,2000018,1,0,99,5,1.0
B,1000,0,2000019,1,0,125,7,0.8571428571428571
B,1000,0,2000020,1,0,145,8,0.75
B,1000,0,2000021,0,1,600,30,0.9666666666666667
B,1000,0,2000022,1,0,171,9,0.6666666666666666
B,1000,0,2000023,1,0,76,4,1.0
B,1000,0,2000028,0,0,76,4,1.0
B,1000,0,2000029,1,0,150,8,1.0
B,1000,0,2000030,0,1,600,30,1.0
B,1000,0,2000031,1,0,95,5,1.0
B,1000,0,2000040,1,0,249,13,0.8461538461538461
B,1000,0,2000041,1,0,96,5,1.0
B,1000,0,2000042,1,0,142,8,0.875
B,1000,0,2000043,1,0,153,8,0.5
B,1000,0,2000004,0,1,600,30,0.9666666666666667
B,1000,0,2000005,1,0,200,10,1.0
B,1000,0,2000006,1,0,120,6,0.8333333333333334
B,1000,0,2000007,1,0,93,5,0.6
B,1000,0,2000048,1,0,177,9,0.5555555555555556
B,1000,0,2000049,0,0,255,13,0.8461538461538461
B,1000,0,2000050,1,0,89,5,0.6
B,1000,0,2000051,1,0,166,9,0.8888888888888888
B,1000,0,2000036,0,1,600,30,0.9666666666666667
B,1000,0,2000037,0,0,70,4,1.0
B,1000,0,2000038,0,0,85,5,0.8
B,1000,0,2000039,1,0,267,14,0.7142857142857143
B,1000,0,2000044,0,1,600,30,0.9666666666666667
B,1000,0,2000045,1,0,77,4,1.0
B,1000,0,2000046,0,0,273,14,0.8571428571428571
B,1000,0,2000047,1,0,70,4,1.0
B,1000,0,2000068,1,0,204,11,0.9090909090909091
B,1000,0,2000069,1,0,171,9,0.5555555555555556
B,1000,0,2000070,1,0,104,6,0.6666666666666666
B,1000,0,2000071,1,0,141,8,0.75
B,1000,0,2000064,0,0,104,6,0.8333333333333334
B,1000,0,2000065,0,0,141,8,0.75
B,1000,0,2000066,0,0,115,6,1.0
B,1000,0,2000067,1,0,221,12,0.8333333333333334
B,1000,0,2000060,1,0,73,4,1.0
B,1000,0,2000061,0,0,149,8,1.0
B,1000,0,2000062,0,0,144,8,1.0
B,1000,0,2000063,0,0,384,20,0.75
B,1000,0,2000076,1,0,189,10,0.8
B,1000,0,2000077,1,0,112,6,0.5
B,1000,0,2000078,1,0,181,10,0.7
B,1000,0,2000079,1,0,95,5,0.8
B,1000,0,2000052,1,0,427,22,0.6818181818181818
B,1000,0,2000053,1,0,137,7,0.8571428571428571
B,1000,0,2000054,0,1,600,30,0.9666666666666667
B,1000,0,2000055,0,0,151,8,0.875
B,1000,0,2000056,1,0,120,6,0.8333333333333334
B,1000,0,2000057,0,0,219,11,0.5454545454545454
B,1000,0,2000058,0,1,600,30,0.7
B,1000,0,2000059,1,0,206,11,0.6363636363636364
B,1000,0,2000096,0,0,101,6,0.6666666666666666
B,1000,0,2000097,1,0,70,4,1.0
B,1000,0,2000098,1,0,109,6,1.0
B,1000,0,2000099,0,0,129,7,0.5714285714285714
B,1000,0,2000072,1,0,80,4,1.0
B,1000,0,2000073,0,1,600,30,0.6
B,1000,0,2000074,1,0,221,12,0.75
B,1000,0,2000075,1,0,184,10,0.5
B,1000,0,2000092,1,0,75,4,1.0
B,1000,0,2000093,0,0,280,14,0.7142857142857143
B,1000,0,2000094,1,0,176,9,0.8888888888888888
B,1000,0,2000095,1,0,78,4,0.75
B,1000,0,2000112,1,0,115,6,0.6666666666666666
B,1000,0,2000113,1,0,158,8,0.75
B,1000,0,2000114,0,0,181,10,0.7
B,1000,0,2000115,1,0,73,4,1.0
B,1000,0,2000104,0,0,250,13,0.46153846153846156
B,1000,0,2000105,1,0,203,11,0.6363636363636364
B,1000,0,2000106,1,0,172,9,0.8888888888888888
B,1000,0,2000107,1,0,114,6,0.6666666666666666
B,1000,0,2000108,0,1,600,30,1.0
B,1000,0,2000109,1,0,101,6,1.0
B,1000,0,2000110,1,0,183,10,1.0
B,1000,0,2000111,1,0,131,7,1.0
B,1000,0,2000084,0,1,600,30,1.0
B,1000,0,2000085,1,0,100,5,0.8
B,1000,0,2000086,0,0,464,24,0.9583333333333334
B,1000,0,2000087,0,1,600,30,0.9666666666666667
B,1000,0,2000088,0,1,600,30,0.7
B,1000,0,2000089,1,0,141,8,0.75
B,1000,0,2000090,0,0,182,10,0.7
B,1000,0,2000091,1,0,363,19,0.7894736842105263
B,1000,0,2000116,1,0,376,19,0.47368421052631576
B,1000,0,2000117,1,0,172,9,0.5555555555555556
B,1000,0,2000118,1,0,102,6,0.6666666666666666
B,1000,0,2000119,1,0,77,4,1.0
B,1000,0,2000100,0,0,75,4,0.75
B,1000,0,2000101,0,1,600,30,0.9666666666666667
B,1000,0,2000102,1,0,171,9,0.8888888888888888
B,1000,0,2000103,1,0,176,9,0.8888888888888888
B,1000,0,2000128,1,0,118,6,0.8333333333333334
B,1000,0,2000129,0,0,128,7,0.7142857142857143
B,1000,0,2000130,1,0,136,7,1.0
B,1000,0,2000131,0,0,105,6,0.8333333333333334
B,1000,0,2000080,0,1,600,30,0.9666666666666667
B,1000,0,2000081,0,1,600,30,0.6333333333333333
B,1000,0,2000082,1,0,238,12,0.6666666666666666
B,1000,0,2000083,1,0,76,4,1.0
B,1000,0,2000120,1,0,200,10,0.6
B,1000,0,2000121,1,0,119,6,0.5
B,1000,0,2000122,1,0,178,9,0.6666666666666666
B,1000,0,2000123,0,0,101,6,1.0
B,1000,0,2000136,1,0,136,7,0.8571428571428571
B,1000,0,2000137,1,0,69,4,1.0
B,1000,0,2000138,1,0,144,8,0.625
B,1000,0,2000139,1,0,126,7,0.7142857142857143
B,1000,0,2000144,0,0,101,6,0.5
B,1000,0,2000145,1,0,97,5,1.0
B,1000,0,2000146,1,0,72,4,1.0
B,1000,0,2000147,1,0,142,8,0.75
B,1000,0,2000124,0,0,152,8,0.625
B,1000,0,2000125,1,0,146,8,0.875
B,1000,0,2000126,0,1,600,30,0.7333333333333333
B,1000,0,2000127,1,0,134,7,0.8571428571428571
B,1000,0,2000148,1,0,267,14,0.7857142857142857
B,1000,0,2000149,1,0,201,11,0.8181818181818182
B,1000,0,2000150,1,0,229,12,0.5833333333333334
B,1000,0,2000151,1,0,105,6,0.8333333333333334
B,1000,0,2000152,1,0,73,4,1.0
B,1000,0,2000153,1,0,124,7,0.8571428571428571
B,1000,0,2000154,1,0,147,8,0.75
B,1000,0,2000155,1,0,144,8,1.0
B,1000,0,2000132,0,0,351,18,0.8888888888888888
B,1000,0,2000133,1,0,219,11,0.9090909090909091
B,1000,0,2000134,0,0,334,17,0.8235294117647058
B,1000,0,2000135,0,0,478,24,0.5833333333333334
B,1000,0,2000168,1,0,168,9,0.8888888888888888
B,1000,0,2000169,1,0,156,8,0.375
B,1000,0,2000170,1,0,202,11,0.7272727272727273
B,1000,0,2000171,1,0,195,10,0.7
B,1000,0,2000140,1,0,72,4,1.0
B,1000,0,2000141,1,0,214,11,0.6363636363636364
B,1000,0,2000142,0,1,600,30,0.9666666666666667
B,1000,0,2000143,1,0,140,7,0.5714285714285714
B,1000,0,2000172,0,0,101,6,0.6666666666666666
B,1000,0,2000173,1,0,109,6,0.8333333333333334
B,1000,0,2000174,1,0,155,8,0.75
B,1000,0,2000175,1,0,108,6,0.8333333333333334
B,1000,0,2000164,1,0,203,11,0.6363636363636364
B,1000,0,2000165,1,0,234,12,0.8333333333333334
B,1000,0,2000166,1,0,119,6,0.6666666666666666
B,1000,0,2000167,1,0,92,5,1.0
B,1000,0,2000176,1,0,110,6,0.6666666666666666
B,1000,0,2000177,1,0,75,4,1.0
B,1000,0,2000178,1,0,159,8,1.0
B,1000,0,2000179,1,0,122,7,0.8571428571428571
B,1000,0,2000156,0,1,600,30,1.0
B,1000,0,2000157,0,0,236,12,0.6666666666666666
B,1000,0,2000158,1,0,161,9,1.0
B,1000,0,2000159,1,0,70,4,1.0
B,1000,0,2000188,1,0,187,10,0.7
B,1000,0,2000189,1,0,129,7,1.0
B,1000,0,2000190,0,0,103,6,0.6666666666666666
B,1000,0,2000191,1,0,145,8,0.75
B,1000,0,2000160,1,0,229,12,0.75
B,1000,0,2000161,1,0,130,7,0.7142857142857143
B,1000,0,2000162,1,0,124,7,1.0
B,1000,0,2000163,0,1,600,30,0.9666666666666667
B,1000,0,2000192,1,0,126,7,0.8571428571428571
B,1000,0,2000193,1,0,117,6,1.0
B,1000,0,2000194,0,0,193,10,0.8
B,1000,0,2000195,1,0,348,18,0.8888888888888888
B,1000,0,2000180,1,0,198,10,1.0
B,1000,0,2000181,1,0,83,5,0.8
B,1000,0,2000182,1,0,104,6,1.0
B,1000,0,2000183,0,1,600,30,0.6666666666666666
B,1000,0,2000204,1,0,207,11,0.9090909090909091
B,1000,0,2000205,1,0,98,5,0.8
B,1000,0,2000206,1,0,141,8,0.875
B,1000,0,2000207,1,0,79,4,0.75
B,1000,0,2000208,1,0,115,6,0.8333333333333334
B,1000,0,2000209,1,0,217,11,0.7272727272727273
B,1000,0,2000210,0,0,126,7,0.8571428571428571
B,1000,0,2000211,1,0,140,7,1.0
B,1000,0,2000200,0,0,199,10,0.6
B,1000,0,2000201,0,1,600,30,1.0
B,1000,0,2000202,1,0,127,7,1.0
B,1000,0,2000203,1,0,146,8,0.875
B,1000,0,2000196,0,1,600,30,0.9666666666666667
B,1000,0,2000197,0,0,216,11,0.9090909090909091
B,1000,0,2000198,0,1,600,30,1.0
B,1000,0,2000199,1,0,148,8,0.75
B,1000,0,2000212,1,0,96,5,1.0
B,1000,0,2000213,0,1,600,30,0.7333333333333333
B,1000,0,2000214,1,0,242,13,0.7692307692307693
B,1000,0,2000215,0,0,134,7,0.8571428571428571
B,1000,0,2000224,0,0,112,6,1.0
B,1000,0,2000225,1,0,219,11,0.7272727272727273
B,1000,0,2000226,1,0,181,10,0.7
B,1000,0,2000227,0,1,600,30,0.6666666666666666
B,1000,0,2000216,0,1,600,30,1.0
B,1000,0,2000217,1,0,208,11,1.0
B,1000,0,2000218,1,0,189,10,0.8
B,1000,0,2000219,1,0,194,10,0.7
B,1000,0,2000184,0,1,600,30,1.0
B,1000,0,2000185,1,0,211,11,0.6363636363636364
B,1000,0,2000186,1,0,203,11,0.7272727272727273
B,1000,0,2000187,0,1,600,30,0.9666666666666667
B,1000,0,2000236,0,0,115,6,0.6666666666666666
B,1000,0,2000237,0,1,600,30,0.9666666666666667
B,1000,0,2000238,1,0,70,4,1.0
B,1000,0,2000239,1,0,306,16,0.75
B,1000,0,2000220,0,1,600,30,0.9666666666666667
B,1000,0,2000221,0,1,600,30,0.6666666666666666
B,1000,0,2000222,0,0,89,5,1.0
B,1000,0,2000223,0,0,403,21,0.7619047619047619
B,1000,0,2000228,1,0,179,9,0.8888888888888888
B,1000,0,2000229,1,0,143,8,0.875
B,1000,0,2000230,0,1,600,30,0.4
B,1000,0,2000231,0,0,114,6,0.8333333333333334
B,1000,0,2000232,0,0,185,10,0.9
B,1000,0,2000233,1,0,96,5,1.0
B,1000,0,2000234,1,0,235,12,0.8333333333333334
B,1000,0,2000235,1,0,176,9,0.8888888888888888
B,1000,0,2000260,1,0,124,7,0.7142857142857143
B,1000,0,2000261,1,0,151,8,0.875
B,1000,0,2000262,1,0,168,9,0.5555555555555556
B,1000,0,2000263,1,0,234,12,0.6666666666666666
B,1000,0,2000240,1,0,261,14,0.6428571428571429
B,1000,0,2000241,0,1,600,30,0.9666666666666667
B,1000,0,2000242,1,0,177,9,0.8888888888888888
B,1000,0,2000243,0,0,127,7,0.8571428571428571
B,1000,0,2000264,1,0,126,7,1.0
B,1000,0,2000265,0,0,224,12,1.0
B,1000,0,2000266,1,0,136,7,0.8571428571428571
B,1000,0,2000267,0,0,146,8,0.625
B,1000,0,2000248,0,0,425,22,0.7727272727272727
B,1000,0,2000249,1,0,218,11,0.7272727272727273
B,1000,0,2000250,1,0,160,8,1.0
B,1000,0,2000251,0,0,135,7,0.7142857142857143
B,1000,0,2000244,1,0,142,8,1.0
B,1000,0,2000245,1,0,72,4,1.0
B,1000,0,2000246,1,0,264,14,0.5714285714285714
B,1000,0,2000247,0,1,600,30,0.9666666666666667
B,1000,0,2000268,1,0,120,6,0.8333333333333334
B,1000,0,2000269,1,0,192,10,0.8
B,1000,0,2000270,1,0,176,9,1.0
B,1000,0,2000271,1,0,190,10,0.7
B,1000,0,2000252,0,0,201,11,1.0
B,1000,0,2000253,1,0,99,5,0.6
B,1000,0,2000254,1,0,157,8,0.75
B,1000,0,2000255,0,1,600,30,0.6
B,1000,0,2000256,0,0,163,9,0.6666666666666666
B,1000,0,2000257,0,0,589,30,0.5333333333333333
B,1000,0,2000258,1,0,115,6,0.6666666666666666
B,1000,0,2000259,1,0,149,8,0.75
B,1000,0,2000272,1,0,154,8,0.75
B,1000,0,2000273,1,0,237,12,0.6666666666666666
B,1000,0,2000274,1,0,153,8,0.625
B,1000,0,2000275,1,0,269,14,0.7142857142857143
B,1000,0,2000284,1,0,256,13,0.9230769230769231
B,1000,0,2000285,1,0,229,12,0.6666666666666666
B,1000,0,2000286,1,0,80,4,1.0
B,1000,0,2000287,1,0,218,11,0.8181818181818182
B,1000,0,2000280,1,0,140,7,0.5714285714285714
B,1000,0,2000281,1,0,124,7,0.8571428571428571
B,1000,0,2000282,1,0,467,24,0.5416666666666666
B,1000,0,2000283,1,0,70,4,1.0
B,1000,0,2000288,1,0,173,9,0.7777777777777778
B,1000,0,2000289,1,0,239,12,0.8333333333333334
B,1000,0,2000290,1,0,71,4,1.0
B,1000,0,2000291,1,0,126,7,1.0
B,1000,0,2000296,1,0,114,6,1.0
B,1000,0,2000297,1,0,121,7,0.8571428571428571
B,1000,0,2000298,0,0,123,7,0.8571428571428571
B,1000,0,2000299,1,0,194,10,0.6
B,1000,0,2000308,1,0,160,8,0.75
B,1000,0,2000309,1,0,118,6,0.6666666666666666
B,1000,0,2000310,1,0,223,12,0.8333333333333334
B,1000,0,2000311,0,0,195,10,0.7
B,1000,0,2000304,1,0,527,27,0.5925925925925926
B,1000,0,2000305,1,0,155,8,0.875
B,1000,0,2000306,1,0,204,11,0.8181818181818182
B,1000,0,2000307,0,0,121,7,0.7142857142857143
B,1000,0,2000316,1,0,192,10,0.8
B,1000,0,2000317,1,0,144,8,0.75
B,1000,0,2000318,1,0,322,17,0.7058823529411765
B,1000,0,2000319,0,0,141,8,0.5
B,1000,0,2000276,1,0,493,25,0.64
B,1000,0,2000277,1,0,208,11,0.7272727272727273
B,1000,0,2000278,0,1,600,30,0.5333333333333333
B,1000,0,2000279,1,0,142,8,0.75
B,1000,0,2000292,0,0,76,4,0.75
B,1000,0,2000293,0,1,600,30,0.9333333333333333
B,1000,0,2000294,0,1,600,30,1.0
B,1000,0,2000295,1,0,290,15,0.6666666666666666
B,1000,0,2000312,0,0,123,7,0.5714285714285714
B,1000,0,2000313,1,0,71,4,1.0
B,1000,0,2000314,0,1,600,30,0.5
B,1000,0,2000315,1,0,175,9,1.0
B,1000,0,2000328,1,0,77,4,1.0
B,1000,0,2000329,1,0,100,5,0.8
B,1000,0,2000330,0,1,600,30,0.9666666666666667
B,1000,0,2000331,1,0,126,7,0.8571428571428571
B,1000,0,2000336,1,0,137,7,0.8571428571428571
B,1000,0,2000337,1,0,129,7,0.7142857142857143
B,1000,0,2000338,1,0,188,10,0.9
B,1000,0,2000339,1,0,201,11,0.9090909090909091
B,1000,0,2000332,1,0,139,7,0.5714285714285714
B,1000,0,2000333,1,0,70,4,1.0
B,1000,0,2000334,1,0,414,21,0.8095238095238095
B,1000,0,2000335,1,0,236,12,0.8333333333333334
B,1000,0,2000348,0,0,109,6,1.0
B,1000,0,2000349,1,0,110,6,1.0
B,1000,0,2000350,1,0,102,6,0.8333333333333334
B,1000,0,2000351,1,0,160,8,0.5
B,1000,0,2000324,0,1,600,30,0.9666666666666667
B,1000,0,2000325,0,0,597,30,0.8666666666666667
B,1000,0,2000326,1,0,140,7,0.8571428571428571
B,1000,0,2000327,1,0,75,4,1.0
B,1000,0,2000344,1,0,174,9,0.5555555555555556
B,1000,0,2000345,1,0,151,8,0.625
B,1000,0,2000346,1,0,71,4,1.0
B,1000,0,2000347,1,0,178,9,0.6666666666666666
B,1000,0,2000320,0,1,600,30,0.9333333333333333
B,1000,0,2000321,0,1,600,30,0.9666666666666667
B,1000,0,2000322,0,0,151,8,0.75
B,1000,0,2000323,0,0,364,19,0.7368421052631579
B,1000,0,2000340,0,0,177,9,0.6666666666666666
B,1000,0,2000341,0,1,600,30,0.9666666666666667
B,1000,0,2000342,1,0,82,5,0.8
B,1000,0,2000343,0,0,76,4,0.75
B,1000,0,2000300,0,1,600,30,0.9333333333333333
B,1000,0,2000301,0,1,600,30,0.5666666666666667
B,1000,0,2000302,1,0,78,4,1.0
B,1000,0,2000303,0,1,600,30,0.9333333333333333
B,1000,0,2000368,1,0,69,4,1.0
B,1000,0,2000369,1,0,73,4,1.0
B,1000,0,2000370,1,0,115,6,0.6666666666666666
B,1000,0,2000371,0,0,251,13,0.5384615384615384
B,1000,0,2000364,1,0,88,5,1.0
B,1000,0,2000365,1,0,160,8,0.625
B,1000,0,2000366,1,0,139,7,0.8571428571428571
B,1000,0,2000367,1,0,103,6,0.8333333333333334
B,1000,0,2000372,0,0,198,10,0.6
B,1000,0,2000373,1,0,73,4,1.0
B,1000,0,2000374,1,0,95,5,1.0
B,1000,0,2000375,1,0,161,9,1.0
B,1000,0,2000352,0,1,600,30,0.7666666666666667
B,1000,0,2000353,1,0,187,10,0.8
B,1000,0,2000354,1,0,168,9,1.0
B,1000,0,2000355,1,0,105,6,1.0
B,1000,0,2000376,1,0,214,11,0.7272727272727273
B,1000,0,2000377,1,0,73,4,1.0
B,1000,0,2000378,1,0,109,6,1.0
B,1000,0,2000379,1,0,186,10,0.5
B,1000,0,2000356,1,0,70,4,1.0
B,1000,0,2000357,1,0,194,10,0.8
B,1000,0,2000358,0,0,178,9,0.4444444444444444
B,1000,0,2000359,0,1,600,30,0.5666666666666667
B,1000,0,2000396,1,0,117,6,0.6666666666666666
B,1000,0,2000397,0,0,145,8,0.5
B,1000,0,2000398,0,0,146,8,0.75
B,1000,0,2000399,1,0,70,4,1.0
B,1000,0,2000384,1,0,117,6,1.0
B,1000,0,2000385,1,0,106,6,0.8333333333333334
B,1000,0,2000386,0,0,194,10,0.8
B,1000,0,2000387,1,0,167,9,0.6666666666666666
B,1000,0,2000388,0,0,160,8,1.0
B,1000,0,2000389,0,0,197,10,0.9
B,1000,0,2000390,0,0,188,10,0.7
B,1000,0,2000391,1,0,103,6,0.8333333333333334
B,1000,0,2000380,0,0,115,6,0.5
B,1000,0,2000381,1,0,215,11,0.6363636363636364
B,1000,0,2000382,0,0,393,20,0.9
B,1000,0,2000383,1,0,218,11,0.45454545454545453
B,1000,0,2000392,1,0,272,14,0.7142857142857143
B,1000,0,2000393,0,0,142,8,0.875
B,1000,0,2000394,1,0,277,14,0.7857142857142857
B,1000,0,2000395,1,0,177,9,0.5555555555555556
B,1000,0,2000408,1,0,177,9,0.8888888888888888
B,1000,0,2000409,0,0,322,17,0.4117647058823529
B,1000,0,2000410,1,0,76,4,1.0
B,1000,0,2000411,1,0,112,6,0.5
B,1000,0,2000360,1,0,100,5,0.8
B,1000,0,2000361,0,1,600,30,0.9666666666666667
B,1000,0,2000362,0,0,584,30,0.9333333333333333
B,1000,0,2000363,1,0,379,19,0.631578947368421
B,1000,0,2000412,1,0,72,4,1.0
B,1000,0,2000413,1,0,202,11,0.8181818181818182
B,1000,0,2000414,1,0,74,4,1.0
B,1000,0,2000415,0,1,600,30,0.9333333333333333
B,1000,0,2000400,0,1,600,30,0.8
B,1000,0,2000401,1,0,122,7,0.7142857142857143
B,1000,0,2000402,0,1,600,30,0.5666666666666667
B,1000,0,2000403,1,0,119,6,0.8333333333333334
B,1000,0,2000424,1,0,189,10,0.7
B,1000,0,2000425,1,0,128,7,1.0
B,1000,0,2000426,0,0,114,6,0.6666666666666666
B,1000,0,2000427,1,0,258,13,0.8461538461538461
B,1000,0,2000432,1,0,130,7,0.7142857142857143
B,1000,0,2000433,0,0,114,6,0.6666666666666666
B,1000,0,2000434,1,0,192,10,0.7
B,1000,0,2000435,1,0,104,6,1.0
B,1000,0,2000420,0,1,600,30,0.5666666666666667
B,1000,0,2000421,1,0,256,13,0.7692307692307693
B,1000,0,2000422,1,0,138,7,0.7142857142857143
B,1000,0,2000423,0,0,91,5,0.8
B,1000,0,2000404,0,1,600,30,0.9666666666666667
B,1000,0,2000405,1,0,136,7,1.0
B,1000,0,2000406,0,0,147,8,1.0
B,1000,0,2000407,0,0,401,21,0.6666666666666666
B,1000,0,2000416,0,1,600,30,1.0
B,1000,0,2000417,0,1,600,30,0.9
B,1000,0,2000418,1,0,77,4,1.0
B,1000,0,2000419,0,0,93,5,0.8
B,1000,0,2000444,1,0,116,6,0.6666666666666666
B,1000,0,2000445,1,0,72,4,1.0
B,1000,0,2000446,1,0,228,12,0.8333333333333334
B,1000,0,2000447,1,0,104,6,0.6666666666666666
B,1000,0,2000436,0,0,432,22,0.6363636363636364
B,1000,0,2000437,1,0,168,9,0.8888888888888888
B,1000,0,2000438,1,0,157,8,0.75
B,1000,0,2000439,0,0,92,5,0.8
B,1000,0,2000452,0,0,140,7,0.8571428571428571
B,1000,0,2000453,1,0,101,6,1.0
B,1000,0,2000454,0,0,76,4,1.0
B,1000,0,2000455,1,0,73,4,1.0
B,1000,0,2000428,1,0,173,9,0.5555555555555556
B,1000,0,2000429,1,0,173,9,0.7777777777777778
B,1000,0,2000430,0,1,600,30,0.9333333333333333
B,1000,0,2000431,1,0,136,7,0.8571428571428571
B,1000,0,2000468,1,0,119,6,0.8333333333333334
B,1000,0,2000469,1,0,91,5,0.8
B,1000,0,2000470,1,0,133,7,0.8571428571428571
B,1000,0,2000471,1,0,143,8,0.875
B,1000,0,2000440,1,0,183,10,0.9
B,1000,0,2000441,1,0,182,10,0.6
B,1000,0,2000442,1,0,388,20,0.75
B,1000,0,2000443,1,0,82,5,0.8
B,1000,0,2000456,0,0,76,4,1.0
B,1000,0,2000457,0,1,600,30,0.7333333333333333
B,1000,0,2000458,1,0,142,8,0.875
B,1000,0,2000459,1,0,202,11,0.5454545454545454
B,1000,0,2000448,0,0,376,19,1.0
B,1000,0,2000449,1,0,169,9,0.7777777777777778
B,1000,0,2000450,0,0,194,10,0.8
B,1000,0,2000451,1,0,375,19,0.5263157894736842
B,1000,0,2000476,1,0,270,14,1.0
B,1000,0,2000477,0,0,137,7,0.8571428571428571
B,1000,0,2000478,1,0,123,7,0.7142857142857143
B,1000,0,2000479,1,0,128,7,0.5714285714285714
B,1000,0,2000464,1,0,171,9,0.7777777777777778
B,1000,0,2000465,0,0,483,25,1.0
B,1000,0,2000466,1,0,112,6,0.6666666666666666
B,1000,0,2000467,0,0,221,12,1.0
B,1000,0,2000492,0,0,211,11,0.9090909090909091
B,1000,0,2000493,1,0,78,4,1.0
B,1000,0,2000494,1,0,168,9,0.5555555555555556
B,1000,0,2000495,0,0,150,8,0.625
B,1000,0,2000460,1,0,74,4,0.75
B,1000,0,2000461,0,1,600,30,1.0
B,1000,0,2000462,1,0,170,9,0.6666666666666666
B,1000,0,2000463,1,0,191,10,0.8
B,1000,0,2000488,1,0,191,10,0.8
B,1000,0,2000489,1,0,146,8,0.75
B,1000,0,2000490,1,0,81,5,0.8
B,1000,0,2000491,1,0,137,7,0.42857142857142855
B,1000,0,2000472,0,0,76,4,0.75
B,1000,0,2000473,1,0,198,10,0.5
B,1000,0,2000474,1,0,156,8,0.875
B,1000,0,2000475,0,1,600,30,0.9666666666666667
B,1000,0,2000484,1,0,224,12,0.8333333333333334
B,1000,0,2000485,0,0,288,15,0.9333333333333333
B,1000,0,2000486,0,0,179,9,0.7777777777777778
B,1000,0,2000487,1,0,199,10,0.9
B,1000,0,2000496,0,0,155,8,0.5
B,1000,0,2000497,0,0,189,10,1.0
B,1000,0,2000498,1,0,140,7,0.7142857142857143
B,1000,0,2000499,1,0,99,5,1.0
B,1000,0,2000480,0,0,233,12,0.75
B,1000,0,2000481,1,0,85,5,1.0
B,1000,0,2000482,0,1,600,30,0.8666666666666667
B,1000,0,2000483,1,0,143,8,0.875
B,2000,0,3000008,1,0,171,5,1.0
B,2000,0,3000009,1,0,69,2,1.0
B,2000,0,3000010,0,0,209,6,1.0
B,2000,0,3000011,1,0,147,4,0.75
B,2000,0,3000004,1,0,118,3,0.6666666666666666
B,2000,0,3000005,1,0,197,5,1.0
B,2000,0,3000006,0,0,381,10,1.0
B,2000,0,3000007,1,0,158,4,0.75
B,2000,0,3000028,1,0,183,5,0.8
B,2000,0,3000029,0,0,98,3,1.0
B,2000,0,3000030,1,0,194,5,1.0
B,2000,0,3000031,1,0,141,4,0.5
B,2000,0,3000024,1,0,346,9,0.4444444444444444
B,2000,0,3000025,0,0,208,6,0.5
B,2000,0,3000026,0,0,79,2,1.0
B,2000,0,3000027,1,0,111,3,0.6666666666666666
B,2000,0,3000012,1,0,172,5,0.8
B,2000,0,3000013,1,0,278,7,0.8571428571428571
B,2000,0,3000014,1,0,96,3,0.6666666666666666
B,2000,0,3000015,1,0,116,3,1.0
B,2000,0,3000016,1,0,158,4,1.0
B,2000,0,3000017,1,0,80,2,1.0
B,2000,0,3000018,1,0,211,6,0.8333333333333334
B,2000,0,3000019,1,0,369,10,0.8
B,2000,0,3000000,1,0,71,2,1.0
B,2000,0,3000001,1,0,222,6,0.6666666666666666
B,2000,0,3000002,1,0,180,5,0.8
B,2000,0,3000003,1,0,170,5,1.0
B,2000,0,3000020,1,0,470,12,0.6666666666666666
B,2000,0,3000021,0,0,188,5,1.0
B,2000,0,3000022,1,0,203,6,0.6666666666666666
B,2000,0,3000023,1,0,147,4,0.75
B,2000,0,3000036,1,0,221,6,0.6666666666666666
B,2000,0,3000037,1,0,80,2,1.0
B,2000,0,3000038,1,0,164,5,0.8
B,2000,0,3000039,1,0,115,3,1.0
B,2000,0,3000048,1,0,89,3,1.0
B,2000,0,3000049,0,0,76,2,1.0
B,2000,0,3000050,1,0,222,6,0.6666666666666666
B,2000,0,3000051,1,0,123,4,1.0
B,2000,0,3000052,1,0,152,4,0.75
B,2000,0,3000053,1,0,99,3,0.6666666666666666
B,2000,0,3000054,1,0,74,2,1.0
B,2000,0,3000055,1,0,140,4,1.0
B,2000,0,3000044,1,0,198,5,0.8
B,2000,0,3000045,1,0,193,5,0.6
B,2000,0,3000046,1,0,82,3,1.0
B,2000,0,3000047,1,0,85,3,1.0
B,2000,0,3000032,1,0,100,3,1.0
B,2000,0,3000033,1,0,90,3,0.6666666666666666
B,2000,0,3000034,0,1,600,15,1.0
B,2000,0,3000035,1,0,113,3,0.6666666666666666
B,2000,0,3000040,1,0,138,4,1.0
B,2000,0,3000041,1,0,147,4,1.0
B,2000,0,3000042,1,0,123,4,1.0
B,2000,0,3000043,0,1,600,15,0.6
B,2000,0,3000068,1,0,118,3,1.0
B,2000,0,3000069,1,0,94,3,1.0
B,2000,0,3000070,1,0,121,4,1.0
B,2000,0,3000071,1,0,72,2,1.0
B,2000,0,3000064,1,0,133,4,1.0
B,2000,0,3000065,1,0,199,5,0.6
B,2000,0,3000066,0,1,600,15,1.0
B,2000,0,3000067,1,0,118,3,0.3333333333333333
B,2000,0,3000076,1,0,126,4,0.75
B,2000,0,3000077,1,0,127,4,0.5
B,2000,0,3000078,1,0,160,4,0.75
B,2000,0,3000079,1,0,150,4,0.75
B,2000,0,3000084,1,0,138,4,0.75
B,2000,0,3000085,1,0,235,6,0.5
B,2000,0,3000086,1,0,159,4,1.0
B,2000,0,3000087,1,0,115,3,1.0
B,2000,0,3000088,0,0,101,3,1.0
B,2000,0,3000089,0,0,101,3,1.0
B,2000,0,3000090,1,0,246,7,0.7142857142857143
B,2000,0,3000091,0,0,241,7,1.0
B,2000,0,3000072,0,0,185,5,0.6
B,2000,0,3000073,1,0,537,14,0.9285714285714286
B,2000,0,3000074,0,0,135,4,0.75
B,2000,0,3000075,1,0,151,4,0.5
B,2000,0,3000060,1,0,65,2,1.0
B,2000,0,3000061,0,1,600,15,0.6666666666666666
B,2000,0,3000062,1,0,181,5,0.8
B,2000,0,3000063,0,1,600,15,1.0
B,2000,0,3000056,0,1,600,15,1.0
B,2000,0,3000057,0,1,600,15,1.0
B,2000,0,3000058,0,0,146,4,0.75
B,2000,0,3000059,0,0,268,7,0.7142857142857143
B,2000,0,3000080,1,0,156,4,0.75
B,2000,0,3000081,0,1,600,15,0.8666666666666667
B,2000,0,3000082,1,0,89,3,1.0
B,2000,0,3000083,1,0,153,4,1.0
B,2000,0,3000108,1,0,78,2,1.0
B,2000,0,3000109,1,0,160,4,0.75
B,2000,0,3000110,0,0,95,3,0.6666666666666666
B,2000,0,3000111,1,0,114,3,0.6666666666666666
B,2000,0,3000092,0,0,101,3,1.0
B,2000,0,3000093,0,0,141,4,1.0
B,2000,0,3000094,0,1,600,15,0.9333333333333333
B,2000,0,3000095,1,0,246,7,1.0
B,2000,0,3000120,1,0,136,4,0.75
B,2000,0,3000121,0,0,164,5,1.0
B,2000,0,3000122,1,0,155,4,0.75
B,2000,0,3000123,1,0,139,4,0.75
B,2000,0,3000104,1,0,174,5,0.6
B,2000,0,3000105,1,0,85,3,1.0
B,2000,0,3000106,1,0,177,5,0.8
B,2000,0,3000107,1,0,411,11,0.5454545454545454
B,2000,0,3000100,1,0,104,3,0.6666666666666666
B,2000,0,3000101,0,1,600,15,0.9333333333333333
B,2000,0,3000102,1,0,130,4,1.0
B,2000,0,3000103,0,1,600,15,1.0
B,2000,0,3000132,1,0,187,5,0.8
B,2000,0,3000133,1,0,120,3,0.6666666666666666
B,2000,0,3000134,1,0,152,4,1.0
B,2000,0,3000135,0,0,141,4,0.75
B,2000,0,3000116,1,0,570,15,0.6666666666666666
B,2000,0,3000117,1,0,113,3,1.0
B,2000,0,3000118,1,0,273,7,0.7142857142857143
B,2000,0,3000119,0,0,85,3,0.6666666666666666
B,2000,0,3000112,1,0,131,4,1.0
B,2000,0,3000113,1,0,258,7,0.5714285714285714
B,2000,0,3000114,1,0,399,10,0.8
B,2000,0,3000115,1,0,117,3,1.0
B,2000,0,3000128,1,0,201,6,0.8333333333333334
B,2000,0,3000129,1,0,186,5,0.8
B,2000,0,3000130,0,0,141,4,1.0
B,2000,0,3000131,1,0,192,5,1.0
B,2000,0,3000144,0,0,229,6,0.8333333333333334
B,2000,0,3000145,0,0,71,2,1.0
B,2000,0,3000146,1,0,225,6,0.6666666666666666
B,2000,0,3000147,1,0,167,5,1.0
B,2000,0,3000124,1,0,257,7,1.0
B,2000,0,3000125,0,0,167,5,0.6
B,2000,0,3000126,1,0,202,6,1.0
B,2000,0,3000127,0,1,600,15,1.0
B,2000,0,3000096,1,0,72,2,1.0
B,2000,0,3000097,1,0,113,3,1.0
B,2000,0,3000098,0,1,600,15,1.0
B,2000,0,3000099,0,0,576,15,1.0
B,2000,0,3000152,1,0,141,4,1.0
B,2000,0,3000153,0,0,145,4,1.0
B,2000,0,3000154,1,0,85,3,1.0
B,2000,0,3000155,1,0,89,3,1.0
B,2000,0,3000148,1,0,223,6,0.6666666666666666
B,2000,0,3000149,0,0,214,6,0.8333333333333334
B,2000,0,3000150,1,0,130,4,0.75
B,2000,0,3000151,1,0,143,4,1.0
B,2000,0,3000136,1,0,251,7,0.7142857142857143
B,2000,0,3000137,1,0,165,5,0.4
B,2000,0,3000138,1,0,266,7,0.5714285714285714
B,2000,0,3000139,1,0,349,9,0.7777777777777778
B,2000,0,3000140,0,0,101,3,1.0
B,2000,0,3000141,1,0,142,4,1.0
B,2000,0,3000142,1,0,128,4,1.0
B,2000,0,3000143,1,0,211,6,0.6666666666666666
B,2000,0,3000156,1,0,177,5,0.8
B,2000,0,3000157,1,0,94,3,1.0
B,2000,0,3000158,0,0,137,4,0.75
B,2000,0,3000159,1,0,172,5,0.8
B,2000,0,3000172,1,0,111,3,0.6666666666666666
B,2000,0,3000173,1,0,195,5,0.6
B,2000,0,3000174,0,0,91,3,1.0
B,2000,0,3000175,1,0,114,3,1.0
B,2000,0,3000176,1,0,82,3,1.0
B,2000,0,3000177,1,0,80,2,1.0
B,2000,0,3000178,0,0,154,4,0.5
B,2000,0,3000179,1,0,106,3,1.0
B,2000,0,3000160,1,0,91,3,1.0
B,2000,0,3000161,0,0,158,4,0.75
B,2000,0,3000162,1,0,73,2,1.0
B,2000,0,3000163,0,1,600,15,0.8666666666666667
B,2000,0,3000164,1,0,117,3,0.6666666666666666
B,2000,0,3000165,0,1,600,15,0.5333333333333333
B,2000,0,3000166,1,0,124,4,0.75
B,2000,0,3000167,0,0,126,4,0.75
B,2000,0,3000192,0,0,66,2,1.0
B,2000,0,3000193,1,0,195,5,1.0
B,2000,0,3000194,0,0,179,5,0.4
B,2000,0,3000195,1,0,101,3,1.0
B,2000,0,3000180,1,0,204,6,1.0
B,2000,0,3000181,1,0,190,5,1.0
B,2000,0,3000182,1,0,400,10,0.9
B,2000,0,3000183,1,0,278,7,0.7142857142857143
B,2000,0,3000204,1,0,326,9,0.6666666666666666
B,2000,0,3000205,1,0,81,3,1.0
B,2000,0,3000206,1,0,210,6,0.8333333333333334
B,2000,0,3000207,1,0,85,3,1.0
B,2000,0,3000168,0,1,600,15,1.0
B,2000,0,3000169,1,0,173,5,1.0
B,2000,0,3000170,0,1,600,15,1.0
B,2000,0,3000171,0,0,103,3,0.6666666666666666
B,2000,0,3000188,0,1,600,15,1.0
B,2000,0,3000189,1,0,211,6,0.8333333333333334
B,2000,0,3000190,0,0,101,3,1.0
B,2000,0,3000191,1,0,332,9,0.6666666666666666
B,2000,0,3000184,1,0,313,8,0.875
B,2000,0,3000185,1,0,308,8,0.625
B,2000,0,3000186,1,0,121,4,1.0
B,2000,0,3000187,0,1,600,15,1.0
B,2000,0,3000200,0,0,309,8,1.0
B,2000,0,3000201,0,0,356,9,0.7777777777777778
B,2000,0,3000202,1,0,281,8,1.0
B,2000,0,3000203,1,0,118,3,0.6666666666666666
B,2000,0,3000196,0,0,538,14,1.0
B,2000,0,3000197,1,0,194,5,0.8
B,2000,0,3000198,0,0,146,4,0.5
B,2000,0,3000199,0,0,86,3,1.0
B,2000,0,3000216,1,0,168,5,0.6
B,2000,0,3000217,1,0,85,3,1.0
B,2000,0,3000218,1,0,144,4,0.5
B,2000,0,3000219,1,0,126,4,1.0
B,2000,0,3000212,1,0,78,2,1.0
B,2000,0,3000213,1,0,84,3,1.0
B,2000,0,3000214,1,0,321,9,0.7777777777777778
B,2000,0,3000215,0,0,205,6,0.8333333333333334
B,2000,0,3000220,1,0,115,3,1.0
B,2000,0,3000221,1,0,127,4,1.0
B,2000,0,3000222,0,0,76,2,1.0
B,2000,0,3000223,1,0,109,3,1.0
B,2000,0,3000224,1,0,149,4,1.0
B,2000,0,3000225,0,0,146,4,1.0
B,2000,0,3000226,1,0,131,4,1.0
B,2000,0,3000227,1,0,76,2,1.0
B,2000,0,3000208,0,0,403,11,0.6363636363636364
B,2000,0,3000209,1,0,347,9,0.7777777777777778
B,2000,0,3000210,1,0,130,4,1.0
B,2000,0,3000211,1,0,151,4,0.75
B,2000,0,3000228,0,0,234,6,0.5
B,2000,0,3000229,1,0,197,5,1.0
B,2000,0,3000230,1,0,100,3,0.6666666666666666
B,2000,0,3000231,1,0,112,3,1.0
B,2000,0,3000260,1,0,100,3,1.0
B,2000,0,3000261,1,0,109,3,0.6666666666666666
B,2000,0,3000262,0,0,101,3,0.6666666666666666
B,2000,0,3000263,1,0,150,4,1.0
B,2000,0,3000248,1,0,166,5,0.8
B,2000,0,3000249,0,0,197,5,0.4
B,2000,0,3000250,0,0,76,2,0.5
B,2000,0,3000251,0,0,118,3,0.6666666666666666
B,2000,0,3000252,1,0,146,4,0.75
B,2000,0,3000253,1,0,141,4,0.75
B,2000,0,3000254,0,0,91,3,1.0
B,2000,0,3000255,1,0,73,2,1.0
B,2000,0,3000236,0,0,76,2,1.0
B,2000,0,3000237,1,0,109,3,1.0
B,2000,0,3000238,0,1,600,15,1.0
B,2000,0,3000239,0,0,101,3,1.0
B,2000,0,3000256,1,0,191,5,0.8
B,2000,0,3000257,1,0,151,4,1.0
B,2000,0,3000258,1,0,126,4,1.0
B,2000,0,3000259,0,0,110,3,0.6666666666666666
B,2000,0,3000244,1,0,220,6,0.6666666666666666
B,2000,0,3000245,0,0,151,4,0.25
B,2000,0,3000246,1,0,351,9,0.6666666666666666
B,2000,0,3000247,1,0,181,5,1.0
B,2000,0,3000276,0,0,193,5,1.0
B,2000,0,3000277,0,0,265,7,1.0
B,2000,0,3000278,0,0,101,3,1.0
B,2000,0,3000279,1,0,385,10,0.9
B,2000,0,3000288,1,0,134,4,0.75
B,2000,0,3000289,1,0,151,4,1.0
B,2000,0,3000290,0,0,178,5,1.0
B,2000,0,3000291,1,0,132,4,0.75
B,2000,0,3000280,0,0,208,6,1.0
B,2000,0,3000281,0,1,600,15,1.0
B,2000,0,3000282,1,0,113,3,0.6666666666666666
B,2000,0,3000283,1,0,170,5,0.8
B,2000,0,3000264,0,1,600,15,0.9333333333333333
B,2000,0,3000265,1,0,96,3,0.6666666666666666
B,2000,0,3000266,1,0,77,2,1.0
B,2000,0,3000267,0,1,600,15,1.0
B,2000,0,3000240,0,1,600,15,0.9333333333333333
B,2000,0,3000241,1,0,80,2,1.0
B,2000,0,3000242,0,0,113,3,1.0
B,2000,0,3000243,0,1,600,15,0.4666666666666667
B,2000,0,3000268,1,0,390,10,0.5
B,2000,0,3000269,1,0,133,4,1.0
B,2000,0,3000270,0,0,191,5,1.0
B,2000,0,3000271,0,1,600,15,1.0
B,2000,0,3000284,0,0,293,8,1.0
B,2000,0,3000285,0,0,277,7,0.5714285714285714
B,2000,0,3000286,1,0,172,5,1.0
B,2000,0,3000287,1,0,157,4,1.0
B,2000,0,3000272,1,0,527,14,0.9285714285714286
B,2000,0,3000273,0,0,116,3,1.0
B,2000,0,3000274,1,0,148,4,0.75
B,2000,0,3000275,0,0,128,4,0.75
B,2000,0,3000300,0,0,102,3,0.6666666666666666
B,2000,0,3000301,1,0,66,2,1.0
B,2000,0,3000302,0,0,90,3,1.0
B,2000,0,3000303,0,0,203,6,1.0
B,2000,0,3000232,1,0,112,3,1.0
B,2000,0,3000233,0,0,126,4,1.0
B,2000,0,3000234,0,1,600,15,1.0
B,2000,0,3000235,0,1,600,15,1.0
B,2000,0,3000308,0,0,97,3,0.3333333333333333
B,2000,0,3000309,0,0,121,4,1.0
B,2000,0,3000310,1,0,80,2,1.0
B,2000,0,3000311,1,0,74,2,1.0
B,2000,0,3000316,1,0,209,6,0.8333333333333334
B,2000,0,3000317,1,0,117,3,0.6666666666666666
B,2000,0,3000318,1,0,146,4,0.75
B,2000,0,3000319,0,0,151,4,1.0
B,2000,0,3000324,1,0,75,2,1.0
B,2000,0,3000325,0,1,600,15,1.0
B,2000,0,3000326,1,0,141,4,0.75
B,2000,0,3000327,1,0,74,2,1.0
B,2000,0,3000292,1,0,146,4,1.0
B,2000,0,3000293,1,0,212,6,0.8333333333333334
B,2000,0,3000294,1,0,179,5,0.6
B,2000,0,3000295,0,1,600,15,0.9333333333333333
B,2000,0,3000304,0,0,142,4,1.0
B,2000,0,3000305,1,0,590,15,0.6
B,2000,0,3000306,1,0,155,4,0.5
B,2000,0,3000307,1,0,82,3,1.0
B,2000,0,3000312,1,0,125,4,0.75
B,2000,0,3000313,1,0,85,3,1.0
B,2000,0,3000314,0,1,600,15,1.0
B,2000,0,3000315,0,0,161,5,1.0
B,2000,0,3000296,0,1,600,15,1.0
B,2000,0,3000297,1,0,116,3,1.0
B,2000,0,3000298,1,0,147,4,1.0
B,2000,0,3000299,1,0,139,4,1.0
B,2000,0,3000336,1,0,125,4,1.0
B,2000,0,3000337,1,0,96,3,1.0
B,2000,0,3000338,1,0,75,2,1.0
B,2000,0,3000339,0,0,212,6,0.5
B,2000,0,3000340,1,0,135,4,0.75
B,2000,0,3000341,1,0,71,2,1.0
B,2000,0,3000342,1,0,122,4,1.0
B,2000,0,3000343,1,0,159,4,0.5
B,2000,0,3000328,0,1,600,15,0.7333333333333333
B,2000,0,3000329,1,0,169,5,0.8
B,2000,0,3000330,1,0,159,4,0.75
B,2000,0,3000331,1,0,125,4,1.0
B,2000,0,3000344,0,0,188,5,0.6
B,2000,0,3000345,0,0,76,2,1.0
B,2000,0,3000346,1,0,80,2,0.5
B,2000,0,3000347,1,0,150,4,0.5
B,2000,0,3000332,1,0,158,4,0.75
B,2000,0,3000333,0,1,600,15,0.9333333333333333
B,2000,0,3000334,1,0,122,4,1.0
B,2000,0,3000335,1,0,234,6,0.8333333333333334
B,2000,0,3000356,0,0,197,5,0.8
B,2000,0,3000357,1,0,147,4,0.75
B,2000,0,3000358,1,0,93,3,1.0
B,2000,0,3000359,1,0,151,4,0.75
B,2000,0,3000320,0,1,600,15,0.4
B,2000,0,3000321,0,0,148,4,1.0
B,2000,0,3000322,1,0,126,4,0.5
B,2000,0,3000323,0,1,600,15,0.8666666666666667
B,2000,0,3000352,0,0,282,8,0.625
B,2000,0,3000353,1,0,167,5,1.0
B,2000,0,3000354,1,0,119,3,0.3333333333333333
B,2000,0,3000355,1,0,108,3,0.6666666666666666
B,2000,0,3000348,1,0,123,4,1.0
B,2000,0,3000349,1,0,231,6,0.3333333333333333
B,2000,0,3000350,0,1,600,15,0.8
B,2000,0,3000351,1,0,127,4,1.0
B,2000,0,3000368,1,0,151,4,1.0
B,2000,0,3000369,1,0,76,2,1.0
B,2000,0,3000370,1,0,201,6,0.6666666666666666
B,2000,0,3000371,1,0,138,4,0.75
B,2000,0,3000364,1,0,278,7,0.5714285714285714
B,2000,0,3000365,1,0,101,3,0.6666666666666666
B,2000,0,3000366,0,0,215,6,1.0
B,2000,0,3000367,1,0,220,6,1.0
B,2000,0,3000388,1,0,147,4,0.75
B,2000,0,3000389,0,0,76,2,0.5
B,2000,0,3000390,1,0,72,2,1.0
B,2000,0,3000391,0,0,117,3,1.0
B,2000,0,3000380,0,1,600,15,1.0
B,2000,0,3000381,1,0,200,5,1.0
B,2000,0,3000382,1,0,66,2,1.0
B,2000,0,3000383,1,0,115,3,0.3333333333333333
B,2000,0,3000384,1,0,217,6,0.6666666666666666
B,2000,0,3000385,0,1,600,15,1.0
B,2000,0,3000386,1,0,109,3,1.0
B,2000,0,3000387,1,0,98,3,1.0
B,2000,0,3000372,0,1,600,15,1.0
B,2000,0,3000373,1,0,172,5,0.6
B,2000,0,3000374,1,0,130,4,0.75
B,2000,0,3000375,1,0,144,4,1.0
B,2000,0,3000392,1,0,298,8,0.875
B,2000,0,3000393,1,0,462,12,0.75
B,2000,0,3000394,1,0,137,4,1.0
B,2000,0,3000395,1,0,74,2,1.0
B,2000,0,3000376,1,0,122,4,0.5
B,2000,0,3000377,0,0,351,9,0.4444444444444444
B,2000,0,3000378,1,0,237,6,1.0
B,2000,0,3000379,0,1,600,15,0.8
B,2000,0,3000400,1,0,75,2,1.0
B,2000,0,3000401,1,0,206,6,0.8333333333333334
B,2000,0,3000402,1,0,165,5,0.8
B,2000,0,3000403,1,0,122,4,1.0
B,2000,0,3000404,1,0,75,2,0.5
B,2000,0,3000405,0,0,100,3,1.0
B,2000,0,3000406,1,0,124,4,0.5
B,2000,0,3000407,1,0,210,6,0.6666666666666666
B,2000,0,3000408,1,0,189,5,1.0
B,2000,0,3000409,1,0,145,4,0.75
B,2000,0,3000410,1,0,166,5,0.8
B,2000,0,3000411,1,0,182,5,0.4
B,2000,0,3000396,1,0,183,5,0.6
B,2000,0,3000397,1,0,196,5,1.0
B,2000,0,3000398,1,0,213,6,1.0
B,2000,0,3000399,1,0,132,4,0.75
B,2000,0,3000360,0,1,600,15,1.0
B,2000,0,3000361,0,1,600,15,0.8666666666666667
B,2000,0,3000362,0,1,600,15,1.0
B,2000,0,3000363,1,0,248,7,1.0
B,2000,0,3000420,1,0,103,3,1.0
B,2000,0,3000421,1,0,102,3,1.0
B,2000,0,3000422,0,0,394,10,0.8
B,2000,0,3000423,1,0,123,4,1.0
B,2000,0,3000428,0,0,155,4,0.5
B,2000,0,3000429,1,0,97,3,1.0
B,2000,0,3000430,0,0,206,6,0.8333333333333334
B,2000,0,3000431,1,0,360,9,0.8888888888888888
B,2000,0,3000424,1,0,142,4,0.75
B,2000,0,3000425,1,0,184,5,0.8
B,2000,0,3000426,1,0,118,3,0.6666666666666666
B,2000,0,3000427,0,1,600,15,0.8
B,2000,0,3000416,1,0,236,6,0.6666666666666666
B,2000,0,3000417,0,1,600,15,1.0
B,2000,0,3000418,1,0,472,12,0.75
B,2000,0,3000419,1,0,159,4,0.75
B,2000,0,3000432,0,0,290,8,1.0
B,2000,0,3000433,1,0,126,4,1.0
B,2000,0,3000434,0,0,76,2,0.5
B,2000,0,3000435,1,0,149,4,1.0
B,2000,0,3000440,1,0,170,5,1.0
B,2000,0,3000441,1,0,128,4,1.0
B,2000,0,3000442,1,0,72,2,1.0
B,2000,0,3000443,0,0,217,6,1.0
B,2000,0,3000444,0,0,117,3,0.6666666666666666
B,2000,0,3000445,0,1,600,15,0.8666666666666667
B,2000,0,3000446,0,0,76,2,0.5
B,2000,0,3000447,0,0,57,2,1.0
B,2000,0,3000452,1,0,131,4,1.0
B,2000,0,3000453,1,0,133,4,0.75
B,2000,0,3000454,1,0,140,4,1.0
B,2000,0,3000455,1,0,138,4,1.0
B,2000,0,3000412,1,0,89,3,1.0
B,2000,0,3000413,0,1,600,15,0.9333333333333333
B,2000,0,3000414,0,1,600,15,1.0
B,2000,0,3000415,1,0,114,3,1.0
B,2000,0,3000460,0,0,124,4,0.75
B,2000,0,3000461,1,0,140,4,0.75
B,2000,0,3000462,1,0,164,5,1.0
B,2000,0,3000463,1,0,136,4,0.75
B,2000,0,3000436,0,0,101,3,0.6666666666666666
B,2000,0,3000437,1,0,163,5,0.8
B,2000,0,3000438,1,0,186,5,0.8
B,2000,0,3000439,0,1,600,15,1.0
B,2000,0,3000468,0,0,229,6,0.6666666666666666
B,2000,0,3000469,1,0,160,4,1.0
B,2000,0,3000470,1,0,129,4,1.0
B,2000,0,3000471,1,0,201,6,0.8333333333333334
B,2000,0,3000472,1,0,115,3,1.0
B,2000,0,3000473,1,0,291,8,0.75
B,2000,0,3000474,1,0,118,3,1.0
B,2000,0,3000475,1,0,123,4,1.0
B,2000,0,3000448,1,0,115,3,1.0
B,2000,0,3000449,0,1,600,15,1.0
B,2000,0,3000450,1,0,142,4,0.75
B,2000,0,3000451,0,0,286,8,0.875
B,2000,0,3000484,1,0,153,4,0.75
B,2000,0,3000485,1,0,179,5,0.8
B,2000,0,3000486,1,0,212,6,0.8333333333333334
B,2000,0,3000487,1,0,123,4,1.0
B,2000,0,3000476,1,0,90,3,1.0
B,2000,0,3000477,1,0,192,5,0.8
B,2000,0,3000478,1,0,177,5,0.6
B,2000,0,3000479,1,0,254,7,0.42857142857142855
B,2000,0,3000492,0,0,140,4,1.0
B,2000,0,3000493,0,0,76,2,1.0
B,2000,0,3000494,1,0,212,6,0.6666666666666666
B,2000,0,3000495,1,0,129,4,1.0
B,2000,0,3000480,1,0,183,5,0.6
B,2000,0,3000481,1,0,159,4,0.5
B,2000,0,3000482,1,0,199,5,1.0
B,2000,0,3000483,0,1,600,15,1.0
B,2000,0,3000496,1,0,137,4,0.75
B,2000,0,3000497,1,0,269,7,0.5714285714285714
B,2000,0,3000498,1,0,116,3,1.0
B,2000,0,3000499,1,0,76,2,1.0
B,2000,0,3000464,0,1,600,15,1.0
B,2000,0,3000465,0,1,600,15,0.9333333333333333
B,2000,0,3000466,1,0,117,3,0.6666666666666666
B,2000,0,3000467,1,0,181,5,0.8
B,2000,0,3000456,1,0,342,9,0.6666666666666666
B,2000,0,3000457,0,0,350,9,0.5555555555555556
B,2000,0,3000458,0,1,600,15,1.0
B,2000,0,3000459,0,1,600,15,1.0
B,2000,0,3000488,1,0,524,14,0.7857142857142857
B,2000,0,3000489,1,0,166,5,1.0
B,2000,0,3000490,0,0,303,8,1.0
B,2000,0,3000491,1,0,209,6,1.0
B,250,1,1750003,0,0,118,0,0.9583333333333334
B,250,1,1750004,0,0,131,0,0.8888888888888888
B,250,1,1750005,0,0,94,0,0.8947368421052632
B,250,1,1750006,1,0,237,0,0.875
B,250,1,1750023,1,0,290,0,0.7758620689655172
B,250,1,1750024,1,0,152,0,0.9032258064516129
B,250,1,1750025,1,0,234,0,0.8936170212765957
B,250,1,1750026,1,0,223,0,0.7777777777777778
B,250,1,1750015,0,0,259,0,0.9615384615384616
B,250,1,1750016,1,0,181,0,0.7567567567567568
B,250,1,1750017,1,0,535,0,0.7850467289719626
B,250,1,1750018,1,0,75,0,0.8666666666666667
B,250,1,1750011,1,0,184,0,0.7567567567567568
B,250,1,1750012,1,0,527,0,0.8584905660377359
B,250,1,1750013,0,0,151,0,0.7419354838709677
B,250,1,1750014,0,0,269,0,0.7777777777777778
B,250,1,1750007,0,0,87,0,0.8333333333333334
B,250,1,1750008,1,0,594,0,0.8403361344537815
B,250,1,1750009,0,0,144,0,0.9310344827586207
B,250,1,1750010,1,0,235,0,0.8723404255319149
B,250,1,1750027,0,1,600,0,0.9916666666666667
B,250,1,1750028,0,0,124,0,0.6
B,250,1,1750029,0,0,254,0,0.6666666666666666
B,250,1,1750030,0,0,291,0,0.9661016949152542
B,250,1,1750047,0,0,125,0,0.92
B,250,1,1750048,0,0,133,0,0.9629629629629629
B,250,1,1750049,1,0,247,0,0.78
B,250,1,1750050,1,0,146,0,0.8333333333333334
B,250,1,1750031,1,0,228,0,0.8478260869565217
B,250,1,1750032,0,0,101,0,0.6666666666666666
B,250,1,1750033,0,1,600,0,0.7916666666666666
B,250,1,1750034,0,0,226,0,0.9782608695652174
B,250,1,1750019,0,1,600,0,0.8166666666666667
B,250,1,1750020,1,0,365,0,0.8356164383561644
B,250,1,1750021,1,0,276,0,0.8035714285714286
B,250,1,1750022,1,0,283,0,0.8596491228070176
B,250,1,1750039,1,0,189,0,0.631578947368421
B,250,1,1750040,1,0,111,0,0.8695652173913043
B,250,1,1750041,1,0,266,0,0.9259259259259259
B,250,1,1750042,1,0,417,0,0.8452380952380952
B,250,1,1750035,1,0,338,0,0.7941176470588235
B,250,1,1750036,1,0,227,0,0.8043478260869565
B,250,1,1750037,1,0,272,0,0.8909090909090909
B,250,1,1750038,1,0,321,0,0.7692307692307693
B,250,1,1750055,0,0,95,0,0.8421052631578947
B,250,1,1750056,1,0,269,0,0.8703703703703703
B,250,1,1750057,1,0,269,0,0.7407407407407407
B,250,1,1750058,1,0,176,0,0.8888888888888888
B,250,1,1750051,1,0,173,0,0.8
B,250,1,1750052,1,0,75,0,0.8666666666666667
B,250,1,1750053,1,0,195,0,0.9230769230769231
B,250,1,1750054,1,0,301,0,0.7868852459016393
B,250,1,1750059,1,0,271,0,0.8
B,250,1,1750060,1,0,124,0,0.92
B,250,1,1750061,1,0,123,0,0.92
B,250,1,1750062,1,0,248,0,0.78
B,250,1,1750043,0,0,469,0,1.0
B,250,1,1750044,1,0,389,0,0.7948717948717948
B,250,1,1750045,1,0,90,0,0.8333333333333334
B,250,1,1750046,0,0,233,0,0.9148936170212766
B,250,1,1750063,1,0,207,0,0.8095238095238095
B,250,1,1750064,0,0,171,0,0.9142857142857143
B,250,1,1750065,1,0,194,0,0.9230769230769231
B,250,1,1750066,0,1,600,0,1.0
B,250,1,1750075,1,0,359,0,0.8055555555555556
B,250,1,1750076,1,0,201,0,0.8048780487804879
B,250,1,1750077,1,0,225,0,0.8888888888888888
B,250,1,1750078,1,0,177,0,0.8055555555555556
B,250,1,1750079,1,0,196,0,0.825
B,250,1,1750080,1,0,269,0,0.7962962962962963
B,250,1,1750081,1,0,76,0,0.875
B,250,1,1750082,1,0,269,0,0.7592592592592593
B,250,1,1750083,0,1,276,0,0.8392857142857143
B,250,1,1750084,0,0,98,0,0.8
B,250,1,1750085,0,0,348,0,0.8285714285714286
B,250,1,1750086,1,0,274,0,0.7636363636363637
B,250,1,1750095,0,0,151,0,0.8387096774193549
B,250,1,1750096,1,0,135,0,0.8888888888888888
B,250,1,1750097,0,0,115,0,0.6956521739130435
B,250,1,1750098,0,0,130,0,0.8076923076923077
B,250,1,1750071,1,0,440,0,0.75
B,250,1,1750072,1,0,222,0,0.7555555555555555
B,250,1,1750073,0,0,176,0,0.8888888888888888
B,250,1,1750074,0,1,600,0,0.9416666666666667
B,250,1,1750091,0,1,600,0,0.7583333333333333
B,250,1,1750092,1,0,546,0,0.8181818181818182
B,250,1,1750093,0,0,243,0,0.7755102040816326
B,250,1,1750094,0,0,136,0,0.8571428571428571
B,250,1,1750067,1,0,515,0,0.8543689320388349
B,250,1,1750068,1,0,582,0,0.8205128205128205
B,250,1,1750069,0,1,600,0,0.8333333333333334
B,250,1,1750070,0,1,600,0,0.9916666666666667
B,250,1,1750087,0,1,600,0,0.775
B,250,1,1750088,0,1,600,0,0.9416666666666667
B,250,1,1750089,0,0,101,0,0.9047619047619048
B,250,1,1750090,1,0,273,0,0.7636363636363637
B,250,1,1750103,1,0,221,0,0.7333333333333333
B,250,1,1750104,0,1,600,0,0.8
B,250,1,1750105,1,0,158,0,0.875
B,250,1,1750106,0,0,101,0,0.8095238095238095
B,250,1,1750111,0,0,276,0,0.8392857142857143
B,250,1,1750112,0,0,118,0,0.875
B,250,1,1750113,0,1,600,0,0.8416666666666667
B,250,1,1750114,1,0,462,0,0.7634408602150538
B,250,1,1750115,1,0,216,0,0.8409090909090909
B,250,1,1750116,1,0,253,0,0.8431372549019608
B,250,1,1750117,1,0,124,0,0.92
B,250,1,1750118,1,0,239,0,0.875
B,250,1,1750099,0,0,123,0,0.6
B,250,1,1750100,1,0,461,0,0.8172043010752689
B,250,1,1750101,1,0,471,0,0.8
B,250,1,1750102,1,0,350,0,0.7857142857142857
B,250,1,1750107,0,0,304,0,0.9344262295081968
B,250,1,1750108,0,0,226,0,1.0
B,250,1,1750109,0,1,600,0,0.9
B,250,1,1750110,1,0,228,0,0.717391304347826
B,250,1,1750123,1,0,344,0,0.855072463768116
B,250,1,1750124,1,0,136,0,0.9285714285714286
B,250,1,1750125,0,0,220,0,0.8181818181818182
B,250,1,1750126,1,0,110,0,0.8636363636363636
B,250,1,1750135,1,0,205,0,0.9024390243902439
B,250,1,1750136,0,0,149,0,0.8333333333333334
B,250,1,1750137,1,0,248,0,0.88
B,250,1,1750138,0,0,108,0,0.8636363636363636
B,250,1,1750119,1,0,222,0,0.8222222222222222
B,250,1,1750120,1,0,397,0,0.7125
B,250,1,1750121,1,0,231,0,0.851063829787234
B,250,1,1750122,0,0,347,0,0.9428571428571428
B,250,1,1750139,1,0,397,0,0.875
B,250,1,1750140,0,0,88,0,0.9444444444444444
B,250,1,1750141,0,0,273,0,0.8909090909090909
B,250,1,1750142,0,0,111,0,0.8260869565217391
B,250,1,1750131,1,0,103,0,0.8571428571428571
B,250,1,1750132,1,0,443,0,0.8089887640449438
B,250,1,1750133,1,0,598,0,0.8916666666666667
B,250,1,1750134,0,0,70,0,0.7857142857142857
B,250,1,1750127,1,0,149,0,0.8
B,250,1,1750128,0,0,97,0,0.95
B,250,1,1750129,1,0,484,0,0.865979381443299
B,250,1,1750130,1,0,496,0,0.84
B,250,1,1750147,0,0,103,0,0.9047619047619048
B,250,1,1750148,1,0,202,0,0.8048780487804879
B,250,1,1750149,1,0,439,0,0.8181818181818182
B,250,1,1750150,1,0,314,0,0.873015873015873
B,250,1,1750151,0,0,122,0,0.84
B,250,1,1750152,1,0,496,0,0.8
B,250,1,1750153,1,0,414,0,0.7710843373493976
B,250,1,1750154,0,0,143,0,0.9310344827586207
B,250,1,1750175,1,0,104,0,0.8095238095238095
B,250,1,1750176,0,0,188,0,0.7894736842105263
B,250,1,1750177,0,0,106,0,0.8636363636363636
B,250,1,1750178,0,0,243,0,0.8979591836734694
B,250,1,1750143,1,0,464,0,0.8387096774193549
B,250,1,1750144,0,0,126,0,0.7692307692307693
B,250,1,1750145,1,0,281,0,0.8771929824561403
B,250,1,1750146,1,0,296,0,0.85
B,250,1,1750155,1,0,309,0,0.9516129032258065
B,250,1,1750156,0,1,600,0,0.8416666666666667
B,250,1,1750157,1,0,232,0,0.8085106382978723
B,250,1,1750158,1,0,428,0,0.8372093023255814
B,250,1,1750163,1,0,146,0,0.9
B,250,1,1750164,1,0,340,0,0.7058823529411765
B,250,1,1750165,0,0,156,0,0.78125
B,250,1,1750166,0,0,292,0,0.9491525423728814
B,250,1,1750167,1,0,278,0,0.8214285714285714
B,250,1,1750168,1,0,121,0,0.88
B,250,1,1750169,1,0,518,0,0.8076923076923077
B,250,1,1750170,1,0,247,0,0.78
B,250,1,1750179,1,0,519,0,0.9230769230769231
B,250,1,1750180,1,0,197,0,0.85
B,250,1,1750181,0,0,203,0,1.0
B,250,1,1750182,1,0,123,0,0.72
B,250,1,1750159,0,1,600,0,0.8416666666666667
B,250,1,1750160,0,0,77,0,0.8125
B,250,1,1750161,1,0,245,0,0.8163265306122449
B,250,1,1750162,0,0,432,0,0.9770114942528736
B,250,1,1750191,0,0,294,0,0.9491525423728814
B,250,1,1750192,1,0,235,0,0.6170212765957447
B,250,1,1750193,0,0,98,0,0.85
B,250,1,1750194,0,0,99,0,0.85
B,250,1,1750183,1,0,203,0,0.8536585365853658
B,250,1,1750184,0,0,98,0,0.9
B,250,1,1750185,1,0,147,0,0.8333333333333334
B,250,1,1750186,1,0,196,0,0.9
B,250,1,1750171,0,1,600,0,0.85
B,250,1,1750172,0,1,600,0,0.8666666666666667
B,250,1,1750173,1,0,218,0,0.7727272727272727
B,250,1,1750174,0,0,109,0,0.6818181818181818
B,250,1,1750187,1,0,430,0,0.9767441860465116
B,250,1,1750188,0,0,428,0,0.8255813953488372
B,250,1,1750189,1,0,161,0,0.8181818181818182
B,250,1,1750190,0,0,153,0,0.8709677419354839
B,250,1,1750207,0,0,326,0,0.9393939393939394
B,250,1,1750208,1,0,199,0,0.85
B,250,1,1750209,0,0,179,0,0.9166666666666666
B,250,1,1750210,0,0,195,0,0.8974358974358975
B,250,1,1750223,0,0,84,0,0.8823529411764706
B,250,1,1750224,1,0,246,0,0.86
B,250,1,1750225,1,0,215,0,0.9302325581395349
B,250,1,1750226,0,0,210,0,0.8333333333333334
B,250,1,1750199,1,0,308,0,0.8709677419354839
B,250,1,1750200,0,1,600,0,0.9833333333333333
B,250,1,1750201,1,0,198,0,0.85
B,250,1,1750202,1,0,311,0,0.8888888888888888
B,250,1,1750195,0,0,301,0,0.8852459016393442
B,250,1,1750196,1,0,486,0,0.8673469387755102
B,250,1,1750197,1,0,314,0,0.8888888888888888
B,250,1,1750198,1,0,387,0,0.7307692307692307
B,250,1,1750211,1,0,371,0,0.8133333333333334
B,250,1,1750212,1,0,260,0,0.8846153846153846
B,250,1,1750213,0,1,600,0,1.0
B,250,1,1750214,1,0,147,0,0.8666666666666667
B,250,1,1750219,0,0,401,0,0.9382716049382716
B,250,1,1750220,0,0,583,0,0.8376068376068376
B,250,1,1750221,1,0,251,0,0.8431372549019608
B,250,1,1750222,1,0,538,0,0.8796296296296297
B,250,1,1750203,1,0,528,0,0.8490566037735849
B,250,1,1750204,0,0,193,0,1.0
B,250,1,1750205,1,0,402,0,0.7407407407407407
B,250,1,1750206,0,0,377,0,0.8947368421052632
B,250,1,1750215,0,0,71,0,1.0
B,250,1,1750216,0,1,600,0,0.9083333333333333
B,250,1,1750217,0,0,253,0,0.7254901960784313
B,250,1,1750218,1,0,567,0,0.8157894736842105
B,250,1,1750227,0,0,331,0,0.9701492537313433
B,250,1,1750228,1,0,199,0,0.775
B,250,1,1750229,0,1,440,0,0.8636363636363636
B,250,1,1750230,1,0,341,0,0.8405797101449275
B,250,1,1750243,0,0,177,0,0.9722222222222222
B,250,1,1750244,0,0,139,0,0.8214285714285714
B,250,1,1750245,0,0,101,0,0.8571428571428571
B,250,1,1750246,1,0,174,0,0.7714285714285715
B,250,1,1750231,1,0,122,0,0.72
B,250,1,1750232,0,0,84,0,0.7647058823529411
B,250,1,1750233,1,0,322,0,0.8615384615384616
B,250,1,1750234,1,0,315,0,0.746031746031746
B,250,1,1750247,0,0,104,0,0.7142857142857143
B,250,1,1750248,0,0,114,0,0.7391304347826086
B,250,1,1750249,1,0,346,0,0.9142857142857143
B,250,1,1750250,1,0,199,0,0.8
B,250,1,1750235,1,0,126,0,0.7692307692307693
B,250,1,1750236,1,0,397,0,0.8625
B,250,1,1750237,0,1,600,0,0.8333333333333334
B,250,1,1750238,1,0,385,0,0.7532467532467533
B,250,1,1750259,1,0,76,0,0.6875
B,250,1,1750260,1,0,155,0,0.6129032258064516
B,250,1,1750261,1,0,490,0,0.8571428571428571
B,250,1,1750262,1,0,448,0,0.8
B,250,1,1750239,1,0,374,0,0.8266666666666667
B,250,1,1750240,0,1,600,0,0.8
B,250,1,1750241,0,0,338,0,0.8676470588235294
B,250,1,1750242,1,0,264,0,0.7924528301886793
B,250,1,1750267,1,0,342,0,0.6956521739130435
B,250,1,1750268,0,0,194,0,0.9230769230769231
B,250,1,1750269,0,0,74,0,0.9333333333333333
B,250,1,1750270,1,0,377,0,0.7236842105263158
B,250,1,1750263,1,0,237,0,1.0
B,250,1,1750264,0,0,369,0,0.9459459459459459
B,250,1,1750265,1,0,526,0,0.8301886792452831
B,250,1,1750266,0,0,267,0,0.9259259259259259
B,250,1,1750251,1,0,580,0,0.7844827586206896
B,250,1,1750252,0,0,74,0,0.9333333333333333
B,250,1,1750253,1,0,565,0,0.7699115044247787
B,250,1,1750254,1,0,238,0,0.75
B,250,1,1750255,0,0,243,0,0.9387755102040817
B,250,1,1750256,1,0,197,0,0.85
B,250,1,1750257,1,0,362,0,0.8082191780821918
B,250,1,1750258,0,1,600,0,0.8416666666666667
B,250,1,1750271,0,0,282,0,0.9824561403508771
B,250,1,1750272,0,1,600,0,0.975
B,250,1,1750273,0,0,99,0,1.0
B,250,1,1750274,0,0,451,0,0.989010989010989
B,250,1,1750287,1,0,364,0,0.7945205479452054
B,250,1,1750288,1,0,339,0,0.8529411764705882
B,250,1,1750289,0,0,92,0,0.7894736842105263
B,250,1,1750290,0,0,92,0,0.8947368421052632
B,250,1,1750275,1,0,292,0,0.7796610169491526
B,250,1,1750276,0,1,600,0,0.6916666666666667
B,250,1,1750277,0,0,51,0,0.8181818181818182
B,250,1,1750278,0,1,353,0,0.8450704225352113
B,250,1,1750279,0,0,467,0,0.9787234042553191
B,250,1,1750280,0,0,126,0,0.8461538461538461
B,250,1,1750281,1,0,448,0,0.7777777777777778
B,250,1,1750282,1,0,121,0,0.84
B,250,1,1750303,1,0,198,0,0.925
B,250,1,1750304,0,0,296,0,0.8333333333333334
B,250,1,1750305,0,0,126,0,0.9230769230769231
B,250,1,1750306,0,0,96,0,0.9
B,250,1,1750291,0,0,276,0,0.9464285714285714
B,250,1,1750292,0,0,233,0,0.7659574468085106
B,250,1,1750293,0,1,600,0,0.9916666666666667
B,250,1,1750294,0,0,102,0,0.9523809523809523
B,250,1,1750295,1,0,303,0,0.7049180327868853
B,250,1,1750296,0,0,326,0,0.6818181818181818
B,250,1,1750297,1,0,299,0,0.8166666666666667
B,250,1,1750298,0,0,482,0,0.9690721649484536
B,250,1,1750283,1,0,328,0,0.8636363636363636
B,250,1,1750284,0,1,600,0,0.8333333333333334
B,250,1,1750285,1,0,342,0,0.9565217391304348
B,250,1,1750286,1,0,487,0,0.7448979591836735
B,250,1,1750307,0,0,352,0,0.7605633802816901
B,250,1,1750308,0,0,87,0,0.7222222222222222
B,250,1,1750309,0,0,201,0,0.8780487804878049
B,250,1,1750310,1,0,474,0,0.8315789473684211
B,250,1,1750299,0,0,171,0,0.9714285714285714
B,250,1,1750300,0,0,226,0,0.8478260869565217
B,250,1,1750301,1,0,212,0,0.8604651162790697
B,250,1,1750302,0,0,533,0,0.9158878504672897
B,250,1,1750311,1,0,341,0,0.8840579710144928
B,250,1,1750312,0,1,600,0,0.8333333333333334
B,250,1,1750313,1,0,202,0,0.8292682926829268
B,250,1,1750314,0,0,73,0,0.8666666666666667
B,250,1,1750319,1,0,320,0,0.859375
B,250,1,1750320,1,0,151,0,0.9032258064516129
B,250,1,1750321,1,0,427,0,0.813953488372093
B,250,1,1750322,1,0,484,0,0.8762886597938144
B,250,1,1750315,0,0,154,0,0.8387096774193549
B,250,1,1750316,0,0,71,0,0.9333333333333333
B,250,1,1750317,0,1,600,0,0.8083333333333333
B,250,1,1750318,1,0,317,0,0.9375
B,250,1,1750327,1,0,201,0,0.8536585365853658
B,250,1,1750328,1,0,197,0,0.85
B,250,1,1750329,0,0,167,0,0.8529411764705882
B,250,1,1750330,0,0,224,0,0.9777777777777777
B,250,1,1750323,0,1,600,0,0.8
B,250,1,1750324,0,0,278,0,0.75
B,250,1,1750325,0,0,201,0,0.9024390243902439
B,250,1,1750326,0,0,117,0,0.9583333333333334
B,250,1,1750331,0,1,600,0,0.9916666666666667
B,250,1,1750332,0,0,170,0,0.8529411764705882
B,250,1,1750333,1,0,368,0,0.8378378378378378
B,250,1,1750334,1,0,358,0,0.8194444444444444
B,250,1,1750355,0,0,206,0,0.7380952380952381
B,250,1,1750356,1,0,344,0,0.8115942028985508
B,250,1,1750357,0,0,66,0,0.9285714285714286
B,250,1,1750358,0,0,89,0,1.0
B,250,1,1750335,1,0,226,0,0.8043478260869565
B,250,1,1750336,0,0,137,0,0.8928571428571429
B,250,1,1750337,1,0,397,0,0.95
B,250,1,1750338,1,0,548,0,0.7909090909090909
B,250,1,1750339,1,0,514,0,0.8058252427184466
B,250,1,1750340,1,0,300,0,0.75
B,250,1,1750341,0,0,396,0,0.9625
B,250,1,1750342,0,0,301,0,0.7868852459016393
B,250,1,1750351,1,0,170,0,0.8823529411764706
B,250,1,1750352,0,0,176,0,0.7777777777777778
B,250,1,1750353,0,0,176,0,0.8888888888888888
B,250,1,1750354,0,0,326,0,0.9090909090909091
B,250,1,1750343,1,0,417,0,0.7857142857142857
B,250,1,1750344,0,1,600,0,0.7583333333333333
B,250,1,1750345,0,0,337,0,0.7941176470588235
B,250,1,1750346,0,0,126,0,0.7692307692307693
B,250,1,1750347,0,0,126,0,0.8846153846153846
B,250,1,1750348,1,0,350,0,0.8
B,250,1,1750349,0,0,174,0,0.9142857142857143
B,250,1,1750350,0,1,600,0,0.8583333333333333
B,250,1,1750359,1,0,97,0,0.65
B,250,1,1750360,0,0,201,0,0.8048780487804879
B,250,1,1750361,1,0,158,0,0.625
B,250,1,1750362,1,0,442,0,0.8426966292134831
B,250,1,1750375,1,0,193,0,0.8717948717948718
B,250,1,1750376,0,0,72,0,0.8666666666666667
B,250,1,1750377,0,1,600,0,0.7083333333333334
B,250,1,1750378,1,0,221,0,0.8666666666666667
B,250,1,1750367,0,0,226,0,0.8478260869565217
B,250,1,1750368,0,1,600,0,0.9416666666666667
B,250,1,1750369,0,0,99,0,0.95
B,250,1,1750370,0,0,117,0,0.9166666666666666
B,250,1,1750363,1,0,145,0,0.9655172413793104
B,250,1,1750364,1,0,366,0,0.8783783783783784
B,250,1,1750365,1,0,266,0,0.8333333333333334
B,250,1,1750366,1,0,352,0,0.8309859154929577
B,250,1,1750387,0,0,168,0,0.9411764705882353
B,250,1,1750388,1,0,172,0,0.8857142857142857
B,250,1,1750389,1,0,197,0,0.8
B,250,1,1750390,1,0,237,0,0.7708333333333334
B,250,1,1750371,0,0,207,0,0.8809523809523809
B,250,1,1750372,1,0,536,0,0.8148148148148148
B,250,1,1750373,1,0,360,0,0.8888888888888888
B,250,1,1750374,0,1,600,0,0.8416666666666667
B,250,1,1750391,1,0,220,0,0.9545454545454546
B,250,1,1750392,1,0,373,0,0.9733333333333334
B,250,1,1750393,1,0,300,0,0.75
B,250,1,1750394,0,0,91,0,0.8421052631578947
B,250,1,1750379,0,0,93,0,0.9473684210526315
B,250,1,1750380,0,0,284,0,0.8070175438596491
B,250,1,1750381,0,1,600,0,0.8
B,250,1,1750382,0,0,309,0,0.8548387096774194
B,250,1,1750395,0,0,411,0,0.927710843373494
B,250,1,1750396,0,0,74,0,0.9333333333333333
B,250,1,1750397,0,0,124,0,0.96
B,250,1,1750398,1,0,171,0,0.6857142857142857
B,250,1,1750383,1,0,131,0,0.8888888888888888
B,250,1,1750384,0,1,600,0,0.8
B,250,1,1750385,0,1,600,0,0.7916666666666666
B,250,1,1750386,1,0,380,0,0.868421052631579
B,250,1,1750407,1,0,121,0,0.84
B,250,1,1750408,0,0,352,0,0.9859154929577465
B,250,1,1750409,0,0,454,0,0.7692307692307693
B,250,1,1750410,0,0,99,0,0.95
B,250,1,1750411,1,0,441,0,0.8426966292134831
B,250,1,1750412,1,0,217,0,0.9090909090909091
B,250,1,1750413,1,0,53,0,0.7272727272727273
B,250,1,1750414,1,0,295,0,0.9322033898305084
B,250,1,1750399,1,0,386,0,0.8589743589743589
B,250,1,1750400,1,0,151,0,0.9032258064516129
B,250,1,1750401,1,0,275,0,0.8363636363636363
B,250,1,1750402,1,0,270,0,0.7222222222222222
B,250,1,1750403,1,0,330,0,0.7878787878787878
B,250,1,1750404,0,1,600,0,0.7666666666666667
B,250,1,1750405,0,0,176,0,0.8333333333333334
B,250,1,1750406,1,0,229,0,0.6956521739130435
B,250,1,1750419,0,0,126,0,0.8846153846153846
B,250,1,1750420,1,0,363,0,0.726027397260274
B,250,1,1750421,0,0,209,0,0.8095238095238095
B,250,1,1750422,0,0,201,0,0.6829268292682927
B,250,1,1750443,0,0,103,0,0.8095238095238095
B,250,1,1750444,0,0,64,0,0.8461538461538461
B,250,1,1750445,1,0,124,0,0.88
B,250,1,1750446,0,0,326,0,0.8939393939393939
B,250,1,1750423,1,0,177,0,0.8611111111111112
B,250,1,1750424,0,1,600,0,0.8416666666666667
B,250,1,1750425,1,0,245,0,0.8775510204081632
B,250,1,1750426,0,0,91,0,0.6842105263157895
B,250,1,1750415,1,0,341,0,0.9130434782608695
B,250,1,1750416,0,0,203,0,1.0
B,250,1,1750417,1,0,477,0,0.8125
B,250,1,1750418,1,0,581,0,0.7777777777777778
B,250,1,1750451,1,0,155,0,1.0
B,250,1,1750452,1,0,49,0,1.0
B,250,1,1750453,0,0,101,0,0.9523809523809523
B,250,1,1750454,1,0,178,0,1.0
B,250,1,1750435,0,1,276,0,0.875
B,250,1,1750436,1,0,242,0,0.7755102040816326
B,250,1,1750437,0,0,356,0,0.8333333333333334
B,250,1,1750438,0,0,119,0,0.9166666666666666
B,250,1,1750447,0,0,129,0,0.6923076923076923
B,250,1,1750448,1,0,269,0,0.8148148148148148
B,250,1,1750449,0,0,134,0,0.5555555555555556
B,250,1,1750450,1,0,354,0,0.8169014084507042
B,250,1,1750427,0,0,477,0,0.8541666666666666
B,250,1,1750428,1,0,206,0,0.9523809523809523
B,250,1,1750429,1,0,275,0,0.8181818181818182
B,250,1,1750430,1,0,459,0,0.782608695652174
B,250,1,1750439,0,0,226,0,0.9565217391304348
B,250,1,1750440,1,0,413,0,0.8192771084337349
B,250,1,1750441,1,0,267,0,0.8333333333333334
B,250,1,1750442,0,0,259,0,0.7884615384615384
B,250,1,1750431,1,0,476,0,0.9270833333333334
B,250,1,1750432,0,1,600,0,0.8416666666666667
B,250,1,1750433,1,0,472,0,0.8736842105263158
B,250,1,1750434,0,0,86,0,0.8888888888888888
B,250,1,1750455,1,0,374,0,0.8133333333333334
B,250,1,1750456,1,0,551,0,0.8468468468468469
B,250,1,1750457,1,0,134,0,0.7407407407407407
B,250,1,1750458,1,0,151,0,0.9354838709677419
B,250,1,1750463,0,0,122,0,0.92
B,250,1,1750464,1,0,193,0,1.0
B,250,1,1750465,1,0,340,0,0.8382352941176471
B,250,1,1750466,0,0,251,0,0.7647058823529411
B,250,1,1750467,0,0,101,0,0.8571428571428571
B,250,1,1750468,0,0,176,0,0.8611111111111112
B,250,1,1750469,0,0,339,0,0.9852941176470589
B,250,1,1750470,0,0,91,0,0.9473684210526315
B,250,1,1750475,1,0,145,0,0.896551724137931
B,250,1,1750476,1,0,326,0,0.8484848484848485
B,250,1,1750477,0,0,171,0,0.8571428571428571
B,250,1,1750478,1,0,178,0,0.75
B,250,1,1750459,1,0,126,0,0.8076923076923077
B,250,1,1750460,0,0,185,0,0.972972972972973
B,250,1,1750461,0,0,266,0,0.9814814814814815
B,250,1,1750462,0,1,600,0,0.9166666666666666
B,250,1,1750499,0,0,76,0,0.9375
B,250,1,1750471,1,0,336,0,0.8970588235294118
B,250,1,1750472,1,0,472,0,0.7368421052631579
B,250,1,1750473,0,1,600,0,0.8583333333333333
B,250,1,1750474,0,0,104,0,0.8095238095238095
B,250,1,1750495,1,0,197,0,0.975
B,250,1,1750496,0,0,161,0,0.7575757575757576
B,250,1,1750497,1,0,247,0,0.88
B,250,1,1750498,0,1,600,0,0.9916666666666667
B,250,1,1750483,1,0,152,0,0.7419354838709677
B,250,1,1750484,0,1,600,0,1.0
B,250,1,1750485,0,0,274,0,0.7818181818181819
B,250,1,1750486,1,0,124,0,0.88
B,250,1,1750487,1,0,382,0,0.8441558441558441
B,250,1,1750488,1,0,310,0,0.8870967741935484
B,250,1,1750489,1,0,345,0,0.8405797101449275
B,250,1,1750490,0,0,557,0,0.9464285714285714
B,250,1,1750479,1,0,575,0,0.808695652173913
B,250,1,1750480,1,0,233,0,0.7021276595744681
B,250,1,1750481,0,0,107,0,0.9090909090909091
B,250,1,1750482,0,1,600,0,0.8333333333333334
B,250,1,1750491,1,0,166,0,0.8235294117647058
B,250,1,1750492,0,1,600,0,0.9666666666666667
B,250,1,1750493,1,0,301,0,0.8360655737704918
B,250,1,1750494,0,1,600,0,0.9916666666666667
NC,0,1,1750000,0,0,105,0,0.8571428571428571
NC,0,1,1750001,1,0,100,0,0.95
NC,0,1,1750002,1,0,122,0,0.8
NC,0,1,1750003,1,0,93,0,0.7368421052631579
NC,0,1,1750004,1,0,95,0,0.7894736842105263
NC,0,1,1750005,1,0,175,0,0.7714285714285715
NC,0,1,1750006,1,0,112,0,0.7391304347826086
NC,0,1,1750007,1,0,99,0,0.9
NC,0,1,1750024,1,0,70,0,0.9285714285714286
NC,0,1,1750025,1,0,119,0,0.9166666666666666
NC,0,1,1750026,0,0,82,0,0.8823529411764706
NC,0,1,1750027,1,0,378,0,0.881578947368421
NC,0,1,1750020,1,0,187,0,0.868421052631579
NC,0,1,1750021,1,0,269,0,0.8518518518518519
NC,0,1,1750022,1,0,82,0,0.7058823529411765
NC,0,1,1750023,0,0,151,0,0.7096774193548387
NC,0,1,1750008,1,0,98,0,0.85
NC,0,1,1750009,1,0,155,0,0.8064516129032258
NC,0,1,1750010,1,0,560,0,0.9910714285714286
NC,0,1,1750011,1,0,187,0,0.6842105263157895
NC,0,1,1750036,1,0,232,0,0.9148936170212766
NC,0,1,1750037,0,0,127,0,1.0
NC,0,1,1750038,1,0,158,0,0.6875
NC,0,1,1750039,1,0,112,0,0.782608695652174
NC,0,1,1750028,0,1,600,0,0.9916666666666667
NC,0,1,1750029,1,0,98,0,1.0
NC,0,1,1750030,0,0,471,0,0.9789473684210527
NC,0,1,1750031,1,0,122,0,1.0
NC,0,1,1750012,0,0,126,0,1.0
NC,0,1,1750013,1,0,132,0,0.9629629629629629
NC,0,1,1750014,0,1,600,0,0.8916666666666667
NC,0,1,1750015,1,0,301,0,0.8032786885245902
NC,0,1,1750044,1,0,92,0,0.9473684210526315
NC,0,1,1750045,0,0,210,0,0.8095238095238095
NC,0,1,1750046,1,0,128,0,0.9230769230769231
NC,0,1,1750047,0,0,350,0,0.9714285714285714
NC,0,1,1750016,0,1,600,0,0.975
NC,0,1,1750017,1,0,252,0,0.803921568627451
NC,0,1,1750018,1,0,101,0,0.9047619047619048
NC,0,1,1750019,1,0,177,0,0.9722222222222222
NC,0,1,1750052,0,0,151,0,0.9354838709677419
NC,0,1,1750053,1,0,119,0,0.9166666666666666
NC,0,1,1750054,1,0,125,0,0.8
NC,0,1,1750055,1,0,133,0,0.7777777777777778
NC,0,1,1750048,1,0,228,0,0.9347826086956522
NC,0,1,1750049,1,0,135,0,0.8148148148148148
NC,0,1,1750050,1,0,99,0,0.85
NC,0,1,1750051,1,0,98,0,0.9
NC,0,1,1750060,1,0,122,0,1.0
NC,0,1,1750061,0,0,155,0,0.6451612903225806
NC,0,1,1750062,1,0,124,0,0.88
NC,0,1,1750063,1,0,108,0,0.8636363636363636
NC,0,1,1750056,1,0,98,0,0.85
NC,0,1,1750057,1,0,98,0,0.9
NC,0,1,1750058,1,0,107,0,0.8636363636363636
NC,0,1,1750059,1,0,307,0,0.967741935483871
NC,0,1,1750072,1,0,146,0,0.9333333333333333
NC,0,1,1750073,1,0,84,0,0.7647058823529411
NC,0,1,1750074,1,0,121,0,0.84
NC,0,1,1750075,1,0,167,0,0.6470588235294118
NC,0,1,1750080,1,0,97,0,0.9
NC,0,1,1750081,1,0,98,0,0.95
NC,0,1,1750082,0,0,122,0,0.92
NC,0,1,1750083,1,0,129,0,1.0
NC,0,1,1750040,0,0,142,0,0.8620689655172413
NC,0,1,1750041,0,0,276,0,0.875
NC,0,1,1750042,1,0,104,0,0.9523809523809523
NC,0,1,1750043,0,1,600,0,0.9916666666666667
NC,0,1,1750068,0,1,600,0,0.9916666666666667
NC,0,1,1750069,0,0,231,0,0.6170212765957447
NC,0,1,1750070,0,0,151,0,0.9354838709677419
NC,0,1,1750071,1,0,102,0,0.8095238095238095
NC,0,1,1750092,1,0,122,0,0.96
NC,0,1,1750093,1,0,112,0,0.9130434782608695
NC,0,1,1750094,0,0,75,0,0.6666666666666666
NC,0,1,1750095,1,0,100,0,1.0
NC,0,1,1750032,1,0,168,0,0.8823529411764706
NC,0,1,1750033,0,1,600,0,0.9833333333333333
NC,0,1,1750034,0,0,101,0,0.8095238095238095
NC,0,1,1750035,0,1,600,0,0.9916666666666667
NC,0,1,1750064,0,1,600,0,0.8416666666666667
NC,0,1,1750065,1,0,220,0,0.7272727272727273
NC,0,1,1750066,1,0,175,0,0.8
NC,0,1,1750067,1,0,138,0,0.7857142857142857
NC,0,1,1750108,1,0,75,0,0.9333333333333333
NC,0,1,1750109,1,0,92,0,0.9473684210526315
NC,0,1,1750110,1,0,164,0,0.9090909090909091
NC,0,1,1750111,1,0,74,0,0.8666666666666667
NC,0,1,1750088,1,0,74,0,0.8666666666666667
NC,0,1,1750089,0,1,600,0,0.75
NC,0,1,1750090,1,0,81,0,0.9411764705882353
NC,0,1,1750091,1,0,74,0,0.9333333333333333
NC,0,1,1750076,0,1,600,0,0.9666666666666667
NC,0,1,1750077,1,0,93,0,0.9473684210526315
NC,0,1,1750078,1,0,232,0,0.8297872340425532
NC,0,1,1750079,0,0,76,0,0.875
NC,0,1,1750100,0,0,255,0,0.8431372549019608
NC,0,1,1750101,1,0,155,0,0.9032258064516129
NC,0,1,1750102,1,0,64,0,0.8461538461538461
NC,0,1,1750103,1,0,122,0,0.84
NC,0,1,1750104,0,0,104,0,1.0
NC,0,1,1750105,1,0,129,0,0.8461538461538461
NC,0,1,1750106,1,0,107,0,0.8181818181818182
NC,0,1,1750107,1,0,301,0,0.9836065573770492
NC,0,1,1750112,0,0,142,0,0.8275862068965517
NC,0,1,1750113,1,0,75,0,0.9333333333333333
NC,0,1,1750114,1,0,250,0,0.74
NC,0,1,1750115,1,0,200,0,0.9
NC,0,1,1750096,1,0,75,0,0.8
NC,0,1,1750097,0,0,188,0,0.8421052631578947
NC,0,1,1750098,0,1,600,0,0.9916666666666667
NC,0,1,1750099,1,0,95,0,0.7368421052631579
NC,0,1,1750116,1,0,99,0,0.85
NC,0,1,1750117,1,0,200,0,0.9
NC,0,1,1750118,1,0,170,0,0.7352941176470589
NC,0,1,1750119,0,0,173,0,0.9142857142857143
NC,0,1,1750084,1,0,570,0,0.6403508771929824
NC,0,1,1750085,1,0,123,0,0.88
NC,0,1,1750086,1,0,99,0,0.75
NC,0,1,1750087,0,1,600,0,0.775
NC,0,1,1750124,0,0,102,0,0.7619047619047619
NC,0,1,1750125,1,0,304,0,0.7540983606557377
NC,0,1,1750126,1,0,111,0,0.8260869565217391
NC,0,1,1750127,1,0,100,0,1.0
NC,0,1,1750128,0,1,600,0,0.9833333333333333
NC,0,1,1750129,1,0,101,0,0.9047619047619048
NC,0,1,1750130,0,0,81,0,0.9411764705882353
NC,0,1,1750131,1,0,139,0,0.9285714285714286
NC,0,1,1750132,1,0,85,0,0.9411764705882353
NC,0,1,1750133,0,1,600,0,0.8
NC,0,1,1750134,1,0,83,0,0.7647058823529411
NC,0,1,1750135,1,0,158,0,0.71875
NC,0,1,1750152,1,0,229,0,0.7608695652173914
NC,0,1,1750153,1,0,127,0,0.9230769230769231
NC,0,1,1750154,1,0,122,0,0.76
NC,0,1,1750155,1,0,158,0,0.90625
NC,0,1,1750144,1,0,60,0,0.9166666666666666
NC,0,1,1750145,0,1,600,0,0.9833333333333333
NC,0,1,1750146,1,0,68,0,1.0
NC,0,1,1750147,1,0,115,0,0.9130434782608695
NC,0,1,1750136,1,0,133,0,0.8888888888888888
NC,0,1,1750137,1,0,98,0,0.8
NC,0,1,1750138,0,1,600,0,0.9666666666666667
NC,0,1,1750139,1,0,129,0,0.7692307692307693
NC,0,1,1750120,1,0,113,0,0.9565217391304348
NC,0,1,1750121,0,0,123,0,0.96
NC,0,1,1750122,0,1,600,0,0.9333333333333333
NC,0,1,1750123,0,0,124,0,0.92
NC,0,1,1750148,1,0,514,0,0.9514563106796117
NC,0,1,1750149,1,0,94,0,0.9473684210526315
NC,0,1,1750150,1,0,247,0,0.78
NC,0,1,1750151,1,0,211,0,0.8837209302325582
NC,0,1,1750168,1,0,121,0,0.96
NC,0,1,1750169,0,0,112,0,0.9130434782608695
NC,0,1,1750170,1,0,62,0,1.0
NC,0,1,1750171,1,0,97,0,0.9
NC,0,1,1750176,1,0,73,0,0.8666666666666667
NC,0,1,1750177,1,0,144,0,0.9310344827586207
NC,0,1,1750178,1,0,70,0,0.7857142857142857
NC,0,1,1750179,1,0,152,0,0.8064516129032258
NC,0,1,1750164,1,0,99,0,0.75
NC,0,1,1750165,0,0,82,0,0.8235294117647058
NC,0,1,1750166,1,0,196,0,0.825
NC,0,1,1750167,1,0,245,0,0.7959183673469388
NC,0,1,1750160,1,0,118,0,1.0
NC,0,1,1750161,1,0,99,0,0.9
NC,0,1,1750162,0,0,194,0,0.6923076923076923
NC,0,1,1750163,1,0,345,0,0.6956521739130435
NC,0,1,1750180,0,0,146,0,0.9
NC,0,1,1750181,1,0,127,0,0.8076923076923077
NC,0,1,1750182,1,0,75,0,0.9333333333333333
NC,0,1,1750183,1,0,129,0,0.7307692307692307
NC,0,1,1750156,0,0,56,0,1.0
NC,0,1,1750157,1,0,155,0,0.7741935483870968
NC,0,1,1750158,0,1,600,0,0.9
NC,0,1,1750159,1,0,109,0,0.9090909090909091
NC,0,1,1750192,1,0,60,0,0.8333333333333334
NC,0,1,1750193,1,0,113,0,0.9130434782608695
NC,0,1,1750194,1,0,126,0,0.9230769230769231
NC,0,1,1750195,1,0,97,0,0.75
NC,0,1,1750200,1,0,177,0,0.7777777777777778
NC,0,1,1750201,1,0,117,0,0.7916666666666666
NC,0,1,1750202,0,0,97,0,0.8
NC,0,1,1750203,1,0,202,0,0.926829268292683
NC,0,1,1750208,0,0,139,0,0.8214285714285714
NC,0,1,1750209,1,0,118,0,0.9166666666666666
NC,0,1,1750210,1,0,122,0,0.88
NC,0,1,1750211,1,0,116,0,0.9166666666666666
NC,0,1,1750172,0,0,131,0,0.9259259259259259
NC,0,1,1750173,1,0,98,0,0.85
NC,0,1,1750174,1,0,202,0,0.7804878048780488
NC,0,1,1750175,0,1,600,0,0.6666666666666666
NC,0,1,1750204,1,0,268,0,0.8888888888888888
NC,0,1,1750205,0,0,106,0,0.9545454545454546
NC,0,1,1750206,0,0,128,0,0.6923076923076923
NC,0,1,1750207,1,0,122,0,0.92
NC,0,1,1750196,1,0,252,0,0.8431372549019608
NC,0,1,1750197,1,0,196,0,0.775
NC,0,1,1750198,1,0,204,0,0.8292682926829268
NC,0,1,1750199,1,0,119,0,0.625
NC,0,1,1750220,1,0,74,0,0.9333333333333333
NC,0,1,1750221,1,0,75,0,0.8666666666666667
NC,0,1,1750222,0,0,105,0,0.8571428571428571
NC,0,1,1750223,1,0,73,0,0.8
NC,0,1,1750188,1,0,71,0,0.9333333333333333
NC,0,1,1750189,0,0,260,0,0.8653846153846154
NC,0,1,1750190,1,0,141,0,0.7586206896551724
NC,0,1,1750191,1,0,551,0,0.7567567567567568
NC,0,1,1750232,1,0,74,0,0.7333333333333333
NC,0,1,1750233,1,0,168,0,0.9705882352941176
NC,0,1,1750234,1,0,92,0,0.8421052631578947
NC,0,1,1750235,1,0,98,0,0.9
NC,0,1,1750140,1,0,451,0,0.7032967032967034
NC,0,1,1750141,1,0,121,0,0.92
NC,0,1,1750142,0,1,600,0,0.975
NC,0,1,1750143,0,1,600,0,0.9916666666666667
NC,0,1,1750184,0,0,147,0,0.9666666666666667
NC,0,1,1750185,0,1,600,0,1.0
NC,0,1,1750186,1,0,97,0,0.85
NC,0,1,1750187,0,0,98,0,0.8
NC,0,1,1750212,1,0,100,0,0.8
NC,0,1,1750213,0,1,600,0,0.9916666666666667
NC,0,1,1750214,1,0,118,0,1.0
NC,0,1,1750215,1,0,159,0,0.78125
NC,0,1,1750228,1,0,110,0,0.9545454545454546
NC,0,1,1750229,1,0,128,0,0.9230769230769231
NC,0,1,1750230,1,0,91,0,1.0
NC,0,1,1750231,1,0,343,0,0.9420289855072463
NC,0,1,1750248,0,0,159,0,0.875
NC,0,1,1750249,1,0,96,0,1.0
NC,0,1,1750250,1,0,116,0,0.9583333333333334
NC,0,1,1750251,1,0,146,0,0.8333333333333334
NC,0,1,1750256,1,0,64,0,0.8461538461538461
NC,0,1,1750257,0,0,99,0,0.75
NC,0,1,1750258,1,0,78,0,0.8125
NC,0,1,1750259,1,0,97,0,0.9
NC,0,1,1750216,1,0,417,0,0.9880952380952381
NC,0,1,1750217,0,0,128,0,1.0
NC,0,1,1750218,0,0,273,0,0.6
NC,0,1,1750219,1,0,74,0,0.8666666666666667
NC,0,1,1750240,0,0,225,0,0.8888888888888888
NC,0,1,1750241,1,0,193,0,0.7435897435897436
NC,0,1,1750242,0,0,201,0,0.6585365853658537
NC,0,1,1750243,1,0,99,0,0.9
NC,0,1,1750264,1,0,71,0,0.9333333333333333
NC,0,1,1750265,1,0,139,0,0.8928571428571429
NC,0,1,1750266,1,0,127,0,0.8846153846153846
NC,0,1,1750267,1,0,97,0,0.9
NC,0,1,1750224,1,0,98,0,1.0
NC,0,1,1750225,0,1,600,0,0.9916666666666667
NC,0,1,1750226,0,0,189,0,0.8947368421052632
NC,0,1,1750227,1,0,121,0,0.92
NC,0,1,1750272,1,0,119,0,0.9583333333333334
NC,0,1,1750273,0,0,114,0,0.9565217391304348
NC,0,1,1750274,1,0,104,0,0.8571428571428571
NC,0,1,1750275,1,0,91,0,0.8947368421052632
NC,0,1,1750276,1,0,97,0,0.85
NC,0,1,1750277,1,0,114,0,1.0
NC,0,1,1750278,1,0,77,0,1.0
NC,0,1,1750279,0,0,166,0,0.6764705882352942
NC,0,1,1750244,1,0,117,0,0.875
NC,0,1,1750245,1,0,125,0,0.8
NC,0,1,1750246,0,1,600,0,0.9916666666666667
NC,0,1,1750247,1,0,50,0,0.8
NC,0,1,1750236,0,1,600,0,1.0
NC,0,1,1750237,1,0,76,0,0.6875
NC,0,1,1750238,0,0,153,0,0.9032258064516129
NC,0,1,1750239,0,1,600,0,0.6
NC,0,1,1750280,1,0,106,0,1.0
NC,0,1,1750281,1,0,70,0,0.7857142857142857
NC,0,1,1750282,1,0,134,0,0.8148148148148148
NC,0,1,1750283,1,0,133,0,0.8148148148148148
NC,0,1,1750260,1,0,198,0,0.9
NC,0,1,1750261,1,0,160,0,0.9375
NC,0,1,1750262,1,0,97,0,0.9
NC,0,1,1750263,0,1,600,0,0.975
NC,0,1,1750288,1,0,161,0,0.9090909090909091
NC,0,1,1750289,1,0,102,0,0.9047619047619048
NC,0,1,1750290,1,0,80,0,0.8125
NC,0,1,1750291,1,0,97,0,0.95
NC,0,1,1750268,0,0,144,0,0.896551724137931
NC,0,1,1750269,1,0,127,0,0.9230769230769231
NC,0,1,1750270,1,0,69,0,0.8571428571428571
NC,0,1,1750271,0,1,600,0,0.975
NC,0,1,1750252,0,1,600,0,0.9833333333333333
NC,0,1,1750253,1,0,98,0,0.8
NC,0,1,1750254,1,0,175,0,0.9428571428571428
NC,0,1,1750255,0,0,117,0,0.8333333333333334
NC,0,1,1750296,1,0,193,0,0.9487179487179487
NC,0,1,1750297,1,0,100,0,0.95
NC,0,1,1750298,1,0,74,0,0.8666666666666667
NC,0,1,1750299,1,0,230,0,0.9130434782608695
NC,0,1,1750308,1,0,99,0,0.75
NC,0,1,1750309,1,0,74,0,0.8666666666666667
NC,0,1,1750310,0,0,176,0,0.8333333333333334
NC,0,1,1750311,1,0,95,0,0.7894736842105263
NC,0,1,1750292,1,0,335,0,0.7910447761194029
NC,0,1,1750293,1,0,186,0,0.7631578947368421
NC,0,1,1750294,1,0,97,0,0.95
NC,0,1,1750295,1,0,147,0,0.9333333333333333
NC,0,1,1750304,0,0,272,0,0.9454545454545454
NC,0,1,1750305,1,0,97,0,1.0
NC,0,1,1750306,1,0,172,0,0.9428571428571428
NC,0,1,1750307,1,0,98,0,0.95
NC,0,1,1750284,1,0,64,0,0.9230769230769231
NC,0,1,1750285,1,0,94,0,0.8421052631578947
NC,0,1,1750286,0,1,600,0,0.9833333333333333
NC,0,1,1750287,0,0,286,0,0.9482758620689655
NC,0,1,1750316,1,0,120,0,0.8333333333333334
NC,0,1,1750317,1,0,97,0,0.95
NC,0,1,1750318,1,0,74,0,0.8666666666666667
NC,0,1,1750319,1,0,180,0,0.8333333333333334
NC,0,1,1750320,0,0,181,0,0.8648648648648649
NC,0,1,1750321,1,0,109,0,0.9545454545454546
NC,0,1,1750322,1,0,216,0,0.7727272727272727
NC,0,1,1750323,1,0,124,0,0.56
NC,0,1,1750300,1,0,98,0,0.9
NC,0,1,1750301,1,0,212,0,0.7906976744186046
NC,0,1,1750302,1,0,130,0,0.9615384615384616
NC,0,1,1750303,0,1,600,0,0.975
NC,0,1,1750336,0,0,100,0,0.95
NC,0,1,1750337,1,0,102,0,0.9523809523809523
NC,0,1,1750338,1,0,122,0,0.96
NC,0,1,1750339,0,0,322,0,0.9538461538461539
NC,0,1,1750312,1,0,199,0,0.825
NC,0,1,1750313,0,1,600,0,1.0
NC,0,1,1750314,1,0,126,0,0.7307692307692307
NC,0,1,1750315,1,0,67,0,0.7142857142857143
NC,0,1,1750344,1,0,242,0,0.8775510204081632
NC,0,1,1750345,1,0,109,0,0.9090909090909091
NC,0,1,1750346,1,0,114,0,1.0
NC,0,1,1750347,1,0,99,0,0.85
NC,0,1,1750348,1,0,61,0,0.9230769230769231
NC,0,1,1750349,1,0,287,0,0.6551724137931034
NC,0,1,1750350,1,0,180,0,0.9722222222222222
NC,0,1,1750351,1,0,108,0,0.9545454545454546
NC,0,1,1750328,1,0,115,0,0.8260869565217391
NC,0,1,1750329,1,0,154,0,0.8387096774193549
NC,0,1,1750330,0,0,142,0,1.0
NC,0,1,1750331,0,0,526,0,0.8679245283018868
NC,0,1,1750324,1,0,140,0,0.8928571428571429
NC,0,1,1750325,1,0,103,0,0.8571428571428571
NC,0,1,1750326,0,1,600,0,0.9583333333333334
NC,0,1,1750327,1,0,76,0,0.75
NC,0,1,1750340,1,0,113,0,0.9565217391304348
NC,0,1,1750341,1,0,113,0,0.8695652173913043
NC,0,1,1750342,1,0,551,0,0.5765765765765766
NC,0,1,1750343,1,0,104,0,1.0
NC,0,1,1750352,1,0,98,0,0.95
NC,0,1,1750353,1,0,115,0,0.8695652173913043
NC,0,1,1750354,0,0,181,0,0.8918918918918919
NC,0,1,1750355,1,0,123,0,0.68
NC,0,1,1750332,0,1,600,0,0.575
NC,0,1,1750333,1,0,98,0,0.85
NC,0,1,1750334,0,0,77,0,0.75
NC,0,1,1750335,1,0,125,0,0.64
NC,0,1,1750360,1,0,145,0,0.8620689655172413
NC,0,1,1750361,1,0,120,0,0.9583333333333334
NC,0,1,1750362,1,0,69,0,0.9285714285714286
NC,0,1,1750363,1,0,138,0,1.0
NC,0,1,1750372,1,0,122,0,0.88
NC,0,1,1750373,1,0,118,0,0.7916666666666666
NC,0,1,1750374,1,0,160,0,0.9375
NC,0,1,1750375,1,0,75,0,0.8666666666666667
NC,0,1,1750364,1,0,112,0,0.8695652173913043
NC,0,1,1750365,0,0,137,0,1.0
NC,0,1,1750366,0,0,252,0,0.7843137254901961
NC,0,1,1750367,1,0,62,0,0.9230769230769231
NC,0,1,1750356,1,0,147,0,0.9333333333333333
NC,0,1,1750357,1,0,79,0,0.8125
NC,0,1,1750358,1,0,273,0,0.8909090909090909
NC,0,1,1750359,1,0,333,0,0.6716417910447762
NC,0,1,1750376,1,0,242,0,0.8979591836734694
NC,0,1,1750377,1,0,90,0,0.9444444444444444
NC,0,1,1750378,0,0,148,0,0.8
NC,0,1,1750379,1,0,355,0,0.8732394366197183
NC,0,1,1750384,1,0,146,0,0.9
NC,0,1,1750385,1,0,146,0,0.8666666666666667
NC,0,1,1750386,1,0,208,0,0.7142857142857143
NC,0,1,1750387,1,0,230,0,0.6739130434782609
NC,0,1,1750368,1,0,151,0,0.8064516129032258
NC,0,1,1750369,0,1,600,0,0.975
NC,0,1,1750370,1,0,102,0,0.9047619047619048
NC,0,1,1750371,1,0,49,0,0.7
NC,0,1,1750380,0,1,600,0,0.9916666666666667
NC,0,1,1750381,1,0,119,0,0.7916666666666666
NC,0,1,1750382,1,0,98,0,0.9
NC,0,1,1750383,1,0,120,0,0.8333333333333334
NC,0,1,1750396,0,0,172,0,0.9714285714285714
NC,0,1,1750397,1,0,108,0,0.9090909090909091
NC,0,1,1750398,1,0,98,0,0.95
NC,0,1,1750399,1,0,176,0,0.7777777777777778
NC,0,1,1750412,1,0,74,0,0.8666666666666667
NC,0,1,1750413,1,0,98,0,0.95
NC,0,1,1750414,1,0,118,0,0.7083333333333334
NC,0,1,1750415,0,0,171,0,0.8857142857142857
NC,0,1,1750392,1,0,441,0,0.8651685393258427
NC,0,1,1750393,1,0,111,0,0.9565217391304348
NC,0,1,1750394,0,0,238,0,1.0
NC,0,1,1750395,1,0,138,0,0.75
NC,0,1,1750420,1,0,98,0,0.95
NC,0,1,1750421,1,0,173,0,0.8857142857142857
NC,0,1,1750422,1,0,77,0,1.0
NC,0,1,1750423,1,0,135,0,0.7407407407407407
NC,0,1,1750400,1,0,98,0,0.85
NC,0,1,1750401,1,0,96,0,0.95
NC,0,1,1750402,0,1,600,0,0.6416666666666667
NC,0,1,1750403,1,0,103,0,0.7142857142857143
NC,0,1,1750432,1,0,73,0,0.8666666666666667
NC,0,1,1750433,1,0,99,0,0.95
NC,0,1,1750434,1,0,75,0,0.6
NC,0,1,1750435,1,0,139,0,0.8571428571428571
NC,0,1,1750388,0,1,600,0,0.8416666666666667
NC,0,1,1750389,1,0,155,0,0.8709677419354839
NC,0,1,1750390,1,0,363,0,0.8767123287671232
NC,0,1,1750391,1,0,210,0,0.8333333333333334
NC,0,1,1750424,0,0,141,0,0.9310344827586207
NC,0,1,1750425,1,0,204,0,0.8292682926829268
NC,0,1,1750426,1,0,96,0,0.85
NC,0,1,1750427,1,0,148,0,0.8666666666666667
NC,0,1,1750416,0,0,90,0,0.9444444444444444
NC,0,1,1750417,0,1,600,0,0.975
NC,0,1,1750418,1,0,108,0,0.9090909090909091
NC,0,1,1750419,1,0,137,0,1.0
NC,0,1,1750440,1,0,100,0,0.8
NC,0,1,1750441,1,0,98,0,0.9
NC,0,1,1750442,1,0,96,0,0.85
NC,0,1,1750443,1,0,124,0,0.88
NC,0,1,1750408,1,0,253,0,0.9019607843137255
NC,0,1,1750409,0,1,600,0,0.9666666666666667
NC,0,1,1750410,0,0,358,0,0.9583333333333334
NC,0,1,1750411,1,0,97,0,1.0
NC,0,1,1750448,1,0,95,0,0.8947368421052632
NC,0,1,1750449,1,0,179,0,0.6666666666666666
NC,0,1,1750450,0,0,73,0,0.9333333333333333
NC,0,1,1750451,1,0,132,0,0.8518518518518519
NC,0,1,1750456,1,0,94,0,0.9473684210526315
NC,0,1,1750457,1,0,76,0,0.8125
NC,0,1,1750458,0,0,122,0,0.88
NC,0,1,1750459,1,0,98,0,0.95
NC,0,1,1750452,0,0,145,0,0.9655172413793104
NC,0,1,1750453,1,0,148,0,0.9
NC,0,1,1750454,1,0,175,0,0.8285714285714286
NC,0,1,1750455,1,0,98,0,0.95
NC,0,1,1750444,1,0,142,0,0.896551724137931
NC,0,1,1750445,1,0,347,0,0.8142857142857143
NC,0,1,1750446,1,0,74,0,0.9333333333333333
NC,0,1,1750447,1,0,265,0,0.5660377358490566
NC,0,1,1750428,0,1,600,0,0.9916666666666667
NC,0,1,1750429,1,0,125,0,0.88
NC,0,1,1750430,0,0,130,0,0.8461538461538461
NC,0,1,1750431,1,0,66,0,0.8571428571428571
NC,0,1,1750436,0,0,103,0,0.8095238095238095
NC,0,1,1750437,1,0,106,0,0.7727272727272727
NC,0,1,1750438,1,0,231,0,0.8936170212765957
NC,0,1,1750439,0,1,600,0,0.9916666666666667
NC,0,1,1750472,1,0,185,0,0.7837837837837838
NC,0,1,1750473,1,0,171,0,0.7714285714285715
NC,0,1,1750474,1,0,94,0,0.8421052631578947
NC,0,1,1750475,1,0,98,0,0.95
NC,0,1,1750404,0,1,600,0,0.9833333333333333
NC,0,1,1750405,1,0,223,0,0.6666666666666666
NC,0,1,1750406,0,1,600,0,0.8166666666666667
NC,0,1,1750407,1,0,501,0,0.9306930693069307
NC,0,1,1750476,1,0,94,0,0.7894736842105263
NC,0,1,1750477,0,0,320,0,0.890625
NC,0,1,1750478,1,0,104,0,0.8095238095238095
NC,0,1,1750479,1,0,65,0,0.8461538461538461
NC,0,1,1750484,1,0,128,0,0.8461538461538461
NC,0,1,1750485,1,0,142,0,0.6896551724137931
NC,0,1,1750486,1,0,100,0,0.7
NC,0,1,1750487,1,0,76,0,0.9375
NC,0,1,1750464,0,0,96,0,0.6
NC,0,1,1750465,1,0,74,0,0.8
NC,0,1,1750466,0,1,600,0,0.9916666666666667
NC,0,1,1750467,1,0,184,0,0.8648648648648649
NC,0,1,1750468,0,0,226,0,0.8478260869565217
NC,0,1,1750469,0,1,600,0,0.9333333333333333
NC,0,1,1750470,1,0,99,0,0.7
NC,0,1,1750471,1,0,125,0,0.84
NC,0,1,1750480,1,0,125,0,0.92
NC,0,1,1750481,0,0,445,0,0.8764044943820225
NC,0,1,1750482,1,0,78,0,0.9375
NC,0,1,1750483,1,0,103,0,0.7142857142857143
NC,0,1,1750488,1,0,52,0,0.8181818181818182
NC,0,1,1750489,1,0,171,0,0.7428571428571429
NC,0,1,1750490,0,0,298,0,0.9666666666666667
NC,0,1,1750491,1,0,135,0,0.7777777777777778
NC,0,1,1750460,0,1,600,0,0.9833333333333333
NC,0,1,1750461,1,0,128,0,0.9615384615384616
NC,0,1,1750462,1,0,241,0,0.7142857142857143
NC,0,1,1750463,1,0,98,0,0.95
NC,0,1,1750492,1,0,119,0,0.9166666666666666
NC,0,1,1750493,0,0,145,0,1.0
NC,0,1,1750494,1,0,123,0,0.88
NC,0,1,1750495,0,1,600,0,0.975
NC,0,1,1750496,0,1,600,0,0.9916666666666667
NC,0,1,1750497,1,0,117,0,0.9166666666666666
NC,0,1,1750498,1,0,98,0,0.9
NC,0,1,1750499,1,0,98,0,0.85
